image,red_intensity,green_intensity,blue_intensity,texture,edge_density,disease
BBC00001.jpg,171.7890125,207.8151203125,185.9454921875,21.35758269665531,0.1917546875,Bacterial Blight
BBC00002.jpg,197.472615625,212.8505953125,187.8261640625,30.002128430736246,0.0174640625,Bacterial Blight
BBC00003.jpg,195.7972390625,216.390415625,181.6659625,19.19190741736212,0.083775,Bacterial Blight
BBC00004.jpg,194.52798125,218.112290625,176.74721875,18.480468560388328,0.0507234375,Bacterial Blight
BBC00005.jpg,179.4188609375,189.8807890625,171.0586640625,25.931056857059648,0.0308125,Bacterial Blight
BBC00006.jpg,187.75003125,204.869384375,172.3952234375,32.76915994107608,0.0208640625,Bacterial Blight
BBC00007.jpg,185.7054609375,195.7749828125,167.4520390625,36.63909319224001,0.01341875,Bacterial Blight
BBC00008.jpg,177.544434375,201.7481515625,185.6370515625,33.56511131874936,0.20655625,Bacterial Blight
BBC00009.jpg,206.3722109375,225.8881671875,193.17749375,15.844912850644807,0.019940625,Bacterial Blight
BBC00010.jpg,193.8833359375,212.008378125,176.377028125,26.5351162736777,0.007221875,Bacterial Blight
BBC00011.jpg,173.7335375,179.6782,150.8379515625,45.261689089158075,0.0056,Bacterial Blight
BBC00012.jpg,178.2412484375,186.9912328125,154.4377765625,48.07732697494832,0.0052421875,Bacterial Blight
BBC00013.jpg,204.5623671875,225.433653125,196.106403125,16.475417860585463,0.0205890625,Bacterial Blight
BBC00014.jpg,191.09245,203.7080390625,175.7828234375,41.328137345533335,0.0016109375,Bacterial Blight
BBC00015.jpg,184.320140625,198.5599265625,164.534134375,34.644186024328505,0.012065625,Bacterial Blight
BBC00016.jpg,197.318675,214.030034375,194.808959375,35.889618630690734,0.02054375,Bacterial Blight
BBC00017.jpg,192.34724375,211.0964328125,174.5936453125,26.648687999769884,0.010159375,Bacterial Blight
BBC00018.jpg,197.610471875,222.3352015625,185.24990625,12.365030229367868,0.0007375,Bacterial Blight
BBC00019.jpg,187.482671875,203.6696296875,170.4152921875,35.74604157076808,0.0074515625,Bacterial Blight
BBC00020.jpg,199.23220625,217.8464578125,193.0739109375,21.698072666659456,0.011859375,Bacterial Blight
BBC00021.jpg,195.9212796875,211.0639125,178.046578125,32.34962153999873,0.002078125,Bacterial Blight
BBC00022.jpg,187.3214953125,201.154853125,147.8104734375,19.428767602771416,0.0354359375,Bacterial Blight
BBC00023.jpg,180.3470765625,183.227628125,159.5113296875,36.820295436031714,0.0147390625,Bacterial Blight
BBC00024.jpg,194.25269375,210.2192546875,179.1081734375,33.265855137909746,0.0060859375,Bacterial Blight
BBC00025.jpg,164.2092453125,164.4488828125,129.7658890625,46.31969811296445,0.0259453125,Bacterial Blight
BBC00026.jpg,191.918565625,217.0022015625,177.078946875,18.084329675381614,0.0787484375,Bacterial Blight
BBC00027.jpg,189.292696875,203.007634375,154.7192125,20.10494450824083,0.0369265625,Bacterial Blight
BBC00028.jpg,179.7625515625,190.7237703125,151.4637859375,35.16082132708801,0.06326875,Bacterial Blight
BBC00029.jpg,185.647053125,197.3598453125,166.8383359375,25.669813383025886,0.0148890625,Bacterial Blight
BBC00030.jpg,200.5531,215.3104890625,186.6526390625,18.44200564591981,0.0154046875,Bacterial Blight
BBC00031.jpg,196.4951171875,216.7914453125,184.7278796875,26.807276491657003,0.0049046875,Bacterial Blight
BBC00032.jpg,189.0827125,198.839271875,179.07903125,38.95440083763876,0.0289671875,Bacterial Blight
BBC00033.jpg,189.0880796875,202.11564375,176.063884375,34.27430285976137,0.0728140625,Bacterial Blight
BBC00034.jpg,191.3804578125,204.5152796875,170.6447515625,23.98917884627859,0.001709375,Bacterial Blight
BBC00035.jpg,185.5506078125,186.0405640625,159.335934375,42.04839434501656,0.021728125,Bacterial Blight
BBC00036.jpg,169.991584375,193.451725,176.5276859375,39.8034468821934,0.1510828125,Bacterial Blight
BBC00037.jpg,159.140284375,179.2170375,157.6650640625,43.47506334162281,0.1259828125,Bacterial Blight
BBC00038.jpg,181.4259328125,212.9184484375,186.898053125,24.258915772294177,0.1315390625,Bacterial Blight
BBC00039.jpg,176.1028390625,199.333584375,171.90209375,29.242097682724697,0.1012015625,Bacterial Blight
BBC00040.jpg,183.2685390625,208.6118265625,187.8195625,36.62365499200747,0.0988890625,Bacterial Blight
BBC00041.jpg,166.9281,186.4393046875,168.046234375,43.40736487010017,0.099953125,Bacterial Blight
BBC00042.jpg,180.59860625,205.3363140625,181.2502703125,29.048105997335885,0.0926046875,Bacterial Blight
BBC00043.jpg,174.41481875,183.097009375,161.1953109375,48.56027258891046,0.044146875,Bacterial Blight
BBC00044.jpg,193.788559375,212.756509375,188.914603125,19.08982677961691,0.0488109375,Bacterial Blight
BBC00045.jpg,175.2264140625,185.302165625,168.9050515625,42.088841044192115,0.140746875,Bacterial Blight
BBC00046.jpg,176.80431875,200.358021875,178.2537609375,23.626093331513246,0.155846875,Bacterial Blight
BBC00047.jpg,173.5991265625,200.31894375,177.2901265625,23.14093181334754,0.051215625,Bacterial Blight
BBC00048.jpg,193.3811859375,213.8120453125,176.3020390625,23.408388333287494,0.007409375,Bacterial Blight
BBC00049.jpg,133.6256078125,154.8594046875,130.697634375,51.758883102927356,0.137778125,Bacterial Blight
BBC00050.jpg,139.6916734375,153.8490109375,134.630578125,64.78252539231131,0.064153125,Bacterial Blight
BBC00051.jpg,131.142475,144.7399546875,104.40805,37.686331754164684,0.0830234375,Bacterial Blight
BBC00052.jpg,138.5957609375,154.389159375,129.6096234375,53.725116930422566,0.10051875,Bacterial Blight
BBC00053.jpg,130.9320625,150.6733921875,145.3771125,75.57960089753357,0.04971875,Bacterial Blight
BBC00054.jpg,135.246640625,156.718175,149.6393125,72.88723255019718,0.0477140625,Bacterial Blight
BBC00055.jpg,140.483490625,167.090271875,176.0301515625,71.66182536719803,0.0450109375,Bacterial Blight
BBC00056.jpg,111.8431109375,126.66685,111.35234375,55.55702496890475,0.0426875,Bacterial Blight
BBC00057.jpg,116.2843703125,135.35355,136.134615625,71.56720401690839,0.0200625,Bacterial Blight
BBC00058.jpg,109.3326703125,125.07654375,105.4528078125,68.54469438254547,0.0847765625,Bacterial Blight
BBC00059.jpg,105.76720625,120.1001421875,110.4952515625,65.52999073426048,0.0275140625,Bacterial Blight
BBC00060.jpg,139.7138046875,158.61575,135.8895265625,51.00785392279669,0.1709375,Bacterial Blight
BBC00061.jpg,147.65995,167.2849765625,150.998946875,55.63050392391997,0.14436875,Bacterial Blight
BBC00062.jpg,134.03593125,151.8754921875,113.7227765625,43.88724935010663,0.055475,Bacterial Blight
BBC00063.jpg,135.8691328125,156.4189328125,135.350825,55.76555734596196,0.119640625,Bacterial Blight
BBC00064.jpg,139.3012609375,156.5490265625,126.040796875,50.99257772969882,0.1197703125,Bacterial Blight
BBC00065.jpg,139.8483796875,158.324459375,139.4264265625,51.26364555374823,0.061221875,Bacterial Blight
BBC00066.jpg,147.766003125,165.64596875,147.993253125,49.242675848458774,0.0906875,Bacterial Blight
BBC00067.jpg,113.8197984375,131.7058078125,102.3494921875,47.8547152504262,0.0491984375,Bacterial Blight
BBC00068.jpg,122.4832703125,144.1087625,132.9446796875,51.77435393672832,0.0336640625,Bacterial Blight
BBC00069.jpg,129.66179375,152.41350625,151.4508015625,51.45843059937716,0.0220984375,Bacterial Blight
BBC00070.jpg,134.9507140625,158.0747421875,169.5282671875,52.112258415830695,0.0112578125,Bacterial Blight
BBC00071.jpg,106.322128125,125.45504375,115.1300703125,65.72734155340024,0.0166265625,Bacterial Blight
BBC00072.jpg,115.51279375,135.48959375,127.242765625,66.97403021750034,0.0252703125,Bacterial Blight
BBC00073.jpg,119.4272421875,136.323678125,122.5292765625,66.26525998483557,0.022425,Bacterial Blight
BBC00074.jpg,110.4644765625,124.6281734375,110.2903015625,68.80853344483761,0.00549375,Bacterial Blight
BBC00075.jpg,155.47674375,163.9465203125,135.705828125,47.32166125737725,0.0119078125,Bacterial Blight
BBC00076.jpg,135.9952296875,145.5663609375,92.0442921875,45.54728971172774,0.0063875,Bacterial Blight
BBC00077.jpg,150.553365625,160.2278046875,124.0562578125,48.097516560827266,0.00913125,Bacterial Blight
BBC00078.jpg,138.1107390625,148.0893796875,101.70000625,45.15995118861169,0.0098171875,Bacterial Blight
BBC00079.jpg,121.0200078125,130.7693765625,68.333228125,35.05564408038435,0.023828125,Bacterial Blight
BBC00080.jpg,128.4205609375,136.545546875,100.9066890625,47.910497363281145,0.00561875,Bacterial Blight
BBC00081.jpg,139.488725,147.093571875,101.9081921875,47.53305611060747,0.0038,Bacterial Blight
BBC00082.jpg,132.6518875,141.704084375,82.794603125,40.91469329578357,0.006134375,Bacterial Blight
BBC00083.jpg,123.675278125,132.539796875,69.1353296875,34.42073367805949,0.00785,Bacterial Blight
BBC00084.jpg,141.237765625,151.538515625,113.110415625,49.17634320871397,0.004821875,Bacterial Blight
BBC00085.jpg,135.947340625,146.6598125,93.7055421875,43.890102919719965,0.006628125,Bacterial Blight
BBC00086.jpg,136.6065421875,147.6762359375,91.9183609375,40.39409936344157,0.003509375,Bacterial Blight
BBC00087.jpg,154.3807703125,162.5591265625,135.4908109375,47.50388474857088,0.0130796875,Bacterial Blight
BBC00088.jpg,147.834084375,156.5342890625,119.6644984375,49.266237050411725,0.015953125,Bacterial Blight
BBC00089.jpg,156.4674734375,164.6439265625,132.905790625,47.281019428427285,0.007253125,Bacterial Blight
BBC00090.jpg,153.6823890625,161.7625703125,132.4508890625,46.91563547814182,0.006934375,Bacterial Blight
BBC00091.jpg,157.667203125,162.8483375,135.732359375,60.26212013696782,0.008584375,Bacterial Blight
BBC00092.jpg,144.1657796875,149.072609375,115.0762515625,62.11830993552866,0.007621875,Bacterial Blight
BBC00093.jpg,168.8155703125,174.7803703125,150.7188,64.41801638336392,0.006796875,Bacterial Blight
BBC00094.jpg,128.7668109375,134.77030625,85.5377984375,57.73411991833956,0.0080046875,Bacterial Blight
BBC00095.jpg,122.1179875,126.26715625,76.012828125,54.42733447836091,0.0072828125,Bacterial Blight
BBC00096.jpg,121.84435,123.9528125,58.443365625,42.48790617816649,0.0063546875,Bacterial Blight
BBC00097.jpg,130.4560546875,133.9696265625,85.2703609375,55.01343790167723,0.003578125,Bacterial Blight
BBC00098.jpg,147.71506875,153.9840703125,114.6070203125,62.68731659654431,0.00735625,Bacterial Blight
BBC00099.jpg,146.3005171875,148.862415625,112.022103125,61.53550712505015,0.0220078125,Bacterial Blight
BBC00100.jpg,157.5324203125,160.59935,132.1991671875,62.61868476680833,0.0256421875,Bacterial Blight
BBC00101.jpg,141.565753125,145.6534390625,110.9120625,66.60762100769165,0.0143015625,Bacterial Blight
BBC00102.jpg,144.4047828125,148.7738171875,120.6193703125,62.41642837346089,0.010296875,Bacterial Blight
BBC00103.jpg,143.63655625,147.413259375,131.806221875,62.24027953977422,0.0105328125,Bacterial Blight
BBC00104.jpg,146.368609375,151.071171875,127.9316875,60.72152477920199,0.014978125,Bacterial Blight
BBC00105.jpg,148.476390625,152.2256390625,129.116990625,63.865571403378745,0.0125125,Bacterial Blight
BBC00106.jpg,152.4501046875,156.3531953125,126.1384484375,63.734403870064554,0.0152515625,Bacterial Blight
BBC00107.jpg,154.2342515625,157.9856078125,133.373203125,64.36229583490358,0.0237796875,Bacterial Blight
BBC00108.jpg,141.6934359375,146.1155859375,108.4218765625,65.43680923691018,0.0388578125,Bacterial Blight
BBC00109.jpg,156.8985171875,174.9486984375,138.9871140625,61.21937642062229,0.0539421875,Bacterial Blight
BBC00110.jpg,138.0070390625,156.2443515625,121.765859375,57.10201537263015,0.1557265625,Bacterial Blight
BBC00111.jpg,109.7994609375,134.387971875,79.3868390625,47.38320983481775,0.2316703125,Bacterial Blight
BBC00112.jpg,108.5009390625,132.2960703125,79.8604078125,42.3588337230031,0.1440765625,Bacterial Blight
BBC00113.jpg,159.0302515625,176.4564703125,136.6476125,63.46529567777936,0.156896875,Bacterial Blight
BBC00114.jpg,153.0612578125,171.7519109375,133.08163125,63.91531832894088,0.075453125,Bacterial Blight
BBC00115.jpg,140.2650953125,158.1426828125,128.1967109375,62.990312321836434,0.0879046875,Bacterial Blight
BBC00116.jpg,157.2626078125,171.9530515625,141.992675,72.97034623433241,0.0608703125,Bacterial Blight
BBC00117.jpg,140.7586140625,158.8613265625,126.6550796875,62.04183614941704,0.084496875,Bacterial Blight
BBC00118.jpg,134.039525,151.3127359375,115.6845078125,66.57321807969561,0.0921953125,Bacterial Blight
BBC00119.jpg,140.7374140625,158.176559375,125.2080453125,62.33266806929644,0.0604625,Bacterial Blight
BBC00120.jpg,159.119271875,170.9533671875,133.7096609375,51.50855960419194,0.149375,Bacterial Blight
BBC00121.jpg,133.36264375,145.06289375,111.3544875,63.84395555287447,0.0376015625,Bacterial Blight
BBC00122.jpg,132.2561859375,145.9020296875,103.832771875,57.622243864164034,0.0648546875,Bacterial Blight
BBC00123.jpg,156.5628421875,168.1495859375,135.659125,49.50949271248432,0.06355,Bacterial Blight
BBC00124.jpg,129.4899171875,143.8812765625,97.2366109375,43.539816525971645,0.0875078125,Bacterial Blight
BBC00125.jpg,131.07471875,145.4543484375,99.3627859375,48.66680989270535,0.2087078125,Bacterial Blight
BBC00126.jpg,122.102215625,139.504525,84.8424703125,44.366016698387284,0.259721875,Bacterial Blight
BBC00127.jpg,132.9055390625,149.929378125,84.7855625,43.42320685219834,0.3462359375,Bacterial Blight
BBC00128.jpg,154.64865,171.3848484375,127.6237796875,56.189738913431576,0.05338125,Bacterial Blight
BBC00129.jpg,126.03978125,146.477221875,92.8316828125,56.28567366805582,0.1408359375,Bacterial Blight
BBC00130.jpg,136.474575,155.6489140625,109.4457796875,60.293857957480654,0.13619375,Bacterial Blight
BBC00131.jpg,120.7351359375,141.890340625,88.540453125,63.316549764105496,0.20699375,Bacterial Blight
BBC00132.jpg,105.4080265625,129.922384375,63.135928125,47.87752822489771,0.24399375,Bacterial Blight
BBC00133.jpg,125.6069328125,147.74603125,93.3775359375,57.388646122336965,0.1698796875,Bacterial Blight
BBC00134.jpg,124.7478375,147.2893109375,92.4200171875,58.58962580456865,0.1490390625,Bacterial Blight
BBC00135.jpg,130.52721875,148.6861,88.1150640625,44.47769512522297,0.2348359375,Bacterial Blight
BBC00136.jpg,137.30639375,154.179965625,100.3525265625,49.910244764442126,0.16426875,Bacterial Blight
BBC00137.jpg,141.9152015625,158.2683640625,103.70780625,45.62399423686815,0.17973125,Bacterial Blight
BBC00138.jpg,144.74124375,157.82846875,113.70279375,44.35067944095838,0.0912140625,Bacterial Blight
BBC00139.jpg,141.8258515625,155.453640625,112.97185,55.22781075700081,0.051759375,Bacterial Blight
BBC00140.jpg,144.85555625,158.1642984375,119.506578125,61.785478942168865,0.07039375,Bacterial Blight
BBC00141.jpg,130.2948109375,143.42220625,100.0672390625,58.19792125189513,0.066971875,Bacterial Blight
BBC00142.jpg,128.7206421875,142.4484953125,100.0669859375,58.614342710722255,0.0979296875,Bacterial Blight
BBC00143.jpg,138.2474328125,151.951146875,110.24034375,60.89200388963441,0.1010765625,Bacterial Blight
BBC00144.jpg,133.5669734375,148.966190625,92.3875046875,39.868205749928876,0.0051046875,Bacterial Blight
BBC00145.jpg,149.0682171875,156.921796875,111.52898125,45.176992479774,0.1145859375,Bacterial Blight
BBC00146.jpg,143.3234125,151.137371875,110.8343140625,47.92932948799297,0.13515625,Bacterial Blight
BBC00147.jpg,149.9850453125,158.6854015625,112.9383734375,33.95267872608217,0.0079890625,Bacterial Blight
BBC00148.jpg,154.24298125,162.9262671875,126.7725109375,47.850608983266284,0.1846,Bacterial Blight
BBC00149.jpg,139.41239375,151.3607796875,117.7927765625,41.65804347537422,0.026221875,Bacterial Blight
BBC00150.jpg,131.71315625,142.6852375,88.7679828125,43.26818360048177,0.1016953125,Bacterial Blight
BBC00151.jpg,143.7676421875,152.302578125,112.457,57.69747277466645,0.11719375,Bacterial Blight
BBC00152.jpg,137.469659375,146.8481703125,100.4382109375,43.78045706639526,0.1177390625,Bacterial Blight
BBC00153.jpg,151.295996875,160.667525,109.8657109375,36.60467518044877,0.15998125,Bacterial Blight
BBC00154.jpg,142.6237046875,152.48641875,107.9994875,45.11215988188968,0.1305625,Bacterial Blight
BBC00155.jpg,141.230378125,150.780821875,128.455375,64.90068816505516,0.0160546875,Bacterial Blight
BBC00156.jpg,142.3425203125,152.0312359375,125.703521875,59.97987785873802,0.0314828125,Bacterial Blight
BBC00157.jpg,122.758759375,133.338390625,85.80160625,43.35591454566048,0.0918734375,Bacterial Blight
BBC00158.jpg,136.5340453125,144.461075,98.4473140625,58.62208619359595,0.0669859375,Bacterial Blight
BBC00159.jpg,131.12048125,140.2050125,103.488890625,41.047493736514646,0.0477390625,Bacterial Blight
BBC00160.jpg,153.741184375,164.6743296875,114.127665625,31.164522814648134,0.0269890625,Bacterial Blight
BBC00161.jpg,123.19509375,131.4678703125,81.0627890625,41.59461146769607,0.0489578125,Bacterial Blight
BBC00162.jpg,150.1671609375,163.3674234375,136.066490625,44.64634233649319,0.048459375,Bacterial Blight
BBC00163.jpg,142.9643265625,165.8425625,121.0739078125,57.03499742338236,0.023875,Bacterial Blight
BBC00164.jpg,122.3501671875,145.238434375,89.89045,57.324741310023306,0.0231328125,Bacterial Blight
BBC00165.jpg,126.4775734375,149.472515625,103.2295375,58.02638746245172,0.0376265625,Bacterial Blight
BBC00166.jpg,135.00580625,154.4039578125,112.598240625,57.79908133503833,0.0530078125,Bacterial Blight
BBC00167.jpg,126.9092984375,146.1330453125,105.8358421875,74.64927402469996,0.0132390625,Bacterial Blight
BBC00168.jpg,104.668015625,133.576796875,73.5073421875,55.25385066869342,0.0499484375,Bacterial Blight
BBC00169.jpg,104.6049453125,130.253265625,70.303628125,62.29509551072125,0.043584375,Bacterial Blight
BBC00170.jpg,137.52374375,154.4544515625,107.408615625,49.57588819788683,0.0966328125,Bacterial Blight
BBC00171.jpg,111.6040734375,129.5218953125,73.7036890625,55.014805947882024,0.0052859375,Bacterial Blight
BBC00172.jpg,116.3711125,135.7798453125,73.450146875,52.20206665557283,0.0029328125,Bacterial Blight
BBC00173.jpg,121.836234375,139.0547890625,85.6689265625,52.85505232764152,0.0156765625,Bacterial Blight
BBC00174.jpg,129.339725,145.9472546875,94.0071390625,53.210586872752806,0.0425921875,Bacterial Blight
BBC00175.jpg,118.3268265625,135.88633125,86.3844421875,54.96676994631478,0.02314375,Bacterial Blight
BBC00176.jpg,118.0938265625,132.794325,94.529378125,47.548450190159656,0.022259375,Bacterial Blight
BBC00177.jpg,127.9374078125,145.1510734375,99.988121875,62.45745755340392,0.0139265625,Bacterial Blight
BBC00178.jpg,114.6897234375,133.139928125,82.738415625,45.42294506611815,0.1040484375,Bacterial Blight
BBC00179.jpg,148.9058640625,166.74028125,124.6207703125,45.21216328116079,0.0678234375,Bacterial Blight
BBC00180.jpg,113.4561921875,131.5779375,78.5590734375,48.12209528341836,0.1528953125,Bacterial Blight
BBC00181.jpg,127.6464265625,141.8878703125,106.2727609375,51.46255400985817,0.07054375,Bacterial Blight
BBC00182.jpg,115.2344390625,133.011696875,82.9247265625,55.14669000461185,0.0492375,Bacterial Blight
BBC00183.jpg,161.469034375,172.6928640625,118.843365625,51.94757802165119,0.0532546875,Bacterial Blight
BBC00184.jpg,147.962059375,160.9686875,100.0832328125,51.82586262464026,0.0356625,Bacterial Blight
BBC00185.jpg,118.36085,131.372884375,73.546803125,47.39468578851606,0.0321796875,Bacterial Blight
BBC00186.jpg,120.521740625,131.507796875,80.3942125,55.66730606709066,0.0380625,Bacterial Blight
BBC00187.jpg,126.9974515625,137.7246203125,92.0001484375,59.280691079484775,0.02368125,Bacterial Blight
BBC00188.jpg,122.3821609375,135.566178125,73.91346875,52.534885784099956,0.0279890625,Bacterial Blight
BBC00189.jpg,117.850284375,132.5115265625,68.0199625,53.73323047926642,0.06566875,Bacterial Blight
BBC00190.jpg,143.9648703125,157.3045234375,83.0203546875,48.9621975035269,0.0904328125,Bacterial Blight
BBC00191.jpg,112.52060625,128.5878171875,48.6173046875,44.43906545059928,0.0237671875,Bacterial Blight
BBC00192.jpg,135.009090625,146.1500078125,101.1628265625,60.130415239660394,0.0301109375,Bacterial Blight
BBC00193.jpg,154.6356703125,163.8348984375,125.008965625,42.81077590694118,0.030309375,Bacterial Blight
BBC00194.jpg,141.56810625,152.9900640625,103.9925828125,47.41744198972589,0.106196875,Bacterial Blight
BBC00195.jpg,150.0761375,161.5058046875,112.4335640625,42.073633288575174,0.09188125,Bacterial Blight
BBC00196.jpg,147.4037109375,157.3152796875,119.954615625,45.75242137744596,0.0567640625,Bacterial Blight
BBC00197.jpg,143.3451453125,154.2010859375,105.8801984375,49.209495237993664,0.0709765625,Bacterial Blight
BBC00198.jpg,140.059825,150.2613265625,111.5644953125,53.58314396072319,0.0333453125,Bacterial Blight
BBC00199.jpg,147.1879890625,156.2249078125,121.079553125,47.002276449208004,0.025546875,Bacterial Blight
BBC00200.jpg,154.206084375,164.5688265625,121.8308515625,46.1281391857741,0.062459375,Bacterial Blight
BBC00201.jpg,162.2514,172.680628125,136.2440890625,42.51295801646671,0.0412390625,Bacterial Blight
BBC00202.jpg,162.436053125,175.6377984375,144.1060421875,37.405927534635,0.014575,Bacterial Blight
BBC00203.jpg,134.875665625,158.1859484375,115.8329109375,59.11528206636238,0.0392578125,Bacterial Blight
BBC00204.jpg,119.919053125,142.3596609375,87.92583125,54.494020350199044,0.0620546875,Bacterial Blight
BBC00205.jpg,91.894275,119.01286875,54.810375,45.03046036147947,0.0331265625,Bacterial Blight
BBC00206.jpg,105.3203703125,128.955825,81.8355359375,70.75755139672759,0.012459375,Bacterial Blight
BBC00207.jpg,122.46760625,145.791703125,97.1568,68.53671135188455,0.0384890625,Bacterial Blight
BBC00208.jpg,103.46793125,127.3779171875,69.05300625,63.26273155600005,0.0478078125,Bacterial Blight
BBC00209.jpg,110.2288609375,133.971646875,80.831315625,56.26621554421763,0.0479859375,Bacterial Blight
BBC00210.jpg,112.8830890625,133.0268203125,95.74126875,73.7109632630585,0.0274625,Bacterial Blight
BBC00211.jpg,127.62898125,147.4568484375,114.5262984375,72.65362471854569,0.0133421875,Bacterial Blight
BBC00212.jpg,117.3735890625,142.5863171875,82.2895078125,51.31810816266531,0.0,Bacterial Blight
BBC00213.jpg,139.3340484375,156.59079375,103.104646875,42.18247714601852,0.0477984375,Bacterial Blight
BBC00214.jpg,122.39359375,137.6038078125,92.2488953125,45.484330568974244,0.016128125,Bacterial Blight
BBC00215.jpg,116.3134015625,137.47873125,66.46503125,35.31820627600074,0.2368921875,Bacterial Blight
BBC00216.jpg,127.1765453125,145.737228125,90.7432828125,54.140630139601136,0.126440625,Bacterial Blight
BBC00217.jpg,141.901453125,156.929653125,112.1101015625,45.630735462950355,0.000775,Bacterial Blight
BBC00218.jpg,136.0520015625,151.176878125,103.07290625,51.366933603182304,0.101640625,Bacterial Blight
BBC00219.jpg,130.82053125,148.7333453125,93.3025234375,39.80934712227193,0.0102671875,Bacterial Blight
BBC00220.jpg,131.64395,151.77153125,98.2678109375,41.63637042437559,0.0590234375,Bacterial Blight
BBC00221.jpg,115.202565625,134.5004421875,80.569159375,51.198528801548186,0.0064421875,Bacterial Blight
BBC00222.jpg,147.7154703125,165.62029375,138.6251546875,55.568043142773604,0.0656828125,Bacterial Blight
BBC00223.jpg,133.8931765625,142.8223921875,113.0073875,64.55645770551158,0.1073328125,Bacterial Blight
BBC00224.jpg,112.8211046875,121.785046875,90.89486875,60.927140299043366,0.1060984375,Bacterial Blight
BBC00225.jpg,94.9630375,112.035725,61.59433125,32.00557433697429,0.10118125,Bacterial Blight
BBC00226.jpg,132.929096875,147.5350859375,115.6133328125,33.71145004890739,0.191246875,Bacterial Blight
BBC00227.jpg,104.948996875,119.3887734375,78.8721203125,63.31240280471268,0.08530625,Bacterial Blight
BBC00228.jpg,103.824671875,118.1729671875,72.2579015625,51.80773396436578,0.048784375,Bacterial Blight
BBC00229.jpg,128.9059890625,142.7477875,113.948425,60.864671457244796,0.0449390625,Bacterial Blight
BBC00230.jpg,150.53424375,160.5635,133.717884375,65.65566631775847,0.05148125,Bacterial Blight
BBC00231.jpg,145.187284375,155.3798015625,130.7296234375,73.29790585629709,0.036134375,Bacterial Blight
BBC00232.jpg,108.330184375,123.736346875,86.53906875,54.92316299721218,0.0449765625,Bacterial Blight
BBC00233.jpg,99.9108703125,112.784034375,76.8382875,50.69134593917387,0.0392359375,Bacterial Blight
BBC00234.jpg,126.89575,144.7652796875,118.72678125,52.37545964530845,0.075553125,Bacterial Blight
BBC00235.jpg,104.1604125,118.50255625,92.5817453125,54.880389859988135,0.022725,Bacterial Blight
BBC00236.jpg,107.2661890625,119.565678125,89.179490625,58.986590053212424,0.035578125,Bacterial Blight
BBC00237.jpg,140.65395,152.5265875,117.094325,48.634178546873166,0.0724640625,Bacterial Blight
BBC00238.jpg,140.231340625,153.1999078125,116.6335515625,51.2538010635743,0.0932078125,Bacterial Blight
BBC00239.jpg,130.93821875,144.3702359375,110.1909921875,44.578564705975246,0.0711828125,Bacterial Blight
BBC00240.jpg,122.2493140625,132.5989984375,97.7997515625,47.49629723146343,0.0330265625,Bacterial Blight
BBC00241.jpg,128.357159375,138.4093078125,101.4639578125,52.016048230616704,0.0806265625,Bacterial Blight
BBC00242.jpg,134.5437953125,145.9231046875,117.5357015625,46.7624956113394,0.0588984375,Bacterial Blight
BBC00243.jpg,123.3852125,133.2200125,101.3926,48.781619503756275,0.047128125,Bacterial Blight
BBC00244.jpg,128.1443203125,136.3733578125,93.554390625,52.9909690722199,0.0790453125,Bacterial Blight
BBC00245.jpg,136.58483125,146.748921875,103.4047390625,30.859144657965494,0.2069609375,Bacterial Blight
BBC00246.jpg,131.6631046875,139.018690625,108.66828125,55.190137667206194,0.1637828125,Bacterial Blight
BBC00247.jpg,122.7460984375,130.5869171875,90.7549515625,50.567962770664685,0.2413140625,Bacterial Blight
BBC00248.jpg,151.94798125,161.6894375,120.188396875,33.905552672736775,0.1584046875,Bacterial Blight
BBC00249.jpg,113.2574609375,123.4313359375,75.9547,38.409954191558654,0.17235625,Bacterial Blight
BBC00250.jpg,181.2659671875,197.460225,159.118821875,31.810107107447095,0.071740625,Bacterial Blight
CV00001.jpg,153.1970265625,160.717321875,128.9755453125,26.792222959459245,0.0204296875,Curl Virus
CV00002.jpg,149.3618140625,150.0427296875,121.7832,24.360417113788785,0.011134375,Curl Virus
CV00003.jpg,142.56585625,149.6225609375,112.869175,31.338074655330793,0.0299546875,Curl Virus
CV00004.jpg,147.842428125,159.0134421875,121.3043234375,27.641131890737793,0.0274515625,Curl Virus
CV00005.jpg,158.5838609375,160.2600875,126.2042234375,26.528852218959287,0.010778125,Curl Virus
CV00006.jpg,154.855015625,164.47910625,128.832609375,26.492211882209684,0.017265625,Curl Virus
CV00007.jpg,150.1585375,153.9331765625,121.9180359375,25.745354079491623,0.018034375,Curl Virus
CV00008.jpg,151.6555296875,154.3701890625,124.2458859375,29.745790263180005,0.0176796875,Curl Virus
CV00009.jpg,141.190071875,139.7269625,113.813253125,32.83391817562611,0.0066828125,Curl Virus
CV00010.jpg,149.172553125,158.8970359375,125.2288078125,28.06661672092965,0.0317796875,Curl Virus
CV00011.jpg,142.2810875,155.0367703125,115.0490140625,30.70128183309401,0.0483875,Curl Virus
CV00012.jpg,151.4149734375,162.0815515625,120.5524828125,25.896590941902076,0.0282921875,Curl Virus
CV00013.jpg,143.0897,149.6656484375,109.42061875,25.701655167771534,0.009,Curl Virus
CV00014.jpg,138.7296859375,145.272128125,112.7008625,29.686388179928098,0.0208296875,Curl Virus
CV00015.jpg,142.72220625,153.6771921875,114.4870375,30.757923250849586,0.0217234375,Curl Virus
CV00016.jpg,146.620446875,141.7514703125,124.39595,26.066956650516605,0.0085328125,Curl Virus
CV00017.jpg,138.4211234375,158.811421875,116.9363234375,30.542984746011122,0.051584375,Curl Virus
CV00018.jpg,136.501684375,164.6381203125,121.4191171875,32.57008785239374,0.0343265625,Curl Virus
CV00019.jpg,149.2477671875,171.5052234375,133.655209375,25.96345431601696,0.0170375,Curl Virus
CV00020.jpg,144.1743171875,165.8953078125,132.763340625,28.09100305853042,0.0203140625,Curl Virus
CV00021.jpg,146.4453734375,167.4211234375,134.6828,26.27504721827825,0.0148609375,Curl Virus
CV00022.jpg,148.41676875,164.086109375,132.0165015625,26.444315564883023,0.0173890625,Curl Virus
CV00023.jpg,139.6838484375,166.4103703125,133.2088,28.636275275455045,0.010440625,Curl Virus
CV00024.jpg,137.129921875,167.7310640625,139.186709375,28.66433687121817,0.0093421875,Curl Virus
CV00025.jpg,135.61715,167.52830625,137.444340625,28.795140486747982,0.0061828125,Curl Virus
CV00026.jpg,124.02451875,155.6218140625,129.662490625,30.75759166839536,0.00430625,Curl Virus
CV00027.jpg,125.6629953125,156.308765625,129.30676875,31.455648910976006,0.0235984375,Curl Virus
CV00028.jpg,128.2910875,173.185203125,117.652815625,27.23984986849419,0.0273078125,Curl Virus
CV00029.jpg,138.8811890625,163.607325,117.3628078125,27.250298026633196,0.0322625,Curl Virus
CV00030.jpg,139.3498984375,160.382928125,114.0724296875,25.263324404285395,0.0142375,Curl Virus
CV00031.jpg,148.92436875,166.329190625,138.039134375,31.74982344838569,0.01260625,Curl Virus
CV00032.jpg,124.139021875,157.32114375,119.37509375,33.87299410763073,0.0123921875,Curl Virus
CV00033.jpg,143.7103703125,157.50701875,133.4060078125,44.09392856865153,0.0109359375,Curl Virus
CV00034.jpg,174.35258125,180.53553125,164.3478625,32.46724500060295,0.0079234375,Curl Virus
CV00035.jpg,162.6554203125,171.26400625,151.170578125,42.48049698362047,0.0113421875,Curl Virus
CV00036.jpg,162.79366875,170.055078125,151.5539421875,40.819549514167214,0.010775,Curl Virus
CV00037.jpg,177.0873890625,180.759071875,168.6525703125,34.577018045135034,0.024046875,Curl Virus
CV00038.jpg,141.512746875,145.314984375,123.3417671875,49.59099835917323,0.0098390625,Curl Virus
CV00039.jpg,161.758715625,166.109953125,150.6165609375,37.99175663639999,0.00633125,Curl Virus
CV00040.jpg,164.5065828125,170.900840625,150.450959375,42.15605737674568,0.014875,Curl Virus
CV00041.jpg,178.51706875,184.238515625,166.8588015625,34.26422736975247,0.0041125,Curl Virus
CV00042.jpg,162.332603125,168.2620140625,153.5071484375,40.78886586626466,0.0391140625,Curl Virus
CV00043.jpg,179.73843125,194.060121875,164.80435,34.276507295904736,0.0078890625,Curl Virus
CV00044.jpg,167.7782828125,179.3915203125,160.4360578125,36.615692673563395,0.02930625,Curl Virus
CV00045.jpg,159.89310625,167.23939375,151.3769203125,50.94895504383799,0.0164390625,Curl Virus
CV00046.jpg,105.4498140625,113.26978125,94.4753,49.37371870667323,0.015725,Curl Virus
CV00047.jpg,187.7069265625,204.806425,178.59534375,30.363141335924546,0.00238125,Curl Virus
CV00048.jpg,110.81599375,118.080475,98.6287546875,56.22767745917041,0.0144546875,Curl Virus
CV00049.jpg,180.659090625,186.1974671875,171.5815109375,32.62171714825956,0.00818125,Curl Virus
CV00050.jpg,76.5967359375,82.5747421875,50.4470078125,33.40989707420866,0.0012578125,Curl Virus
CV00051.jpg,158.9848984375,169.7280171875,145.17415625,39.94506263911047,0.0004328125,Curl Virus
CV00052.jpg,157.9207328125,172.7843453125,146.526034375,35.28806248414663,0.0132390625,Curl Virus
CV00053.jpg,159.8107953125,170.527834375,155.1460859375,40.54548798803018,0.04455,Curl Virus
CV00054.jpg,159.1784703125,168.036434375,150.37225,41.044691068056274,0.042353125,Curl Virus
CV00055.jpg,161.9504921875,170.7864703125,143.7124421875,41.039235111091294,0.000475,Curl Virus
CV00056.jpg,168.6099078125,174.802928125,147.776725,31.331591859500257,0.011021875,Curl Virus
CV00057.jpg,148.238609375,152.610915625,118.506165625,51.8039485296336,0.0066078125,Curl Virus
CV00058.jpg,133.5157296875,138.8289734375,117.341340625,56.50983010349852,0.005775,Curl Virus
CV00059.jpg,93.1539515625,108.4326578125,80.39295,58.279399581296275,0.005415625,Curl Virus
CV00060.jpg,175.42308125,185.5180203125,146.8888578125,39.98704562602851,0.008803125,Curl Virus
CV00061.jpg,117.5498390625,125.6544171875,89.80795625,53.17193172669899,0.01531875,Curl Virus
CV00062.jpg,75.746575,83.005621875,37.102365625,31.26442179861099,0.001646875,Curl Virus
CV00063.jpg,141.6458109375,151.899040625,124.8153453125,47.48479884238026,0.0087953125,Curl Virus
CV00064.jpg,138.950840625,154.174009375,125.284834375,51.84752914183122,0.01106875,Curl Virus
CV00065.jpg,166.8523546875,174.8060578125,154.1841828125,40.269685300758276,0.0029125,Curl Virus
CV00066.jpg,149.547003125,159.041753125,120.05171875,58.130337844623405,0.0254671875,Curl Virus
CV00067.jpg,139.316953125,150.8402984375,122.63413125,49.467854109062166,0.0091390625,Curl Virus
CV00068.jpg,116.28985,122.9589375,86.670075,49.125825514902196,0.0127125,Curl Virus
CV00069.jpg,124.278475,133.12206875,105.351971875,47.320308235054185,0.0041125,Curl Virus
CV00070.jpg,178.77690625,185.61043125,167.26829375,38.66473561560152,0.0075515625,Curl Virus
CV00071.jpg,122.887521875,134.88835625,114.7309265625,74.24804723642079,0.007721875,Curl Virus
CV00072.jpg,150.778296875,157.718640625,124.5333609375,50.9751352896799,0.0223328125,Curl Virus
CV00073.jpg,134.3819453125,144.6321671875,99.662184375,57.25247690099207,0.00239375,Curl Virus
CV00074.jpg,153.5519203125,174.2442265625,139.5485546875,51.65273963361666,0.0054859375,Curl Virus
CV00075.jpg,153.403190625,163.359440625,129.824828125,47.62883739420511,0.0116984375,Curl Virus
CV00076.jpg,155.959778125,182.3649734375,147.6342890625,47.04043514403326,0.00235625,Curl Virus
CV00077.jpg,180.4109953125,197.119228125,157.8381390625,29.42708518898724,0.0072515625,Curl Virus
CV00078.jpg,176.5359453125,190.23396875,150.8774484375,31.70256163983441,0.00863125,Curl Virus
CV00079.jpg,180.2380328125,188.8181734375,150.8922265625,30.785697211231565,0.0075703125,Curl Virus
CV00080.jpg,166.9859703125,187.995528125,148.4187578125,29.87138695029763,0.0106984375,Curl Virus
CV00081.jpg,168.1670125,187.8818625,150.1732578125,35.25882171418015,0.0038171875,Curl Virus
CV00082.jpg,159.3635640625,176.6538765625,127.1134578125,37.14650553011843,0.0068078125,Curl Virus
CV00083.jpg,167.2566828125,178.4854953125,140.5531734375,34.986742922266814,0.0086453125,Curl Virus
CV00084.jpg,165.0058890625,184.7710515625,122.3077375,36.486112095800834,0.00461875,Curl Virus
CV00085.jpg,168.41320625,183.950759375,145.5813296875,28.600683337454985,0.0070171875,Curl Virus
CV00086.jpg,171.3980140625,181.51015625,147.7620828125,32.84049590734795,0.00860625,Curl Virus
CV00087.jpg,148.272359375,167.3615671875,105.393384375,37.36800139048821,0.003565625,Curl Virus
CV00088.jpg,148.926615625,167.436403125,100.633909375,38.872092974772194,0.0039171875,Curl Virus
CV00089.jpg,165.720496875,176.835284375,150.805984375,50.189916009711666,0.01025625,Curl Virus
CV00090.jpg,153.0825078125,173.6441453125,147.2653015625,34.33093713832727,0.034746875,Curl Virus
CV00091.jpg,159.8484171875,176.5153359375,159.631859375,40.720161000508355,0.0277484375,Curl Virus
CV00092.jpg,154.52,169.4624296875,147.482234375,45.63298981484458,0.020853125,Curl Virus
CV00093.jpg,144.3811625,159.32701875,134.6162875,43.56400550859648,0.025690625,Curl Virus
CV00094.jpg,147.9295140625,165.2729109375,144.1820234375,40.5015149885914,0.0175984375,Curl Virus
CV00095.jpg,140.2285546875,158.3072578125,130.247009375,43.3876298906554,0.0411640625,Curl Virus
CV00096.jpg,158.230503125,171.1900703125,143.1888984375,37.48258470724424,0.0252625,Curl Virus
CV00097.jpg,152.327090625,163.4230296875,147.9676421875,45.7214440646121,0.034828125,Curl Virus
CV00098.jpg,143.667921875,157.847325,131.26701875,46.010230571135196,0.01796875,Curl Virus
CV00099.jpg,152.1082796875,165.0567609375,152.7641609375,45.254917345605605,0.014896875,Curl Virus
CV00100.jpg,151.742553125,171.120740625,150.9130078125,47.83259601106358,0.019165625,Curl Virus
CV00101.jpg,150.8111375,163.869853125,144.67144375,46.2538306164853,0.0239015625,Curl Virus
CV00102.jpg,162.561871875,178.3677296875,150.613778125,43.55900981492706,0.0244171875,Curl Virus
CV00103.jpg,133.6506765625,155.298234375,114.6366671875,46.95894401003225,0.0207015625,Curl Virus
CV00104.jpg,157.5411859375,169.8704703125,137.971428125,43.51565459917744,0.0105265625,Curl Virus
CV00105.jpg,165.7034109375,179.0623109375,156.6773359375,36.76134698588635,0.0239296875,Curl Virus
CV00106.jpg,163.7551515625,177.1961890625,144.39095,38.97809008655257,0.0205515625,Curl Virus
CV00107.jpg,156.8762953125,170.6587640625,148.450453125,41.788323756930005,0.02686875,Curl Virus
CV00108.jpg,173.4772609375,181.2948453125,158.42808125,41.13467614572541,0.01111875,Curl Virus
CV00109.jpg,150.995228125,164.282978125,144.97774375,46.962940225395386,0.024684375,Curl Virus
CV00110.jpg,151.65293125,162.509296875,144.4267921875,46.37221184542013,0.0233859375,Curl Virus
CV00111.jpg,135.9421515625,157.6260046875,120.6402453125,53.43318082458477,0.0135671875,Curl Virus
CV00112.jpg,148.5781328125,166.7022171875,133.214559375,53.694892250697926,0.0334296875,Curl Virus
CV00113.jpg,160.4007046875,178.50115,150.8913984375,46.2217167762474,0.0178265625,Curl Virus
CV00114.jpg,154.4150421875,167.6884296875,136.36844375,47.429798182697795,0.0322796875,Curl Virus
CV00115.jpg,149.7954734375,165.3412125,133.651321875,37.598553405871066,0.0262359375,Curl Virus
CV00116.jpg,147.2271765625,158.8373078125,115.6734484375,43.7995686952912,0.023346875,Curl Virus
CV00117.jpg,154.416446875,169.7517140625,136.8069578125,47.214310282717804,0.0214640625,Curl Virus
CV00118.jpg,155.4939375,168.7031875,133.6058078125,48.342171639424066,0.009253125,Curl Virus
CV00119.jpg,135.1574828125,152.4373296875,123.925359375,50.0633344424102,0.034921875,Curl Virus
CV00120.jpg,150.1759578125,165.85084375,128.61043125,42.90772587829179,0.033609375,Curl Virus
CV00121.jpg,151.341446875,167.1894140625,126.615325,42.05783914039234,0.0251625,Curl Virus
CV00122.jpg,147.3342015625,159.1661875,123.107140625,45.64622967664425,0.0290578125,Curl Virus
CV00123.jpg,147.8205296875,164.545353125,125.7771984375,46.94344379505752,0.030953125,Curl Virus
CV00124.jpg,154.652875,174.5039875,130.167440625,43.9818670655473,0.032375,Curl Virus
CV00125.jpg,146.002928125,164.512878125,127.626575,42.780398362573244,0.0219140625,Curl Virus
CV00126.jpg,155.341103125,171.047521875,133.30630625,38.82789663950047,0.0248125,Curl Virus
CV00127.jpg,155.588753125,172.985184375,134.0631046875,44.77501464990992,0.0275046875,Curl Virus
CV00128.jpg,147.935334375,165.732821875,128.420571875,48.60221923106505,0.03290625,Curl Virus
CV00129.jpg,151.104746875,162.8337421875,128.8597875,47.07093510205975,0.0373296875,Curl Virus
CV00130.jpg,161.7343375,168.5059171875,136.5413453125,46.74368294957478,0.02655625,Curl Virus
CV00131.jpg,150.8845,163.39464375,131.811684375,47.498319686595,0.0253046875,Curl Virus
CV00132.jpg,153.1776578125,161.7581390625,130.2629375,45.258880100803374,0.0329859375,Curl Virus
CV00133.jpg,146.7760578125,159.6788578125,121.32579375,44.96962266925978,0.041428125,Curl Virus
CV00134.jpg,153.7168125,175.536075,133.9131953125,43.70786142806834,0.016178125,Curl Virus
CV00135.jpg,145.5451859375,170.6704171875,144.0711671875,43.93824338564661,0.0382265625,Curl Virus
CV00136.jpg,146.9634875,172.779678125,147.1792015625,41.16756953781899,0.023190625,Curl Virus
CV00137.jpg,149.557290625,164.548678125,139.2817328125,39.14263834437573,0.0286046875,Curl Virus
CV00138.jpg,157.9658296875,170.283740625,141.92308125,43.376547441860936,0.020884375,Curl Virus
CV00139.jpg,147.61413125,147.5910453125,112.0985359375,51.93465513803607,0.0095421875,Curl Virus
CV00140.jpg,112.74374375,118.4184328125,78.5742828125,54.61853639024118,0.0185078125,Curl Virus
CV00141.jpg,153.0238484375,160.3080640625,124.65803125,46.57829853960292,0.037290625,Curl Virus
CV00142.jpg,167.877034375,172.5565546875,134.90260625,46.77607123970075,0.01755625,Curl Virus
CV00143.jpg,168.4443859375,174.2142765625,153.8939921875,41.64269342669664,0.0042703125,Curl Virus
CV00144.jpg,139.074415625,151.4087734375,126.11475625,51.59062923705838,0.0066953125,Curl Virus
CV00145.jpg,158.3493328125,159.7637359375,130.610346875,53.126142686685355,0.032478125,Curl Virus
CV00146.jpg,151.4401375,154.912853125,123.1321015625,48.50604184747868,0.023221875,Curl Virus
CV00147.jpg,140.7758265625,165.7709296875,121.9053734375,55.39623347083327,0.148615625,Curl Virus
CV00148.jpg,153.441284375,170.5235734375,122.9340734375,46.708283200199084,0.0126265625,Curl Virus
CV00149.jpg,149.3988734375,164.388465625,139.267959375,57.03250569561064,0.0062828125,Curl Virus
CV00150.jpg,133.880965625,134.5497421875,100.60923125,56.06444695900062,0.032209375,Curl Virus
CV00151.jpg,143.3755296875,167.251071875,114.7249890625,37.5073219577756,0.029215625,Curl Virus
CV00152.jpg,152.8459984375,179.304890625,93.5458171875,24.53532727010085,0.0259390625,Curl Virus
CV00153.jpg,140.8855515625,169.2649328125,89.63335625,23.659280119351223,0.0240140625,Curl Virus
CV00154.jpg,153.5622375,174.82545625,110.0626890625,30.814204299967678,0.016765625,Curl Virus
CV00155.jpg,150.6116390625,171.8435046875,110.06005,34.080309810286565,0.015784375,Curl Virus
CV00156.jpg,123.5734,145.843165625,72.0590734375,39.3204581164489,0.070840625,Curl Virus
CV00157.jpg,161.177625,175.64870625,100.0521109375,29.947774577011653,0.0211046875,Curl Virus
CV00158.jpg,158.6905578125,164.5506453125,103.47983125,35.07169304545365,0.013734375,Curl Virus
CV00159.jpg,141.0977671875,149.6231953125,89.647996875,37.698104860551666,0.01954375,Curl Virus
CV00160.jpg,153.2275078125,157.2894359375,92.58813125,32.8715258244859,0.0271796875,Curl Virus
CV00161.jpg,145.37093125,164.92466875,97.6070578125,34.17299020792553,0.0362953125,Curl Virus
CV00162.jpg,155.1848515625,166.7989765625,97.3918734375,28.299609346124754,0.0163125,Curl Virus
CV00163.jpg,159.393853125,178.7507703125,111.8513171875,40.66033003779881,0.0206453125,Curl Virus
CV00164.jpg,124.12928125,139.7911765625,74.1018953125,36.69859928891026,0.0297546875,Curl Virus
CV00165.jpg,150.44574375,165.556403125,96.9325546875,34.83492606013644,0.0212484375,Curl Virus
CV00166.jpg,140.3284234375,157.6095390625,83.3047015625,41.40893564445011,0.0472921875,Curl Virus
CV00167.jpg,126.4704765625,145.11445,75.988425,53.896391538269015,0.031159375,Curl Virus
CV00168.jpg,137.4235109375,149.7801578125,92.9366046875,49.93794700723588,0.0286703125,Curl Virus
CV00169.jpg,149.4874453125,170.4853640625,94.0118984375,38.800767506064595,0.0442046875,Curl Virus
CV00170.jpg,136.6412,158.0891078125,73.3755640625,31.24018687676665,0.050734375,Curl Virus
CV00171.jpg,133.3146171875,155.43755625,82.9331515625,43.89190006944038,0.04149375,Curl Virus
CV00172.jpg,150.5303453125,172.75753125,105.14818125,32.80358439601018,0.0956125,Curl Virus
CV00173.jpg,176.4782046875,185.8620296875,132.9697390625,25.99297743065795,0.0251671875,Curl Virus
CV00174.jpg,150.292434375,162.68041875,107.6993796875,49.44163276118769,0.0480921875,Curl Virus
CV00175.jpg,122.0898328125,136.9843453125,79.4521328125,54.44775082036825,0.1073984375,Curl Virus
CV00176.jpg,174.411621875,177.0480359375,126.361475,29.520553983639175,0.0186234375,Curl Virus
CV00177.jpg,150.66541875,158.3037515625,103.707271875,40.91783595272362,0.0771328125,Curl Virus
CV00178.jpg,161.3270796875,162.6364390625,110.674521875,34.520315261614115,0.0630765625,Curl Virus
CV00179.jpg,140.0820875,157.37018125,96.5990484375,34.21889821047209,0.0774875,Curl Virus
CV00180.jpg,149.0805703125,163.98270625,110.7431625,50.80880540365542,0.0908625,Curl Virus
CV00181.jpg,151.78024375,174.073053125,97.3245515625,45.111482656851074,0.031421875,Curl Virus
CV00182.jpg,164.2333015625,194.1022546875,122.660928125,49.577905018638575,0.0290640625,Curl Virus
CV00183.jpg,173.95026875,207.3613828125,137.5519296875,32.848331620409205,0.0294484375,Curl Virus
CV00184.jpg,150.45404375,172.40193125,105.267209375,50.08504888717978,0.014353125,Curl Virus
CV00185.jpg,157.127053125,180.0180734375,106.0896390625,52.261455099333006,0.0209859375,Curl Virus
CV00186.jpg,148.1565953125,170.20115625,105.079271875,55.61248421847725,0.02776875,Curl Virus
CV00187.jpg,132.0034390625,151.9476265625,90.487815625,45.616527132892905,0.0255578125,Curl Virus
CV00188.jpg,142.40523125,163.4439359375,105.56163125,44.16231148347485,0.0268703125,Curl Virus
CV00189.jpg,166.368278125,178.6761421875,121.27070625,38.17380565598837,0.02205,Curl Virus
CV00190.jpg,156.01556875,184.4823,125.50965625,34.659387102205606,0.030715625,Curl Virus
CV00191.jpg,157.0893375,188.92575,117.5694046875,31.580982092495994,0.0478578125,Curl Virus
CV00192.jpg,161.0323515625,186.147178125,130.8030515625,34.43942212258345,0.032003125,Curl Virus
CV00193.jpg,140.020346875,163.0335609375,92.8189359375,55.58162899017483,0.031425,Curl Virus
CV00194.jpg,140.8201046875,153.95098125,88.312,54.254166517200055,0.0281359375,Curl Virus
CV00195.jpg,134.7122328125,162.8507203125,91.5943140625,55.01907456252378,0.02445625,Curl Virus
CV00196.jpg,148.59038125,170.44466875,108.0666328125,59.35274701772044,0.0245078125,Curl Virus
CV00197.jpg,139.29495625,158.7214984375,97.7875453125,56.495672684579276,0.0181671875,Curl Virus
CV00198.jpg,124.8510859375,148.0310234375,79.4323390625,51.32848113507954,0.0314546875,Curl Virus
CV00199.jpg,138.7870859375,157.7815078125,87.53753125,44.166659666314544,0.0233734375,Curl Virus
CV00200.jpg,129.8677765625,153.4094125,83.545190625,52.751929147913394,0.02039375,Curl Virus
CV00201.jpg,137.3598515625,159.49135,87.8800359375,51.84692066799962,0.0233609375,Curl Virus
CV00202.jpg,135.470425,153.981196875,90.4381359375,47.34888758963463,0.0254140625,Curl Virus
CV00203.jpg,149.3188359375,171.3285734375,103.0601203125,45.90840758533313,0.0140453125,Curl Virus
CV00204.jpg,134.9623484375,161.69425625,88.9831796875,53.002720562358626,0.0351734375,Curl Virus
CV00205.jpg,125.2029953125,147.1352875,87.6502859375,53.97182488518331,0.04525625,Curl Virus
CV00206.jpg,142.089134375,161.65604375,98.1236109375,49.60652865562324,0.042084375,Curl Virus
CV00207.jpg,108.9454859375,133.5082546875,90.511953125,60.69073376470739,0.0298421875,Curl Virus
CV00208.jpg,107.8607,128.5824890625,101.1695640625,65.31091885084676,0.0234546875,Curl Virus
CV00209.jpg,119.4740140625,141.6481078125,115.2027890625,74.89443300032214,0.0297078125,Curl Virus
CV00210.jpg,119.8524984375,143.8921484375,113.0995890625,66.17786084831086,0.019875,Curl Virus
CV00211.jpg,110.948921875,129.6059484375,107.244721875,66.99414119910313,0.0250375,Curl Virus
CV00212.jpg,118.1337859375,138.52295625,119.14146875,68.01542838434419,0.02423125,Curl Virus
CV00213.jpg,123.6291375,144.894284375,128.09414375,67.64944886262349,0.0205796875,Curl Virus
CV00214.jpg,71.9016609375,90.818509375,44.65295,34.67429742929191,0.0059125,Curl Virus
CV00215.jpg,164.6533390625,164.49318125,114.1710703125,39.763952635725836,0.0140796875,Curl Virus
CV00216.jpg,153.492409375,164.646078125,115.8172609375,40.702979313673744,0.01629375,Curl Virus
CV00217.jpg,145.3966390625,163.4054046875,103.2433828125,41.70270697205948,0.0679890625,Curl Virus
CV00218.jpg,125.6248171875,143.9721515625,88.0570984375,39.20052166610747,0.023821875,Curl Virus
CV00219.jpg,141.3729234375,158.439771875,96.7825609375,40.25451206624804,0.04135,Curl Virus
CV00220.jpg,113.158165625,130.8989109375,88.8309703125,59.2085583302666,0.045909375,Curl Virus
CV00221.jpg,139.6674703125,160.53003125,92.249821875,35.041655547148466,0.0233171875,Curl Virus
CV00222.jpg,143.1401203125,160.5549078125,95.5749484375,32.49032754520215,0.0299,Curl Virus
CV00223.jpg,154.664565625,163.312790625,111.7697609375,34.09417027726624,0.06754375,Curl Virus
CV00224.jpg,151.7017359375,160.5933125,105.7604578125,36.19765714554568,0.055146875,Curl Virus
CV00225.jpg,145.47576875,176.3081578125,86.88016875,52.030338489353284,0.013309375,Curl Virus
CV00226.jpg,131.6747046875,159.1636984375,73.5685453125,48.41690851546021,0.03969375,Curl Virus
CV00227.jpg,137.3061890625,172.837103125,86.0611890625,46.58140525482183,0.0321671875,Curl Virus
CV00228.jpg,134.0709140625,155.6554109375,75.5983421875,49.59683381454237,0.053215625,Curl Virus
CV00229.jpg,148.66771875,175.459403125,90.555446875,48.28917035202099,0.01048125,Curl Virus
CV00230.jpg,141.3641546875,170.395990625,85.2310265625,46.17605023587479,0.0340125,Curl Virus
CV00231.jpg,144.369784375,177.1081421875,88.89381875,45.574592792848684,0.0423265625,Curl Virus
CV00232.jpg,141.505859375,172.5643078125,99.2645765625,43.674919571678295,0.0303078125,Curl Virus
CV00233.jpg,136.0535078125,165.41183125,88.907496875,49.68468550046654,0.0353203125,Curl Virus
CV00234.jpg,134.353646875,155.6066796875,87.520675,49.51396335002972,0.022121875,Curl Virus
CV00235.jpg,130.796309375,165.653178125,83.0837453125,47.471171588447696,0.048096875,Curl Virus
CV00236.jpg,144.33669375,187.107353125,98.8419515625,37.2610692489897,0.020975,Curl Virus
CV00237.jpg,133.411815625,166.807190625,87.990084375,50.126597993143434,0.0434578125,Curl Virus
CV00238.jpg,107.696465625,134.59684375,97.1400375,58.39142405979002,0.0139234375,Curl Virus
CV00239.jpg,124.378775,142.68163125,79.4559828125,44.07931095353549,0.006775,Curl Virus
CV00240.jpg,144.0052953125,157.4737015625,118.8145375,45.654585433847444,0.0658640625,Curl Virus
CV00241.jpg,141.43225,161.54411875,109.8685703125,51.27101750622883,0.0343203125,Curl Virus
CV00242.jpg,135.7142890625,154.0634140625,91.1769015625,50.97454596822321,0.057690625,Curl Virus
CV00243.jpg,160.2051375,174.8190734375,130.155096875,40.31619858470325,0.064109375,Curl Virus
CV00244.jpg,154.9012390625,167.7701796875,125.6117734375,46.87699758782943,0.042340625,Curl Virus
CV00245.jpg,139.9436265625,153.6252578125,105.366753125,58.90097587790355,0.0378,Curl Virus
CV00246.jpg,137.11104375,148.540815625,92.318175,42.973087654489746,0.0775296875,Curl Virus
CV00247.jpg,161.604140625,169.017121875,108.348484375,38.4896671442809,0.0623078125,Curl Virus
CV00248.jpg,154.39979375,180.9389609375,118.6496390625,38.1456862804147,0.0042890625,Curl Virus
CV00249.jpg,168.4903734375,188.8827265625,137.78266875,38.482009390589425,0.030896875,Curl Virus
CV00250.jpg,141.583215625,167.969478125,108.5043515625,52.74315865314968,0.10066875,Curl Virus
CV00251.jpg,141.562034375,163.637634375,110.8511078125,51.15765316521219,0.0624546875,Curl Virus
CV00252.jpg,141.407109375,164.28464375,109.74590625,54.20803826435181,0.07321875,Curl Virus
CV00253.jpg,159.2370921875,179.2285359375,127.065728125,47.83955588447277,0.018646875,Curl Virus
CV00254.jpg,164.5925203125,178.9423671875,121.7177921875,39.23319663368637,0.01841875,Curl Virus
CV00255.jpg,169.8013234375,179.820021875,124.8959203125,38.980533738588974,0.0283328125,Curl Virus
CV00256.jpg,154.661346875,168.34608125,113.545815625,50.41427905413545,0.03165,Curl Virus
CV00257.jpg,130.0486125,151.0348125,90.057259375,54.85160963420128,0.0028140625,Curl Virus
CV00258.jpg,129.498540625,149.6935,86.1193,54.230029744028,0.02349375,Curl Virus
CV00259.jpg,144.4618046875,161.09871875,99.3111421875,51.93355944074412,0.02983125,Curl Virus
CV00260.jpg,151.2974640625,171.8640265625,112.5647828125,50.91101563844687,0.0358359375,Curl Virus
CV00261.jpg,139.651040625,161.860334375,100.6907984375,49.76590343180821,0.0268734375,Curl Virus
CV00262.jpg,140.4448796875,152.763778125,97.0552078125,47.19996937327216,0.07749375,Curl Virus
CV00263.jpg,132.549184375,148.3772875,87.8554046875,51.00919386365652,0.0674609375,Curl Virus
CV00264.jpg,139.3731296875,155.71454375,95.8498375,48.42894826915807,0.016253125,Curl Virus
CV00265.jpg,97.2754875,114.178284375,66.200425,44.24789474826465,0.0172578125,Curl Virus
CV00266.jpg,145.23895625,163.849365625,98.5592765625,45.23046988290179,0.0297921875,Curl Virus
CV00267.jpg,147.1408421875,168.4886984375,104.81524375,46.47641356806024,0.018640625,Curl Virus
CV00268.jpg,145.318475,161.5214859375,105.9358546875,49.30390829953043,0.0690890625,Curl Virus
CV00269.jpg,153.20991875,170.8127046875,119.62519375,43.59242949847868,0.0469296875,Curl Virus
CV00270.jpg,148.441978125,156.4949671875,116.0485328125,37.36040030796203,0.0811390625,Curl Virus
CV00271.jpg,148.758571875,154.5009484375,111.3323453125,41.85636517694496,0.1473828125,Curl Virus
CV00272.jpg,152.297153125,158.5395125,120.0413359375,49.64919743562465,0.0457375,Curl Virus
CV00273.jpg,148.114253125,160.3580109375,113.883096875,48.60598690219034,0.059828125,Curl Virus
CV00274.jpg,141.5024875,154.9158796875,105.120125,46.88362398809325,0.059278125,Curl Virus
CV00275.jpg,143.181478125,158.6081015625,106.2330546875,51.552208429837,0.0758765625,Curl Virus
CV00276.jpg,145.299334375,163.1447796875,143.3455921875,57.75355721282964,0.0290546875,Curl Virus
CV00277.jpg,129.7021296875,148.820828125,128.9091109375,55.04597948814122,0.05215,Curl Virus
CV00278.jpg,131.9218515625,146.784240625,126.8854625,56.72503147706465,0.031321875,Curl Virus
CV00279.jpg,131.95413125,148.2817578125,120.784253125,60.29540139301151,0.0357421875,Curl Virus
CV00280.jpg,125.5777359375,143.4950609375,123.0890390625,56.8307622971262,0.02335625,Curl Virus
CV00281.jpg,117.6065921875,134.4063546875,99.3217625,51.120127383202984,0.0380671875,Curl Virus
CV00282.jpg,127.1212953125,146.94618125,118.7696953125,58.5935336486659,0.0258359375,Curl Virus
CV00283.jpg,115.8933609375,134.979771875,87.303171875,54.10846572646076,0.031784375,Curl Virus
CV00284.jpg,124.0979046875,145.69404375,87.4662671875,40.937523571032216,0.048303125,Curl Virus
CV00285.jpg,123.0226015625,143.408071875,115.71504375,56.47043551663694,0.0269375,Curl Virus
CV00286.jpg,124.3121703125,143.226971875,96.4276234375,38.33082528163677,0.0131921875,Curl Virus
CV00287.jpg,168.9279453125,190.764759375,191.4019875,61.59310433365287,0.028228125,Curl Virus
CV00288.jpg,151.5347515625,170.7196375,177.51658125,61.883262171524905,0.016446875,Curl Virus
CV00289.jpg,158.013384375,179.826246875,203.5323125,49.8595523898473,0.0115875,Curl Virus
CV00290.jpg,146.398278125,170.3054859375,181.81015625,63.43550269036925,0.01108125,Curl Virus
CV00291.jpg,149.5750453125,168.3495328125,160.6315625,66.94795114386771,0.03995625,Curl Virus
CV00292.jpg,136.3640078125,152.912059375,145.26760625,68.151532049139,0.0252109375,Curl Virus
CV00293.jpg,139.3158875,158.4646609375,151.30489375,65.95175035589523,0.020790625,Curl Virus
CV00294.jpg,134.9888734375,154.196821875,132.6266,66.27878956216284,0.0672515625,Curl Virus
CV00295.jpg,124.518609375,143.2986171875,112.8348140625,64.36821625086496,0.0428953125,Curl Virus
CV00296.jpg,120.144696875,137.3253296875,103.2947984375,63.97698427022135,0.0434484375,Curl Virus
CV00297.jpg,101.5980125,114.6907734375,75.3935671875,57.819240550431736,0.0263,Curl Virus
CV00298.jpg,127.7399453125,143.024528125,127.3495859375,60.06166086818382,0.03146875,Curl Virus
CV00299.jpg,125.63045625,142.136653125,127.956225,65.11538967370386,0.0383578125,Curl Virus
CV00300.jpg,119.621878125,138.62355625,120.52835,62.79182074510289,0.0412453125,Curl Virus
CV00301.jpg,148.709053125,165.636428125,174.04815625,54.134800256906416,0.0145203125,Curl Virus
CV00302.jpg,135.1226515625,151.4734421875,142.4718046875,61.17821471457864,0.0121296875,Curl Virus
CV00303.jpg,148.79090625,168.232228125,165.7014609375,70.50753337994804,0.0137921875,Curl Virus
CV00304.jpg,149.3900625,167.27525,173.71165625,57.231347371452536,0.0104421875,Curl Virus
CV00305.jpg,152.67816875,172.8849515625,180.4169359375,61.136742065921034,0.016275,Curl Virus
CV00306.jpg,147.9679203125,165.9067,167.864946875,61.97513884988242,0.0084078125,Curl Virus
CV00307.jpg,143.7039546875,164.5160046875,147.70955,57.177824621684785,0.0263125,Curl Virus
CV00308.jpg,140.7109125,164.09194375,148.7373140625,63.716281825077274,0.005890625,Curl Virus
CV00309.jpg,150.6259296875,170.830821875,173.085559375,57.4224279693816,0.0091796875,Curl Virus
CV00310.jpg,140.2645828125,161.1795203125,141.8739640625,56.21313191383701,0.0130421875,Curl Virus
CV00311.jpg,139.4959703125,156.07020625,149.48059375,58.91888002098184,0.00800625,Curl Virus
CV00312.jpg,143.495009375,163.510428125,143.4952015625,62.021328885205264,0.01520625,Curl Virus
CV00313.jpg,134.832325,156.939090625,137.5782578125,67.79452217072821,0.0125140625,Curl Virus
CV00314.jpg,142.06469375,165.97949375,152.488690625,65.06999424868802,0.011740625,Curl Virus
CV00315.jpg,133.4299203125,154.1251890625,125.18168125,64.7875662008265,0.0098328125,Curl Virus
CV00316.jpg,125.5735796875,144.38209375,126.9519296875,55.43963605999771,0.007803125,Curl Virus
CV00317.jpg,130.0390375,149.1282921875,131.05065,55.01494578667792,0.0084203125,Curl Virus
CV00318.jpg,126.942109375,152.3115921875,141.2888703125,64.68166707714794,0.0217234375,Curl Virus
CV00319.jpg,129.0441515625,146.9812890625,135.183275,65.2897175269678,0.03354375,Curl Virus
CV00320.jpg,142.8107796875,164.4757609375,160.390971875,61.92940591678601,0.0223875,Curl Virus
CV00321.jpg,127.435403125,148.692215625,134.7260875,69.34756589470143,0.02395625,Curl Virus
CV00322.jpg,138.3328671875,154.682271875,144.40656875,65.23925090759684,0.02125625,Curl Virus
CV00323.jpg,136.9916984375,158.240878125,166.8024125,58.27177674811226,0.006621875,Curl Virus
CV00324.jpg,150.1565578125,173.120984375,169.849971875,64.69014728951164,0.020153125,Curl Virus
CV00325.jpg,131.22434375,148.9063171875,131.56421875,67.92568636773231,0.0622796875,Curl Virus
CV00326.jpg,143.4675765625,162.8984,158.6086796875,63.634744504574684,0.016221875,Curl Virus
CV00327.jpg,142.01113125,163.029278125,172.028903125,52.19345050824368,0.0062078125,Curl Virus
CV00328.jpg,135.134159375,157.5207578125,161.4901859375,65.23511706772825,0.0131875,Curl Virus
CV00329.jpg,133.50040625,151.8574078125,131.7214890625,49.3764286964453,0.0288140625,Curl Virus
CV00330.jpg,155.4152359375,170.55874375,146.567578125,75.32568724769315,0.0078734375,Curl Virus
CV00331.jpg,148.2052109375,163.1279,134.9307796875,78.17042262828197,0.01155625,Curl Virus
CV00332.jpg,113.5955234375,135.8818078125,91.573009375,72.85233927905712,0.0118,Curl Virus
CV00333.jpg,115.4630609375,138.7867953125,92.0402953125,76.86375379736506,0.014396875,Curl Virus
CV00334.jpg,117.287596875,139.203153125,95.2647234375,75.67220803495887,0.014125,Curl Virus
CV00335.jpg,106.2253703125,130.6727296875,91.63405,68.21545662508193,0.01233125,Curl Virus
CV00336.jpg,125.411221875,151.1755453125,109.3688390625,55.097466152923545,0.0070421875,Curl Virus
CV00337.jpg,122.7808890625,143.0821875,112.2232390625,75.68595268995387,0.0048890625,Curl Virus
CV00338.jpg,118.99735,144.5081203125,112.59350625,75.49780607823301,0.0131609375,Curl Virus
CV00339.jpg,127.7942796875,149.270896875,107.3347703125,57.57497781135047,0.0144,Curl Virus
CV00340.jpg,125.6232875,145.9597171875,103.4847328125,56.42692729482909,0.0148296875,Curl Virus
CV00341.jpg,108.433690625,127.5296515625,77.6562875,48.46718942130805,0.014346875,Curl Virus
CV00342.jpg,107.2329859375,127.9155234375,73.7581375,44.120567929300066,0.01584375,Curl Virus
CV00343.jpg,108.8647703125,129.189609375,70.2784,43.030153467991305,0.0221109375,Curl Virus
CV00344.jpg,155.598775,172.9175796875,143.528275,56.95029618219587,0.014403125,Curl Virus
CV00345.jpg,121.833771875,144.59939375,93.9200609375,54.25969090113719,0.010771875,Curl Virus
CV00346.jpg,123.483890625,145.363409375,95.2058375,55.26426133361194,0.011365625,Curl Virus
CV00347.jpg,131.404178125,151.8967859375,106.515996875,55.803570696283195,0.01434375,Curl Virus
CV00348.jpg,98.685571875,122.077696875,58.567671875,34.01725448569603,0.0181171875,Curl Virus
CV00349.jpg,104.5553203125,127.5978578125,69.7959765625,40.74874246718313,0.0062546875,Curl Virus
CV00350.jpg,105.3551390625,128.7449890625,64.8150203125,34.70781186699085,0.00430625,Curl Virus
CV00351.jpg,112.8581671875,137.610828125,78.2299140625,37.37556468436686,0.01349375,Curl Virus
CV00352.jpg,131.8451890625,154.2069125,122.7041140625,73.22650020549534,0.0083703125,Curl Virus
CV00353.jpg,122.7383828125,151.42793125,95.082671875,64.56915347145798,0.007171875,Curl Virus
CV00354.jpg,112.77765,141.40521875,88.80839375,61.813113408007595,0.0067515625,Curl Virus
CV00355.jpg,123.1011734375,147.1596109375,101.694546875,68.99446604739424,0.0065015625,Curl Virus
CV00356.jpg,113.3546625,138.4324421875,91.9208421875,61.03335796646402,0.005659375,Curl Virus
CV00357.jpg,114.3834859375,144.0919109375,82.3783734375,66.56579368699549,0.008428125,Curl Virus
CV00358.jpg,130.626115625,155.0457734375,112.6920375,73.38436933983179,0.00820625,Curl Virus
CV00359.jpg,67.460815625,104.541321875,32.968703125,28.410714134734718,0.006146875,Curl Virus
CV00360.jpg,141.0307265625,157.0360375,129.759684375,69.5805088353491,0.01183125,Curl Virus
CV00361.jpg,133.025965625,151.519853125,131.6057984375,87.30837375136007,0.0133046875,Curl Virus
CV00362.jpg,133.72649375,153.647490625,128.403990625,88.40602784810349,0.007978125,Curl Virus
CV00363.jpg,110.0403828125,133.762028125,99.2914640625,79.00175228513525,0.01026875,Curl Virus
CV00364.jpg,118.4056234375,139.7306515625,112.1497984375,80.15499500615978,0.007290625,Curl Virus
CV00365.jpg,87.613003125,117.68844375,73.0508265625,56.529258778503966,0.0188734375,Curl Virus
CV00366.jpg,108.5865265625,131.10039375,101.5398109375,83.02176500761753,0.008721875,Curl Virus
CV00367.jpg,84.7223984375,114.2730859375,73.9289421875,61.29930972638744,0.01890625,Curl Virus
CV00368.jpg,140.895346875,155.9439921875,133.9618546875,66.41400970416088,0.013334375,Curl Virus
CV00369.jpg,117.5375984375,139.8847890625,95.5510796875,61.95001181381276,0.0216328125,Curl Virus
CV00370.jpg,139.572340625,156.34853125,124.378459375,66.86815644614083,0.01255625,Curl Virus
CV00371.jpg,123.3151484375,140.7307953125,100.7607671875,60.44706160869822,0.013878125,Curl Virus
CV00372.jpg,100.778996875,124.3040421875,69.286490625,44.32431216505051,0.021140625,Curl Virus
CV00373.jpg,91.8042203125,115.8392125,55.4286140625,27.782633787242098,0.0222765625,Curl Virus
CV00374.jpg,91.8390171875,116.078521875,69.673765625,46.91863874283288,0.0058078125,Curl Virus
CV00375.jpg,110.9684671875,130.8975453125,95.2191515625,55.69558131021459,0.028503125,Curl Virus
CV00376.jpg,90.0354453125,114.4273609375,69.010134375,44.516281668882,0.0169484375,Curl Virus
CV00377.jpg,91.898215625,116.8257234375,72.051175,46.575871078160674,0.0247875,Curl Virus
CV00378.jpg,101.0558609375,121.8553625,82.9750609375,56.74615601072974,0.0145671875,Curl Virus
CV00379.jpg,108.8443421875,133.3977875,94.551509375,54.53808960327365,0.0094546875,Curl Virus
CV00380.jpg,116.2825671875,138.8533484375,109.4649578125,58.85079386689211,0.0139171875,Curl Virus
CV00381.jpg,120.234140625,144.242515625,112.440996875,57.73342986829835,0.0110859375,Curl Virus
CV00382.jpg,139.47266875,153.54686875,133.2862546875,59.942762238531316,0.00820625,Curl Virus
CV00383.jpg,126.031428125,143.9294140625,114.6992046875,61.48436363969963,0.0123546875,Curl Virus
CV00384.jpg,115.617984375,136.43709375,103.3339359375,69.01656731465552,0.0121359375,Curl Virus
CV00385.jpg,133.7405375,150.4517609375,133.0070984375,74.80294309645629,0.00378125,Curl Virus
CV00386.jpg,102.33603125,123.2529359375,97.4704453125,69.15590575364813,0.0051328125,Curl Virus
CV00387.jpg,139.09430625,159.6976,128.6150640625,84.03299741161926,0.011375,Curl Virus
CV00388.jpg,125.073840625,147.1773078125,109.604684375,78.41799379875027,0.01028125,Curl Virus
CV00389.jpg,142.603703125,159.9252921875,128.45306875,88.07387195911224,0.01255625,Curl Virus
CV00390.jpg,96.812371875,118.5868078125,86.8317390625,69.65014715150056,0.00790625,Curl Virus
CV00391.jpg,130.439071875,149.7395328125,119.35549375,76.84816288510176,0.0041609375,Curl Virus
CV00392.jpg,161.345315625,177.7192890625,152.8893578125,81.3642127637201,0.0083609375,Curl Virus
CV00393.jpg,151.418225,165.7782484375,143.957109375,78.370035315648,0.0075078125,Curl Virus
CV00394.jpg,129.8342265625,152.1081125,120.2703953125,82.86065486565171,0.009246875,Curl Virus
CV00395.jpg,144.357309375,165.5180796875,127.32601875,81.92146754099217,0.0179375,Curl Virus
CV00396.jpg,147.718396875,162.8117765625,126.55810625,63.968811157898145,0.0087296875,Curl Virus
CV00397.jpg,116.199321875,137.5016359375,77.524165625,59.66223191583357,0.0110015625,Curl Virus
CV00398.jpg,119.4521046875,140.2557046875,83.955121875,59.01750098757697,0.0130203125,Curl Virus
CV00399.jpg,97.9114703125,122.5743265625,51.7523640625,38.8054528516214,0.01045625,Curl Virus
CV00400.jpg,128.73705625,153.3173859375,110.6541015625,64.07662350304268,0.0206859375,Curl Virus
CV00401.jpg,107.2469453125,128.6488234375,87.0473890625,59.76241078451692,0.0192921875,Curl Virus
CV00402.jpg,131.27504375,152.0923015625,117.7275921875,58.887485844099686,0.017203125,Curl Virus
CV00403.jpg,108.4117046875,132.3536203125,111.665740625,72.28802888823519,0.0071375,Curl Virus
CV00404.jpg,125.6676203125,150.913240625,127.4312125,73.85265258837927,0.004696875,Curl Virus
CV00405.jpg,138.191634375,159.35093125,142.7377296875,69.25634992888553,0.0038640625,Curl Virus
CV00406.jpg,119.5599171875,140.887746875,109.1648921875,60.23022944490027,0.00608125,Curl Virus
CV00407.jpg,100.5776640625,129.8010875,81.314215625,48.97525656194763,0.0127453125,Curl Virus
CV00408.jpg,111.6715328125,141.7539375,96.11920625,52.75103579512883,0.0045578125,Curl Virus
CV00409.jpg,108.0019703125,131.7742265625,107.3364765625,69.04247304617978,0.0035609375,Curl Virus
CV00410.jpg,119.5577234375,137.8740296875,118.51618125,83.14054401420596,0.015590625,Curl Virus
CV00411.jpg,110.592646875,132.66270625,92.5774109375,75.42127784219896,0.0091234375,Curl Virus
CV00412.jpg,105.6546421875,127.5290203125,87.9690015625,69.9543485080626,0.0108046875,Curl Virus
CV00413.jpg,101.9527734375,121.9014984375,86.8235125,70.02235575067104,0.02463125,Curl Virus
CV00414.jpg,66.8215921875,89.8693234375,49.77858125,24.873963750875003,0.030228125,Curl Virus
CV00415.jpg,133.6316265625,149.1800265625,122.973078125,66.67990813505904,0.01848125,Curl Virus
CV00416.jpg,103.619059375,121.5681734375,83.5612296875,54.83014262970885,0.0166453125,Curl Virus
CV00417.jpg,104.0025796875,118.9291890625,84.468190625,57.91586847568068,0.016890625,Curl Virus
CV00418.jpg,92.627703125,112.9309671875,57.9313171875,25.919877689027732,0.048753125,Curl Virus
CV00419.jpg,113.0407765625,130.53988125,96.6551265625,66.36929838124249,0.0184078125,Curl Virus
CV00420.jpg,122.8859375,140.979390625,99.7888359375,65.42957023532588,0.021478125,Curl Virus
CV00421.jpg,105.58641875,127.1062734375,80.8983609375,55.082675753190266,0.0395046875,Curl Virus
CV00422.jpg,111.923965625,129.042775,95.11970625,59.97544494790847,0.03225,Curl Virus
CV00423.jpg,94.12778125,112.8529265625,70.7908859375,55.37440814237351,0.009940625,Curl Virus
CV00424.jpg,92.9753265625,114.389815625,76.523378125,56.01506017391095,0.017390625,Curl Virus
CV00425.jpg,87.0104078125,109.6937359375,68.14114375,50.895851847545515,0.0131109375,Curl Virus
CV00426.jpg,98.463059375,116.6442796875,84.2742984375,56.294833841014764,0.007346875,Curl Virus
CV00427.jpg,112.2759390625,130.166865625,95.1400578125,61.39535849033839,0.0145515625,Curl Virus
CV00428.jpg,102.1490484375,123.1348078125,89.57281875,63.87947963452348,0.0190671875,Curl Virus
CV00429.jpg,97.329303125,118.642309375,84.6589328125,62.12459165098942,0.020496875,Curl Virus
CV00430.jpg,106.2020203125,130.2837015625,98.0237375,62.19655131387454,0.00689375,Curl Virus
CV00431.jpg,106.2726265625,125.013584375,91.0206984375,63.668848164639286,0.00449375,Curl Virus
HL00001.jpg,108.59336875,146.5597296875,106.288728125,32.83273836831384,0.036796875,Healthy Leaf
HL00002.jpg,110.8186328125,160.5447625,115.72254375,24.840634002537946,0.0529265625,Healthy Leaf
HL00003.jpg,108.609903125,164.4893828125,116.1606078125,25.664798428936837,0.056053125,Healthy Leaf
HL00004.jpg,111.68664375,144.310871875,100.6425609375,39.87193303268194,0.033146875,Healthy Leaf
HL00005.jpg,113.321384375,142.9751890625,101.1641328125,41.93712938269731,0.0305140625,Healthy Leaf
HL00006.jpg,123.675471875,164.3042875,113.5700234375,32.00545392963624,0.0410578125,Healthy Leaf
HL00007.jpg,120.4202171875,146.6856765625,98.4072453125,39.17969882742559,0.01885,Healthy Leaf
HL00008.jpg,126.726409375,148.3231859375,105.0749796875,38.9624685209398,0.0175296875,Healthy Leaf
HL00009.jpg,129.9711640625,149.7507515625,111.29610625,32.87175235862173,0.007875,Healthy Leaf
HL00010.jpg,128.9379578125,161.995928125,114.6767703125,27.552094974664975,0.006859375,Healthy Leaf
HL00011.jpg,139.4315828125,167.180265625,120.69845625,22.762700748757826,0.006734375,Healthy Leaf
HL00012.jpg,116.76271875,177.8846625,126.52845,23.12803109472427,0.017184375,Healthy Leaf
HL00013.jpg,117.50443125,162.8119953125,118.247378125,31.310396029267462,0.0143609375,Healthy Leaf
HL00014.jpg,120.294296875,160.9857640625,117.4518609375,30.540688564045272,0.0131484375,Healthy Leaf
HL00015.jpg,108.8444921875,143.508934375,105.3914515625,30.758023878664343,0.033440625,Healthy Leaf
HL00016.jpg,115.2727,144.8115140625,107.489771875,33.99261177551925,0.0333015625,Healthy Leaf
HL00017.jpg,111.5139359375,137.4193234375,96.8539625,39.90464069964254,0.0325765625,Healthy Leaf
HL00018.jpg,123.1220359375,140.9835140625,98.4980109375,39.37671922482996,0.0215625,Healthy Leaf
HL00019.jpg,129.056559375,143.0891375,108.94369375,33.00740155874,0.0105390625,Healthy Leaf
HL00020.jpg,141.308159375,165.3760703125,121.588334375,27.929720364895182,0.011934375,Healthy Leaf
HL00021.jpg,121.3802828125,152.5118953125,112.814084375,30.99059465247519,0.0180609375,Healthy Leaf
HL00022.jpg,136.0086296875,153.7026703125,115.0773296875,31.88343479977087,0.0063453125,Healthy Leaf
HL00023.jpg,151.9818203125,173.821546875,141.023759375,28.02644984536994,0.032265625,Healthy Leaf
HL00024.jpg,146.5061171875,171.445834375,136.5051046875,40.68007855884602,0.0253015625,Healthy Leaf
HL00025.jpg,150.3954921875,173.17569375,139.5692140625,34.95601372528767,0.03368125,Healthy Leaf
HL00026.jpg,157.5828875,181.4543640625,147.5940921875,35.59792457892944,0.034553125,Healthy Leaf
HL00027.jpg,154.3795953125,176.325409375,143.6004953125,28.605802671173194,0.0321234375,Healthy Leaf
HL00028.jpg,154.02750625,174.2471171875,140.497696875,33.39572813088801,0.0327734375,Healthy Leaf
HL00029.jpg,145.337875,166.9039671875,123.35979375,34.535587655414865,0.03535,Healthy Leaf
HL00030.jpg,154.01543125,177.557496875,133.4350015625,34.29739223933988,0.0162796875,Healthy Leaf
HL00031.jpg,147.466884375,170.926378125,127.6589390625,31.670402786836462,0.0285546875,Healthy Leaf
HL00032.jpg,145.7906859375,168.86854375,126.5489984375,30.719662616473524,0.0127375,Healthy Leaf
HL00033.jpg,155.17870625,183.32986875,135.4154375,26.039475843124524,0.012653125,Healthy Leaf
HL00034.jpg,157.20713125,179.970828125,144.350603125,31.639684257954347,0.0162359375,Healthy Leaf
HL00035.jpg,151.894625,171.671728125,130.45051875,26.81525162547135,0.022365625,Healthy Leaf
HL00036.jpg,151.18679375,175.23264375,133.18444375,28.546390169011275,0.0343328125,Healthy Leaf
HL00037.jpg,138.1416390625,161.37699375,117.6092,34.11207141410234,0.0203234375,Healthy Leaf
HL00038.jpg,149.0248484375,171.788575,129.283065625,28.905883824064773,0.030946875,Healthy Leaf
HL00039.jpg,154.171940625,180.9294890625,136.2290828125,25.561149820818773,0.03705,Healthy Leaf
HL00040.jpg,146.1904359375,169.6830890625,129.7991828125,28.104125577192246,0.019546875,Healthy Leaf
HL00041.jpg,151.1529796875,173.0632109375,132.188678125,24.834091649920243,0.0068171875,Healthy Leaf
HL00042.jpg,151.2243890625,155.364290625,130.613953125,32.69048736752347,0.0208828125,Healthy Leaf
HL00043.jpg,156.7776765625,170.5178359375,146.82529375,24.49514613887298,0.0174609375,Healthy Leaf
HL00044.jpg,152.08405625,164.372940625,139.5885609375,27.792049260745365,0.0201109375,Healthy Leaf
HL00045.jpg,149.18609375,176.4119953125,150.156525,30.279877944602084,0.008515625,Healthy Leaf
HL00046.jpg,134.948146875,153.6387390625,125.25280625,44.2913078675997,0.0067796875,Healthy Leaf
HL00047.jpg,144.9140515625,158.0856484375,136.090078125,34.920459725475716,0.0089,Healthy Leaf
HL00048.jpg,123.3045125,147.1372625,112.382684375,24.614900545575914,0.0471984375,Healthy Leaf
HL00049.jpg,129.969690625,159.2526375,115.4579265625,32.38829634823246,0.03388125,Healthy Leaf
HL00050.jpg,118.468003125,159.47309375,112.275915625,33.54240840979069,0.039709375,Healthy Leaf
HL00051.jpg,126.19736875,160.7624734375,114.1352046875,32.779343552794735,0.0413515625,Healthy Leaf
HL00052.jpg,124.20228125,163.9556859375,114.9967609375,30.43649710850326,0.0401421875,Healthy Leaf
HL00053.jpg,123.9463171875,157.609940625,110.0875890625,35.450508423494504,0.0296640625,Healthy Leaf
HL00054.jpg,117.7466890625,132.950490625,93.3641296875,65.38887660323883,0.0047234375,Healthy Leaf
HL00055.jpg,138.0637125,164.078084375,96.3159390625,16.150339548998936,0.03585625,Healthy Leaf
HL00056.jpg,138.588665625,166.027315625,92.209296875,14.57666503932733,0.04833125,Healthy Leaf
HL00057.jpg,139.68995625,167.2702484375,94.62395625,15.307802675649395,0.046875,Healthy Leaf
HL00058.jpg,138.725496875,164.0040234375,95.7222640625,17.97654710932841,0.0589015625,Healthy Leaf
HL00059.jpg,140.6499546875,162.5395328125,105.017040625,23.474099349304815,0.043290625,Healthy Leaf
HL00060.jpg,135.10658125,161.5366359375,118.83665625,25.588390463815596,0.0308765625,Healthy Leaf
HL00061.jpg,125.3671390625,153.86601875,110.7564515625,22.326832652942517,0.0298484375,Healthy Leaf
HL00062.jpg,125.8045265625,149.0508609375,106.8631515625,22.020805727586346,0.03004375,Healthy Leaf
HL00063.jpg,129.8580640625,150.9469140625,111.3445828125,24.545220248507682,0.030421875,Healthy Leaf
HL00064.jpg,137.641428125,167.8472328125,123.755821875,32.22535456198189,0.0426,Healthy Leaf
HL00065.jpg,134.9819125,157.1158875,118.403640625,27.5491909303299,0.025790625,Healthy Leaf
HL00066.jpg,137.65760625,156.9783140625,118.6393984375,29.253264868042024,0.031796875,Healthy Leaf
HL00067.jpg,139.3984984375,160.1079578125,109.742971875,34.874301347551665,0.0376421875,Healthy Leaf
HL00068.jpg,142.1412625,157.99718125,116.591371875,27.307230421263707,0.0175125,Healthy Leaf
HL00069.jpg,135.9956921875,159.498640625,111.7877640625,27.66982979133664,0.030165625,Healthy Leaf
HL00070.jpg,113.832359375,157.0598203125,92.2488734375,22.374993366465503,0.016559375,Healthy Leaf
HL00071.jpg,137.1296109375,155.7405234375,110.112528125,34.64130998046316,0.00874375,Healthy Leaf
HL00072.jpg,137.32493125,153.5640734375,111.993775,31.179200807096326,0.0031953125,Healthy Leaf
HL00073.jpg,144.6640609375,160.3534875,122.00251875,29.30257886306544,0.006084375,Healthy Leaf
HL00074.jpg,140.8400296875,152.8245703125,119.679815625,29.612605723745382,0.0005703125,Healthy Leaf
HL00075.jpg,149.838884375,161.6837375,126.214259375,31.5751921264496,0.0057859375,Healthy Leaf
HL00076.jpg,139.19494375,163.0472234375,120.4381328125,31.404999410322297,0.0246765625,Healthy Leaf
HL00077.jpg,155.804659375,179.7800609375,144.468753125,27.375251253857982,0.0264015625,Healthy Leaf
HL00078.jpg,151.8642796875,177.3273125,137.19233125,26.251193507335028,0.0299921875,Healthy Leaf
HL00079.jpg,144.6910140625,168.6638953125,134.6370234375,35.421780286471844,0.024459375,Healthy Leaf
HL00080.jpg,145.223484375,167.4683328125,123.279334375,31.168218828287333,0.0387796875,Healthy Leaf
HL00081.jpg,156.6658453125,177.281296875,135.8104921875,29.217839343156722,0.0337484375,Healthy Leaf
HL00082.jpg,149.57420625,163.8727671875,125.433403125,38.49163182964047,0.0237265625,Healthy Leaf
HL00083.jpg,143.342665625,166.455753125,123.41474375,30.846193480957233,0.0379765625,Healthy Leaf
HL00084.jpg,150.3231234375,171.702684375,129.82928125,26.77161009879006,0.040259375,Healthy Leaf
HL00085.jpg,136.501684375,164.6381203125,121.4191171875,32.57008785239374,0.0343265625,Healthy Leaf
HL00086.jpg,134.4274625,162.835984375,119.3234828125,33.24115618958964,0.0346078125,Healthy Leaf
HL00087.jpg,133.64241875,162.62718125,118.3235078125,33.733240393865266,0.035209375,Healthy Leaf
HL00088.jpg,137.728159375,166.02390625,118.8474578125,26.570099463200645,0.0335078125,Healthy Leaf
HL00089.jpg,136.5800234375,169.4832640625,131.5803875,24.921493809191684,0.023978125,Healthy Leaf
HL00090.jpg,142.1219125,172.42135,135.6441875,24.146350005545965,0.0321015625,Healthy Leaf
HL00091.jpg,143.1364953125,164.122975,130.5700171875,28.85669883404187,0.0274,Healthy Leaf
HL00092.jpg,150.2455921875,171.386803125,142.5931453125,25.78075386440023,0.0137953125,Healthy Leaf
HL00093.jpg,142.6678109375,170.9206546875,137.5927875,26.73998076660446,0.003896875,Healthy Leaf
HL00094.jpg,142.1611078125,157.4616640625,114.65360625,33.71135060913415,0.0991828125,Healthy Leaf
HL00095.jpg,144.8988703125,160.5825296875,117.509525,34.578431807048126,0.0955875,Healthy Leaf
HL00096.jpg,142.1113625,170.7570453125,128.409421875,27.43747641156161,0.02115,Healthy Leaf
HL00097.jpg,143.056878125,171.744784375,126.80438125,26.549634949657374,0.022034375,Healthy Leaf
HL00098.jpg,148.798975,172.9560484375,131.6411796875,28.8970076510066,0.0093890625,Healthy Leaf
HL00099.jpg,140.288353125,168.3217296875,131.9909703125,34.27146560818924,0.0603203125,Healthy Leaf
HL00100.jpg,152.8930625,169.2177765625,140.0334125,38.72252716712205,0.132490625,Healthy Leaf
HL00101.jpg,149.2477671875,171.5052234375,133.655209375,25.96345431601696,0.0170375,Healthy Leaf
HL00102.jpg,144.1743171875,165.8953078125,132.763340625,28.09100305853042,0.0203140625,Healthy Leaf
HL00103.jpg,146.4453734375,167.4211234375,134.6828,26.27504721827825,0.0148609375,Healthy Leaf
HL00104.jpg,148.41676875,164.086109375,132.0165015625,26.444315564883023,0.0173890625,Healthy Leaf
HL00105.jpg,168.3085515625,175.8204484375,157.80411875,30.941683618372213,0.010278125,Healthy Leaf
HL00106.jpg,168.2454671875,174.3030609375,156.2650875,33.55047893180405,0.0201796875,Healthy Leaf
HL00107.jpg,140.667609375,173.1776421875,139.23106875,31.05544496810141,0.02064375,Healthy Leaf
HL00108.jpg,154.5319140625,173.109721875,144.167621875,37.912060896267846,0.0043921875,Healthy Leaf
HL00109.jpg,118.5421125,147.8215234375,110.0035421875,57.49753627074005,0.030271875,Healthy Leaf
HL00110.jpg,114.464928125,148.3565671875,109.2486625,55.64727300532954,0.053871875,Healthy Leaf
HL00111.jpg,106.995925,135.8230296875,84.589065625,62.35560306629004,0.03635625,Healthy Leaf
HL00112.jpg,111.6282484375,141.8130703125,87.1219046875,63.56750591783096,0.027809375,Healthy Leaf
HL00113.jpg,109.6367984375,139.8710453125,84.557096875,61.506818096223846,0.03234375,Healthy Leaf
HL00114.jpg,123.7875640625,154.594671875,90.156896875,57.565625350493654,0.0288015625,Healthy Leaf
HL00115.jpg,124.525284375,156.42099375,84.946384375,55.98272370357877,0.03358125,Healthy Leaf
HL00116.jpg,119.9540578125,151.6764828125,83.270790625,51.490960292266486,0.018609375,Healthy Leaf
HL00117.jpg,120.3952734375,144.437028125,95.217521875,60.2923812674739,0.0279453125,Healthy Leaf
HL00118.jpg,123.0277609375,144.1185875,106.8734203125,59.909140384767966,0.02445625,Healthy Leaf
HL00119.jpg,120.4778171875,137.444828125,107.36809375,65.50245527648954,0.02875,Healthy Leaf
HL00120.jpg,131.057765625,145.045509375,118.8115,59.78510555958383,0.00795,Healthy Leaf
HL00121.jpg,140.3226609375,162.377809375,122.507371875,51.78636731672765,0.02940625,Healthy Leaf
HL00122.jpg,136.7121875,159.2389703125,115.59534375,52.184189158148264,0.0324515625,Healthy Leaf
HL00123.jpg,123.8109640625,156.974378125,121.8032171875,53.31509015690636,0.0484078125,Healthy Leaf
HL00124.jpg,123.29420625,153.9337078125,117.0918828125,54.140510299283626,0.0352859375,Healthy Leaf
HL00125.jpg,125.07118125,150.8998953125,108.485321875,62.649743310995234,0.0392234375,Healthy Leaf
HL00126.jpg,127.3598796875,149.4135578125,114.581253125,64.47472967067932,0.0474609375,Healthy Leaf
HL00127.jpg,126.712675,146.485328125,113.97616875,63.39439031311308,0.042128125,Healthy Leaf
HL00128.jpg,116.312221875,140.2753875,98.7089453125,63.190790843807434,0.033346875,Healthy Leaf
HL00129.jpg,115.9136265625,137.5769515625,97.3363125,60.724891978278514,0.0399859375,Healthy Leaf
HL00130.jpg,102.1821515625,119.4342359375,112.9315984375,24.45387185662172,0.0009078125,Healthy Leaf
HL00131.jpg,162.574153125,174.4457921875,152.0026515625,35.387201572655336,0.012540625,Healthy Leaf
HL00132.jpg,187.408103125,190.0517421875,170.160884375,42.068345377607216,0.00361875,Healthy Leaf
HL00133.jpg,161.938125,177.0236625,158.67830625,30.345586006138277,0.0052328125,Healthy Leaf
HL00134.jpg,162.18336875,165.580959375,150.54216875,41.56509091976978,0.02648125,Healthy Leaf
HL00135.jpg,163.3077640625,174.4697015625,154.5598828125,33.54938389907583,0.01455,Healthy Leaf
HL00136.jpg,159.7675734375,171.9425125,154.494903125,35.8069743704384,0.00660625,Healthy Leaf
HL00137.jpg,167.1326328125,180.1806046875,163.963025,37.09898411271139,0.00488125,Healthy Leaf
HL00138.jpg,177.473484375,195.580259375,167.90124375,42.929251790211104,0.0145140625,Healthy Leaf
HL00139.jpg,178.4137828125,185.6578234375,179.645903125,47.890088999789654,0.01074375,Healthy Leaf
HL00140.jpg,173.731215625,185.788046875,170.7987671875,31.063257019112775,0.0047578125,Healthy Leaf
HL00141.jpg,181.93346875,192.6045859375,175.0331,40.30348471435145,0.0073359375,Healthy Leaf
HL00142.jpg,182.447515625,193.383059375,177.272284375,40.55771913310054,0.0206921875,Healthy Leaf
HL00143.jpg,177.8118390625,197.2729265625,176.873203125,22.192616314764095,0.0018640625,Healthy Leaf
HL00144.jpg,131.4637671875,160.8270765625,129.9968734375,61.37061049409146,0.0620390625,Healthy Leaf
HL00145.jpg,110.745240625,137.451303125,99.498484375,61.80706795791003,0.0006953125,Healthy Leaf
HL00146.jpg,106.8243890625,135.53613125,95.363659375,60.6056995055162,0.0448234375,Healthy Leaf
HL00147.jpg,92.8034953125,118.9865515625,76.9287625,55.49006761399168,0.044565625,Healthy Leaf
HL00148.jpg,118.50556875,142.722709375,115.2085359375,65.0534461272261,0.04508125,Healthy Leaf
HL00149.jpg,131.31829375,157.573690625,126.7215140625,67.99098270228097,0.0378265625,Healthy Leaf
HL00150.jpg,127.2189875,154.7194640625,120.22696875,66.86722984062219,0.046621875,Healthy Leaf
HL00151.jpg,125.3564109375,155.3221984375,123.2892765625,59.27927442183556,0.0416234375,Healthy Leaf
HL00152.jpg,112.83221875,138.212784375,110.9578328125,63.16532799507315,0.0295296875,Healthy Leaf
HL00153.jpg,117.588278125,139.143015625,116.0249828125,67.25595475072987,0.03341875,Healthy Leaf
HL00154.jpg,148.716,170.39319375,142.4501265625,46.26947555404109,0.0409984375,Healthy Leaf
HL00155.jpg,116.69835,135.2425796875,97.320775,46.06654977948162,0.0451125,Healthy Leaf
HL00156.jpg,127.511278125,145.077040625,112.9005109375,55.67896675214364,0.05025625,Healthy Leaf
HL00157.jpg,136.628521875,154.888640625,125.994971875,54.073301976323265,0.0279390625,Healthy Leaf
HL00158.jpg,140.5779875,159.7730703125,128.1182078125,47.983394862302426,0.03926875,Healthy Leaf
HL00159.jpg,142.8892546875,160.84501875,136.776028125,53.302199494039115,0.0357859375,Healthy Leaf
HL00160.jpg,149.5089109375,167.3835921875,139.1454359375,48.45849878154599,0.0169640625,Healthy Leaf
HL00161.jpg,114.5141921875,132.859653125,98.57468125,42.16465757315568,0.020353125,Healthy Leaf
HL00162.jpg,121.82830625,140.6739578125,110.21143125,52.411299841611864,0.045509375,Healthy Leaf
HL00163.jpg,125.1755875,142.627709375,114.28620625,41.65682705159016,0.0558921875,Healthy Leaf
HL00164.jpg,129.427990625,152.28223125,107.2665828125,58.96665725471885,0.008325,Healthy Leaf
HL00165.jpg,126.1543921875,149.09806875,104.395884375,58.928149371734904,0.01254375,Healthy Leaf
HL00166.jpg,92.47980625,118.1319046875,70.997825,61.67170756848788,0.0388953125,Healthy Leaf
HL00167.jpg,119.6633234375,142.9376734375,105.1158953125,72.78848932343816,0.036509375,Healthy Leaf
HL00168.jpg,128.5612421875,151.258621875,124.016028125,58.78678181182476,0.0270875,Healthy Leaf
HL00169.jpg,130.8013734375,151.4237140625,127.0250953125,63.83324776778744,0.0237671875,Healthy Leaf
HL00170.jpg,126.571228125,152.033746875,114.78065,61.72903776707776,0.0173171875,Healthy Leaf
HL00171.jpg,124.3148796875,146.9624140625,115.2757609375,66.44467057794196,0.0479203125,Healthy Leaf
HL00172.jpg,121.3276328125,146.1022015625,110.6129890625,64.54613330613802,0.0362015625,Healthy Leaf
HL00173.jpg,110.483084375,136.0733046875,90.7600046875,66.60121189685404,0.01891875,Healthy Leaf
HL00174.jpg,143.7317609375,160.250378125,121.0982515625,51.08554234236886,0.11210625,Healthy Leaf
HL00175.jpg,132.7984546875,147.948178125,110.251890625,58.99619940844433,0.0545671875,Healthy Leaf
HL00176.jpg,126.403703125,144.360478125,109.8726125,49.60027219253649,0.0378140625,Healthy Leaf
HL00177.jpg,129.8206953125,147.8992796875,111.042584375,55.36703937314899,0.0387265625,Healthy Leaf
HL00178.jpg,109.9382171875,126.9926453125,83.6576484375,41.09737288540499,0.0662609375,Healthy Leaf
HL00179.jpg,127.77785,143.788984375,102.7758453125,51.191205430338265,0.1932578125,Healthy Leaf
HL00180.jpg,132.0753046875,147.661559375,112.0984484375,60.059034541754386,0.1401265625,Healthy Leaf
HL00181.jpg,148.5921765625,166.2576484375,135.491075,48.87999507753938,0.0254328125,Healthy Leaf
HL00182.jpg,123.8239640625,141.69213125,100.929065625,56.38925527881925,0.0742578125,Healthy Leaf
HL00183.jpg,126.1758453125,144.1727578125,102.6887703125,51.210430076951184,0.0621703125,Healthy Leaf
HL00184.jpg,143.1432546875,163.5003890625,124.136046875,59.26852149706525,0.0197109375,Healthy Leaf
HL00185.jpg,135.350634375,153.4991109375,121.1150203125,66.96322166216254,0.0095171875,Healthy Leaf
HL00186.jpg,129.0144890625,149.849990625,118.711184375,59.74733831528409,0.0241109375,Healthy Leaf
HL00187.jpg,152.9848109375,172.22915,137.2393046875,58.70836423252972,0.024571875,Healthy Leaf
HL00188.jpg,145.541059375,164.137071875,130.3658359375,65.55582804511624,0.026359375,Healthy Leaf
HL00189.jpg,133.5252375,152.1292828125,117.507965625,69.90053006748104,0.028375,Healthy Leaf
HL00190.jpg,131.6434015625,149.848234375,123.017621875,61.37254879984888,0.0112328125,Healthy Leaf
HL00191.jpg,98.51198125,120.3425234375,82.2155890625,55.98330476544985,0.0133890625,Healthy Leaf
HL00192.jpg,100.4418453125,128.0615765625,75.7883484375,49.07007820895897,0.06329375,Healthy Leaf
HL00193.jpg,75.9682515625,111.8333328125,42.09326875,34.57014015020594,0.179378125,Healthy Leaf
HL00194.jpg,150.133909375,165.187046875,127.001709375,54.63582155501895,0.1236109375,Healthy Leaf
HL00195.jpg,127.6270984375,145.424025,101.53561875,61.02030798066201,0.065103125,Healthy Leaf
HL00196.jpg,138.8562203125,154.1661171875,120.1072359375,55.12721370632735,0.092803125,Healthy Leaf
HL00197.jpg,123.2326875,141.1546484375,98.7996046875,53.57753549377205,0.085409375,Healthy Leaf
HL00198.jpg,119.3726296875,136.5930359375,93.7728140625,56.564495525952886,0.0530828125,Healthy Leaf
HL00199.jpg,143.513571875,158.3429328125,130.829125,50.60687847202989,0.0147796875,Healthy Leaf
HL00200.jpg,125.238425,142.1640546875,97.319834375,59.67505502669612,0.014221875,Healthy Leaf
HL00201.jpg,94.2036609375,116.010965625,58.0671578125,41.94160440542317,0.1626875,Healthy Leaf
HL00202.jpg,93.1930140625,116.825459375,53.81235625,35.46969333597959,0.013821875,Healthy Leaf
HL00203.jpg,121.354540625,141.2088640625,90.498365625,50.011444224231305,0.2052203125,Healthy Leaf
HL00204.jpg,129.7765078125,154.28211875,112.035115625,62.64678975530128,0.0461015625,Healthy Leaf
HL00205.jpg,91.95635,118.8340328125,68.5121234375,54.65853398395652,0.0196703125,Healthy Leaf
HL00206.jpg,101.7210578125,129.2932734375,82.678575,60.38364158442128,0.0163890625,Healthy Leaf
HL00207.jpg,118.5378734375,145.441165625,102.6624921875,60.122060962533276,0.0658265625,Healthy Leaf
HL00208.jpg,121.4298484375,145.9190359375,112.8504125,61.87123882184817,0.0293640625,Healthy Leaf
HL00209.jpg,133.631903125,156.6137453125,119.4379828125,63.07859425865085,0.0412625,Healthy Leaf
HL00210.jpg,145.2220890625,166.0971328125,140.5812734375,56.91018714866293,0.0263640625,Healthy Leaf
HL00211.jpg,127.054540625,150.3191875,115.7362609375,63.41657406473489,0.035365625,Healthy Leaf
HL00212.jpg,101.5353015625,126.179709375,90.6788859375,58.1803630641374,0.029146875,Healthy Leaf
HL00213.jpg,118.87559375,141.858290625,111.2873140625,64.2018257112993,0.028984375,Healthy Leaf
HL00214.jpg,142.7201859375,159.347475,119.0311390625,47.40400626695385,0.06025,Healthy Leaf
HL00215.jpg,121.5723140625,140.28876875,96.2273609375,57.105922578774994,0.0056546875,Healthy Leaf
HL00216.jpg,137.0609609375,153.0231203125,114.6444265625,60.99620296013501,0.0221,Healthy Leaf
HL00217.jpg,137.241009375,155.2488328125,115.73126875,54.04146130754464,0.0471703125,Healthy Leaf
HL00218.jpg,100.904875,121.75795625,67.6213890625,46.94580595981809,0.1368171875,Healthy Leaf
HL00219.jpg,142.5379,159.946596875,111.4004859375,38.09809287859143,0.0337109375,Healthy Leaf
HL00220.jpg,148.5478109375,164.078071875,122.840046875,54.17972490878735,0.054590625,Healthy Leaf
HL00221.jpg,133.9634890625,150.064853125,112.9725,60.47133538515777,0.0416671875,Healthy Leaf
HL00222.jpg,104.9086109375,124.5271265625,77.2851578125,46.008873895436395,0.0137859375,Healthy Leaf
HL00223.jpg,129.80430625,147.3364140625,102.0565484375,56.43853890536466,0.0227625,Healthy Leaf
HL00224.jpg,142.2476125,166.3042921875,133.3263703125,61.296128878277,0.0138765625,Healthy Leaf
HL00225.jpg,104.728375,131.505728125,86.1412609375,62.58299903425593,0.038571875,Healthy Leaf
HL00226.jpg,91.8420640625,119.248534375,72.724946875,64.94242129007306,0.0415609375,Healthy Leaf
HL00227.jpg,112.6684609375,138.5526234375,101.501590625,63.73645486750223,0.0159578125,Healthy Leaf
HL00228.jpg,110.2334046875,135.35701875,103.3309453125,56.52414712903465,0.0057390625,Healthy Leaf
HL00229.jpg,110.1022765625,134.1544890625,105.048365625,63.51308372148683,0.0281734375,Healthy Leaf
HL00230.jpg,135.2154140625,161.5976546875,124.8138140625,63.10337729346724,0.0406578125,Healthy Leaf
HL00231.jpg,142.6556140625,165.5477234375,137.950309375,64.26546415214005,0.0170859375,Healthy Leaf
HL00232.jpg,136.491134375,162.518215625,128.26295625,61.65025453179212,0.0233359375,Healthy Leaf
HL00233.jpg,126.2107453125,152.1077515625,122.404684375,62.8583697586633,0.019025,Healthy Leaf
HL00234.jpg,155.726378125,172.2588625,140.81744375,47.51434237482107,0.06128125,Healthy Leaf
HL00235.jpg,145.0099203125,159.62060625,131.1885203125,51.46756764986659,0.0410109375,Healthy Leaf
HL00236.jpg,135.3600484375,150.4435703125,119.0272046875,52.409019112872876,0.0200125,Healthy Leaf
HL00237.jpg,133.540509375,148.4922484375,114.87604375,58.92815865051587,0.0322953125,Healthy Leaf
HL00238.jpg,127.9016296875,145.3409671875,112.632965625,53.34392044703508,0.045153125,Healthy Leaf
HL00239.jpg,137.8431234375,154.1216375,127.3911703125,46.16614293004116,0.009640625,Healthy Leaf
HL00240.jpg,150.56023125,167.2200453125,133.7445875,55.11253263567247,0.0658390625,Healthy Leaf
HL00241.jpg,143.96140625,158.7344796875,130.8508515625,54.694662860375466,0.0463265625,Healthy Leaf
HL00242.jpg,139.805353125,156.921053125,123.7680546875,55.3268065275906,0.0223375,Healthy Leaf
HL00243.jpg,104.6034984375,122.9433484375,80.970321875,38.15956053356897,0.0781359375,Healthy Leaf
HL00244.jpg,129.531453125,159.2451546875,134.8519390625,67.02429303142601,0.0554921875,Healthy Leaf
HL00245.jpg,111.4302296875,139.872834375,107.266709375,62.28418396541679,0.0366625,Healthy Leaf
HL00246.jpg,114.680165625,140.6738359375,116.0323875,66.60759343559181,0.0169171875,Healthy Leaf
HL00247.jpg,121.6907,152.6553671875,117.1840515625,68.10826423449888,0.0653296875,Healthy Leaf
HL00248.jpg,122.15155,149.0830921875,122.1076296875,65.63171597812146,0.02414375,Healthy Leaf
HL00249.jpg,115.4836359375,140.008946875,112.5093234375,65.89743239167214,0.0545796875,Healthy Leaf
HL00250.jpg,108.7923515625,134.483715625,102.5755234375,65.02335022240328,0.0373828125,Healthy Leaf
HL00251.jpg,110.672978125,134.852546875,106.7957546875,68.04645925478019,0.058053125,Healthy Leaf
HL00252.jpg,104.90153125,129.02230625,103.3676125,59.197756187599914,0.0316765625,Healthy Leaf
HL00253.jpg,82.6601140625,105.715715625,70.4803671875,59.23939229341902,0.0594359375,Healthy Leaf
HL00254.jpg,89.808740625,109.5922109375,74.109628125,40.627204887046105,0.1876421875,Healthy Leaf
HL00255.jpg,93.6743578125,115.6506234375,78.3315046875,38.80667985252697,0.186809375,Healthy Leaf
HL00256.jpg,132.55120625,145.9738390625,124.353709375,58.142454261885604,0.1086921875,Healthy Leaf
HL00257.jpg,99.1132890625,120.947109375,87.4728015625,59.96681931965697,0.1193796875,Healthy Leaf
HGD00001.jpg,179.8865265625,187.7225875,173.7991640625,64.50305894620416,0.021390625,Herbicide Growth Damage
HGD00002.jpg,142.2846625,154.69134375,135.5945359375,72.64333804501622,0.0093453125,Herbicide Growth Damage
HGD00003.jpg,142.79259375,155.2636796875,136.4782625,74.60163225758434,0.022521875,Herbicide Growth Damage
HGD00004.jpg,154.5952765625,168.057375,145.2921640625,68.0265090332847,0.04265625,Herbicide Growth Damage
HGD00005.jpg,141.294409375,153.161815625,133.044003125,63.98990090744301,0.0477796875,Herbicide Growth Damage
HGD00006.jpg,129.89556875,140.71004375,123.60713125,64.99986153723457,0.0264609375,Herbicide Growth Damage
HGD00007.jpg,124.215965625,138.882709375,117.1163296875,85.36323331608791,0.0171703125,Herbicide Growth Damage
HGD00008.jpg,129.4973296875,138.8066078125,123.011078125,70.23122653978645,0.0170734375,Herbicide Growth Damage
HGD00009.jpg,164.3158546875,174.309975,158.391090625,60.884508240475824,0.0189109375,Herbicide Growth Damage
HGD00010.jpg,137.9971890625,146.524109375,130.78885,73.1864542306581,0.017684375,Herbicide Growth Damage
HGD00011.jpg,154.360490625,164.348240625,149.6632296875,68.19532222803794,0.01451875,Herbicide Growth Damage
HGD00012.jpg,167.4408890625,175.3681796875,162.6743890625,60.24879852001069,0.0131859375,Herbicide Growth Damage
HGD00013.jpg,160.233121875,166.6291859375,156.5491453125,44.76652889504758,0.005265625,Herbicide Growth Damage
HGD00014.jpg,162.6055125,170.2809953125,155.9712140625,56.91148950211525,0.0168078125,Herbicide Growth Damage
HGD00015.jpg,121.954225,134.355284375,115.2838375,80.90639899444612,0.0104640625,Herbicide Growth Damage
HGD00016.jpg,139.1104328125,153.567971875,129.599590625,75.03371175023386,0.04144375,Herbicide Growth Damage
HGD00017.jpg,131.2791203125,142.6201734375,122.4101046875,61.343567830974735,0.0178375,Herbicide Growth Damage
HGD00018.jpg,143.7697140625,154.447815625,137.2756125,64.69992047420844,0.0122140625,Herbicide Growth Damage
HGD00019.jpg,141.91798125,154.6341359375,135.0778578125,73.8976174477646,0.026484375,Herbicide Growth Damage
HGD00020.jpg,142.9240296875,153.844846875,138.4520203125,71.6572873855412,0.0223515625,Herbicide Growth Damage
HGD00021.jpg,98.0509921875,118.36930625,82.33351875,65.98162914398279,0.0140875,Herbicide Growth Damage
HGD00022.jpg,118.2968046875,136.45906875,104.1878125,64.02374305385976,0.041034375,Herbicide Growth Damage
HGD00023.jpg,172.194828125,178.3333046875,166.4701265625,46.10296539211467,0.0282578125,Herbicide Growth Damage
HGD00024.jpg,161.4263265625,168.8255125,153.40058125,51.664018910221955,0.051828125,Herbicide Growth Damage
HGD00025.jpg,154.7716296875,163.3372578125,145.2578421875,53.65489121371787,0.08293125,Herbicide Growth Damage
HGD00026.jpg,135.443671875,144.508075,126.872371875,64.95534535571159,0.073778125,Herbicide Growth Damage
HGD00027.jpg,136.4697921875,143.1629,129.663584375,53.45862029569062,0.0084515625,Herbicide Growth Damage
HGD00028.jpg,140.7817625,147.5069,133.88006875,60.36016417076312,0.025146875,Herbicide Growth Damage
HGD00029.jpg,148.9609375,154.7849078125,143.9058203125,54.77028624904815,0.0201328125,Herbicide Growth Damage
HGD00030.jpg,164.9138984375,171.57966875,161.1499296875,48.50388665284191,0.0149609375,Herbicide Growth Damage
HGD00031.jpg,142.248875,154.440353125,122.1990046875,63.21983178232994,0.02883125,Herbicide Growth Damage
HGD00032.jpg,112.7251265625,130.2635546875,83.341215625,48.43424758167225,0.111109375,Herbicide Growth Damage
HGD00033.jpg,147.1943515625,158.37310625,127.7585125,61.227988907805354,0.0071953125,Herbicide Growth Damage
HGD00034.jpg,154.27646875,162.6196390625,138.68294375,60.806286429318924,0.01123125,Herbicide Growth Damage
HGD00035.jpg,180.57869375,183.2182796875,175.229134375,37.11642242024708,0.0061671875,Herbicide Growth Damage
HGD00036.jpg,136.1454296875,148.46300625,116.28321875,56.534306100885274,0.0048734375,Herbicide Growth Damage
HGD00037.jpg,134.903590625,145.656365625,115.2434265625,56.120332530974416,0.0006875,Herbicide Growth Damage
HGD00038.jpg,121.2425125,136.313453125,107.59355625,73.91044629616593,0.0159359375,Herbicide Growth Damage
HGD00039.jpg,136.3226140625,149.0712390625,124.7148765625,75.18144449093614,0.02089375,Herbicide Growth Damage
HGD00040.jpg,128.2936921875,143.3731890625,112.9662234375,69.62646208069734,0.005528125,Herbicide Growth Damage
HGD00041.jpg,125.8544578125,143.381746875,111.7337953125,75.82206484663357,0.0149265625,Herbicide Growth Damage
HGD00042.jpg,110.697790625,126.690659375,98.1503125,74.03176969029488,0.00293125,Herbicide Growth Damage
HGD00043.jpg,148.9009625,160.2006671875,138.529334375,73.56713681241246,0.0064671875,Herbicide Growth Damage
HGD00044.jpg,135.0927671875,150.5463875,122.0162796875,68.80896812355704,0.0113171875,Herbicide Growth Damage
HGD00045.jpg,124.2763484375,140.2834734375,109.6338828125,76.02350374981016,0.0056859375,Herbicide Growth Damage
HGD00046.jpg,138.6679578125,151.33683125,126.8168328125,68.6337000208307,0.00591875,Herbicide Growth Damage
HGD00047.jpg,151.7301625,162.314346875,141.8870421875,65.36998494193483,0.0154046875,Herbicide Growth Damage
HGD00048.jpg,148.8717359375,161.1605078125,136.2503546875,67.77066598647515,0.011684375,Herbicide Growth Damage
HGD00049.jpg,152.246340625,163.923196875,138.642015625,70.82474628896723,0.0130359375,Herbicide Growth Damage
HGD00050.jpg,147.2573984375,159.4060609375,134.2550546875,72.22966667727155,0.01225625,Herbicide Growth Damage
HGD00051.jpg,131.4255765625,144.53591875,121.05050625,78.15777101945326,0.02668125,Herbicide Growth Damage
HGD00052.jpg,147.5378390625,158.16339375,136.874740625,77.97762467425495,0.02028125,Herbicide Growth Damage
HGD00053.jpg,111.6057390625,127.201384375,97.1001296875,80.20245588385457,0.0184828125,Herbicide Growth Damage
HGD00054.jpg,81.5625390625,100.5891375,64.6445390625,53.24756828337858,0.007609375,Herbicide Growth Damage
HGD00055.jpg,101.8310765625,118.9974765625,87.5843671875,66.20577060727281,0.0356203125,Herbicide Growth Damage
HGD00056.jpg,122.738584375,136.541315625,112.6264796875,72.87095034490966,0.0054390625,Herbicide Growth Damage
HGD00057.jpg,125.0198890625,139.6287109375,113.1995203125,71.52530682702991,0.0256359375,Herbicide Growth Damage
HGD00058.jpg,116.860075,129.67578125,104.8384515625,80.47335089510901,0.0110984375,Herbicide Growth Damage
HGD00059.jpg,122.5786109375,137.1456515625,109.7515171875,75.54700516810132,0.019021875,Herbicide Growth Damage
HGD00060.jpg,115.9181890625,129.7785828125,102.4758390625,71.33641679941353,0.0239046875,Herbicide Growth Damage
HGD00061.jpg,87.2810953125,104.0108,72.900840625,54.50813022154777,0.0421296875,Herbicide Growth Damage
HGD00062.jpg,142.3967921875,153.0488984375,133.6133046875,75.6152048421188,0.0307640625,Herbicide Growth Damage
HGD00063.jpg,133.299725,146.45414375,121.636328125,75.55321590150463,0.0128515625,Herbicide Growth Damage
HGD00064.jpg,139.00405625,151.5072296875,128.5276453125,70.98841873249219,0.0049953125,Herbicide Growth Damage
HGD00065.jpg,151.0539359375,161.2579390625,139.9604046875,66.95477053760514,0.0054125,Herbicide Growth Damage
HGD00066.jpg,144.3584078125,155.1454984375,133.08888125,68.96227438040599,0.0029984375,Herbicide Growth Damage
HGD00067.jpg,134.1580390625,145.98055,123.2032859375,76.5758125664985,0.0075671875,Herbicide Growth Damage
HGD00068.jpg,148.3169,158.291109375,138.5290546875,74.68392016310669,0.010046875,Herbicide Growth Damage
HGD00069.jpg,137.046309375,147.50813125,126.420540625,71.84869654594648,0.0101421875,Herbicide Growth Damage
HGD00070.jpg,103.8235171875,121.034859375,90.77753125,75.7775868029774,0.0222265625,Herbicide Growth Damage
HGD00071.jpg,153.87293125,163.637559375,137.3829515625,60.7627655478704,0.0579359375,Herbicide Growth Damage
HGD00072.jpg,151.3144828125,161.55909375,132.943940625,62.781533623052724,0.054803125,Herbicide Growth Damage
HGD00073.jpg,139.2755484375,152.14304375,120.1549015625,59.81873315158003,0.01099375,Herbicide Growth Damage
HGD00074.jpg,146.717653125,157.735915625,129.5495046875,61.33351116180398,0.0143828125,Herbicide Growth Damage
HGD00075.jpg,155.2698921875,164.4260640625,138.6209828125,74.84987594970983,0.0147015625,Herbicide Growth Damage
HGD00076.jpg,165.6640109375,174.6314375,151.2429203125,61.76506528020233,0.006109375,Herbicide Growth Damage
HGD00077.jpg,134.61850625,147.385221875,113.358759375,65.00245144167154,0.045746875,Herbicide Growth Damage
HGD00078.jpg,155.3248265625,164.2248203125,143.17795,54.995385776602596,0.01760625,Herbicide Growth Damage
HGD00079.jpg,151.95823125,162.863325,133.602175,55.839818161877574,0.0343703125,Herbicide Growth Damage
HGD00080.jpg,141.4243296875,151.8048859375,127.917215625,60.33166626302918,0.0064953125,Herbicide Growth Damage
HGD00081.jpg,137.2977921875,148.919209375,122.1284734375,61.6676421866618,0.02320625,Herbicide Growth Damage
HGD00082.jpg,159.3953640625,166.78893125,143.577771875,60.50091297835796,0.022396875,Herbicide Growth Damage
HGD00083.jpg,170.5468125,177.0963234375,160.99855625,49.10916139390486,0.0029125,Herbicide Growth Damage
HGD00084.jpg,145.2204578125,157.5724296875,132.11393125,58.6399190570071,0.0019421875,Herbicide Growth Damage
HGD00085.jpg,148.235953125,157.8375375,133.04016875,63.01304123752285,0.010815625,Herbicide Growth Damage
HGD00086.jpg,148.076578125,157.9622046875,131.8479734375,67.47001710230921,0.0289234375,Herbicide Growth Damage
HGD00087.jpg,145.2904375,157.5047375,135.26440625,74.88291273186921,0.0358953125,Herbicide Growth Damage
HGD00088.jpg,144.1598875,155.742378125,132.7753265625,74.9016335855285,0.0142453125,Herbicide Growth Damage
HGD00089.jpg,144.6484375,157.1354125,135.2270515625,71.89166919498975,0.0179703125,Herbicide Growth Damage
HGD00090.jpg,147.6862609375,159.63125625,136.8570765625,73.03774484494058,0.0117375,Herbicide Growth Damage
HGD00091.jpg,155.591415625,165.254565625,145.7250921875,71.41558579184198,0.0205640625,Herbicide Growth Damage
HGD00092.jpg,148.8086109375,161.438575,133.873603125,72.90342501515677,0.017409375,Herbicide Growth Damage
HGD00093.jpg,147.5210796875,158.343334375,134.805553125,73.72858237970716,0.0057390625,Herbicide Growth Damage
HGD00094.jpg,112.094240625,130.02081875,97.0104203125,81.31438443420097,0.023003125,Herbicide Growth Damage
HGD00095.jpg,106.5042,125.759590625,89.57593125,72.59996828485549,0.064265625,Herbicide Growth Damage
HGD00096.jpg,140.215734375,150.998790625,130.21280625,77.09363082242508,0.0264171875,Herbicide Growth Damage
HGD00097.jpg,149.654521875,160.874475,137.7064578125,77.81447955830197,0.0125765625,Herbicide Growth Damage
HGD00098.jpg,142.354234375,153.84990625,132.8547390625,76.55403429344086,0.0084265625,Herbicide Growth Damage
HGD00099.jpg,112.30165625,130.932,98.7791671875,75.94831221574069,0.037334375,Herbicide Growth Damage
HGD00100.jpg,80.82034375,103.0106546875,66.17758125,63.78226940360757,0.0707828125,Herbicide Growth Damage
HGD00101.jpg,141.0493671875,154.2592921875,130.9096984375,72.12525685620408,0.0140484375,Herbicide Growth Damage
HGD00102.jpg,117.4204703125,134.012709375,104.4178421875,75.69160279227656,0.01960625,Herbicide Growth Damage
HGD00103.jpg,141.4910453125,152.9598046875,130.45775,74.47299448194882,0.0125203125,Herbicide Growth Damage
HGD00104.jpg,151.05278125,162.3282734375,139.40265,69.98746742487828,0.0077265625,Herbicide Growth Damage
HGD00105.jpg,144.29561875,156.85930625,134.5475796875,75.83486453187909,0.0347125,Herbicide Growth Damage
HGD00106.jpg,146.780140625,158.31490625,137.5654484375,73.16240357037836,0.026975,Herbicide Growth Damage
HGD00107.jpg,153.4884125,163.3559734375,139.6024265625,62.99806082551797,0.0489625,Herbicide Growth Damage
HGD00108.jpg,142.817003125,153.2376453125,124.414934375,66.74639559971075,0.0101765625,Herbicide Growth Damage
HGD00109.jpg,136.6744171875,149.21195625,117.50773125,63.39346446818381,0.079578125,Herbicide Growth Damage
HGD00110.jpg,109.165453125,126.164625,80.3421125,50.10228720405036,0.1244265625,Herbicide Growth Damage
HGD00111.jpg,135.0007296875,147.5066515625,116.20710625,62.119168739660715,0.006696875,Herbicide Growth Damage
HGD00112.jpg,145.012034375,156.7881796875,127.428740625,62.70849190173931,0.0244,Herbicide Growth Damage
HGD00113.jpg,142.054809375,153.204571875,124.2206125,61.71910631668425,0.003840625,Herbicide Growth Damage
HGD00114.jpg,163.2102453125,170.9666703125,150.6112515625,57.57673055679419,0.00725,Herbicide Growth Damage
HGD00115.jpg,149.784796875,160.6007859375,133.2398859375,62.344717630645846,0.051884375,Herbicide Growth Damage
HGD00116.jpg,145.4146734375,153.5641625,134.9029125,65.82555786322413,0.005803125,Herbicide Growth Damage
HGD00117.jpg,143.4725765625,155.2942671875,127.3534125,63.9484299366581,0.05823125,Herbicide Growth Damage
HGD00118.jpg,129.94611875,143.5453625,111.1737625,62.960535168220325,0.0529515625,Herbicide Growth Damage
HGD00119.jpg,143.5763296875,154.71109375,129.406378125,63.14338097200816,0.0404703125,Herbicide Growth Damage
HGD00120.jpg,153.58815625,161.7579421875,139.9662109375,61.54041034819622,0.0070578125,Herbicide Growth Damage
HGD00121.jpg,144.184721875,154.445725,129.0212140625,60.843301139862604,0.003246875,Herbicide Growth Damage
HGD00122.jpg,125.83581875,140.0701125,103.6828203125,61.950325496548906,0.018284375,Herbicide Growth Damage
HGD00123.jpg,145.4230921875,156.702165625,128.7917,62.719721528137775,0.0231296875,Herbicide Growth Damage
HGD00124.jpg,146.2202328125,155.836190625,129.9324140625,63.4806883840493,0.0211375,Herbicide Growth Damage
HGD00125.jpg,140.028215625,150.030196875,120.3623734375,64.21206887955849,0.0286375,Herbicide Growth Damage
HGD00126.jpg,143.48091875,161.0965453125,134.5636578125,50.68748929513209,0.0199484375,Herbicide Growth Damage
HGD00127.jpg,146.109321875,161.2415703125,138.9970328125,55.3314424889068,0.03069375,Herbicide Growth Damage
HGD00128.jpg,157.4323515625,169.8633203125,157.75941875,43.300174322640935,0.0228015625,Herbicide Growth Damage
HGD00129.jpg,152.1198015625,167.9795953125,151.8783078125,60.304488589217854,0.01719375,Herbicide Growth Damage
HGD00130.jpg,142.6637046875,162.7673015625,140.7692625,66.78907366362711,0.03556875,Herbicide Growth Damage
HGD00131.jpg,135.980925,158.30271875,131.495371875,64.3181445896004,0.040753125,Herbicide Growth Damage
HGD00132.jpg,137.149046875,158.9492984375,132.23735625,63.90164002326213,0.037071875,Herbicide Growth Damage
HGD00133.jpg,148.1126328125,166.5997203125,147.3544125,61.50390553741593,0.029315625,Herbicide Growth Damage
HGD00134.jpg,147.805603125,166.010253125,141.360703125,63.81313997731697,0.0201765625,Herbicide Growth Damage
HGD00135.jpg,148.87385,167.1970765625,147.526903125,58.5358257273702,0.023859375,Herbicide Growth Damage
HGD00136.jpg,148.503403125,170.3974359375,146.542828125,64.65234637280142,0.0139375,Herbicide Growth Damage
HGD00137.jpg,157.2158875,171.98255,159.7872640625,48.6473460065891,0.01209375,Herbicide Growth Damage
HGD00138.jpg,151.3624890625,166.806434375,145.75960625,49.27116838742662,0.035403125,Herbicide Growth Damage
HGD00139.jpg,137.846559375,158.4774625,125.5280828125,50.04465060708044,0.07815625,Herbicide Growth Damage
HGD00140.jpg,178.3307421875,188.2944421875,172.220165625,56.71576301721595,0.0330796875,Herbicide Growth Damage
HGD00141.jpg,153.64853125,164.97365625,147.9260015625,57.92366812915017,0.0081171875,Herbicide Growth Damage
HGD00142.jpg,152.83963125,164.3181421875,147.1789265625,58.60324062485262,0.035678125,Herbicide Growth Damage
HGD00143.jpg,161.161953125,172.4734890625,154.761959375,60.827282716171716,0.032353125,Herbicide Growth Damage
HGD00144.jpg,169.2637484375,181.9051953125,164.39034375,60.58826856014382,0.021865625,Herbicide Growth Damage
HGD00145.jpg,163.8041859375,175.9618640625,158.14178125,60.100146069801696,0.0393796875,Herbicide Growth Damage
HGD00146.jpg,138.4007359375,155.5063046875,130.8520453125,75.8672024163986,0.066025,Herbicide Growth Damage
HGD00147.jpg,102.289578125,123.7433265625,89.240540625,68.23067113979185,0.09611875,Herbicide Growth Damage
HGD00148.jpg,127.488109375,147.1335921875,116.4907671875,72.50042220876631,0.113359375,Herbicide Growth Damage
HGD00149.jpg,126.9226984375,144.2092296875,117.0217703125,66.18226617326145,0.0303078125,Herbicide Growth Damage
HGD00150.jpg,156.9374859375,167.3346265625,146.2695484375,53.2506501649018,0.0748546875,Herbicide Growth Damage
HGD00151.jpg,156.3424390625,166.2630875,146.842071875,55.91911527109185,0.0438546875,Herbicide Growth Damage
HGD00152.jpg,165.2704515625,175.7333671875,156.2047515625,56.43482012639806,0.0507453125,Herbicide Growth Damage
HGD00153.jpg,168.1085734375,177.9336046875,156.424,50.666039779145386,0.0589703125,Herbicide Growth Damage
HGD00154.jpg,156.605934375,165.920346875,146.1151421875,53.53418444963987,0.053253125,Herbicide Growth Damage
HGD00155.jpg,137.2146734375,146.5230453125,126.3127765625,49.63795717115017,0.019071875,Herbicide Growth Damage
HGD00156.jpg,140.510434375,149.9017640625,132.263153125,54.15909725298582,0.03269375,Herbicide Growth Damage
HGD00157.jpg,155.189715625,165.7221390625,146.6211375,57.501875854777964,0.0444046875,Herbicide Growth Damage
HGD00158.jpg,164.5691328125,175.2801890625,154.22361875,58.73652436529782,0.0776671875,Herbicide Growth Damage
HGD00159.jpg,156.34134375,165.67259375,145.673840625,53.333472184077394,0.03451875,Herbicide Growth Damage
HGD00160.jpg,147.3662015625,156.7299359375,135.8356078125,48.32629250357199,0.0652765625,Herbicide Growth Damage
HGD00161.jpg,151.27776875,160.3832140625,140.3261953125,50.550450331420514,0.0525046875,Herbicide Growth Damage
HGD00162.jpg,129.7576734375,138.50544375,116.9777609375,47.320617226398724,0.019134375,Herbicide Growth Damage
HGD00163.jpg,163.9363171875,171.1226484375,156.150353125,39.00220220767335,0.015084375,Herbicide Growth Damage
HGD00164.jpg,170.4503515625,179.172075,161.336484375,44.2334279096429,0.0451421875,Herbicide Growth Damage
HGD00165.jpg,168.9288140625,178.8462421875,159.4625109375,52.74754828448043,0.04928125,Herbicide Growth Damage
HGD00166.jpg,159.0837265625,168.9236171875,149.8224375,54.6473002399973,0.0414453125,Herbicide Growth Damage
HGD00167.jpg,152.3339203125,169.1841625,139.858659375,64.2257291282379,0.085575,Herbicide Growth Damage
HGD00168.jpg,136.4097703125,156.6266109375,122.761096875,68.0460933685985,0.0721046875,Herbicide Growth Damage
HGD00169.jpg,144.15814375,162.5924296875,130.83256875,61.99414381745494,0.0969765625,Herbicide Growth Damage
HGD00170.jpg,97.6422890625,123.233278125,80.478096875,66.6772639504921,0.0731453125,Herbicide Growth Damage
HGD00171.jpg,149.8418578125,163.4459484375,139.8624921875,68.01299445209352,0.0197953125,Herbicide Growth Damage
HGD00172.jpg,146.119159375,160.697159375,135.2622921875,68.19723882774375,0.033571875,Herbicide Growth Damage
HGD00173.jpg,143.9209140625,159.463259375,134.0624765625,70.53394691333764,0.039490625,Herbicide Growth Damage
HGD00174.jpg,154.3185671875,169.5593609375,145.3508703125,68.81211325861035,0.0431546875,Herbicide Growth Damage
HGD00175.jpg,155.9716875,172.30724375,149.3846203125,60.10554823239563,0.00868125,Herbicide Growth Damage
HGD00176.jpg,152.93730625,166.757359375,141.762046875,64.31035475013384,0.0382,Herbicide Growth Damage
HGD00177.jpg,143.874640625,161.256871875,130.965259375,69.67638941992244,0.0471359375,Herbicide Growth Damage
HGD00178.jpg,145.0148375,161.8866984375,132.7451953125,71.24852750092343,0.032521875,Herbicide Growth Damage
HGD00179.jpg,140.1856796875,157.6005890625,133.739128125,66.34868788839137,0.0177796875,Herbicide Growth Damage
HGD00180.jpg,137.7852109375,155.283771875,129.064959375,69.27026400354697,0.0422703125,Herbicide Growth Damage
HGD00181.jpg,136.3569734375,152.7514765625,126.5681171875,65.14912959430049,0.0328875,Herbicide Growth Damage
HGD00182.jpg,140.54173125,156.772334375,129.063853125,68.60064457715005,0.032159375,Herbicide Growth Damage
HGD00183.jpg,160.04345625,174.9204671875,148.972053125,55.055521583969295,0.016778125,Herbicide Growth Damage
HGD00184.jpg,135.594459375,155.5023265625,119.9465828125,63.776014641455745,0.0644546875,Herbicide Growth Damage
HGD00185.jpg,97.3166484375,121.7802296875,78.031009375,58.33826001812485,0.128465625,Herbicide Growth Damage
HGD00186.jpg,100.9582453125,126.30309375,80.7797125,57.78685711957152,0.1181796875,Herbicide Growth Damage
HGD00187.jpg,97.2303859375,121.9388359375,78.5317453125,59.80079478756421,0.1885796875,Herbicide Growth Damage
HGD00188.jpg,123.87796875,143.949815625,109.893303125,67.3288324633069,0.0939671875,Herbicide Growth Damage
HGD00189.jpg,115.644403125,137.7504921875,97.9781296875,57.19765146529446,0.1327046875,Herbicide Growth Damage
HGD00190.jpg,153.5695796875,165.4691703125,144.978984375,55.07007779889462,0.028615625,Herbicide Growth Damage
HGD00191.jpg,160.12545,169.165940625,151.4562515625,50.47963873149242,0.0309796875,Herbicide Growth Damage
HGD00192.jpg,160.5880015625,169.7291265625,148.8369234375,64.95512265044448,0.0266421875,Herbicide Growth Damage
HGD00193.jpg,165.683428125,173.7029375,154.3042640625,59.405696084539436,0.019246875,Herbicide Growth Damage
HGD00194.jpg,167.5138890625,175.3103078125,152.2619796875,53.21622161176713,0.005821875,Herbicide Growth Damage
HGD00195.jpg,163.88205,172.5128234375,150.4487484375,50.01727200407211,0.0287296875,Herbicide Growth Damage
HGD00196.jpg,161.4359578125,170.8723515625,147.4383171875,51.13482984121334,0.0127515625,Herbicide Growth Damage
HGD00197.jpg,164.2546859375,171.3923109375,152.258803125,49.033814136533074,0.008890625,Herbicide Growth Damage
HGD00198.jpg,172.20375,179.2686203125,158.7693234375,48.032500006888,0.004975,Herbicide Growth Damage
HGD00199.jpg,165.2683015625,173.135659375,149.1112171875,52.49307400623795,0.0074875,Herbicide Growth Damage
HGD00200.jpg,151.6344328125,161.3125984375,135.987628125,60.28835497383365,0.005121875,Herbicide Growth Damage
HGD00201.jpg,161.757403125,169.3370546875,148.2795203125,53.585524802656224,0.004753125,Herbicide Growth Damage
HGD00202.jpg,160.4831296875,169.44418125,146.0826171875,57.8629347086163,0.020975,Herbicide Growth Damage
HGD00203.jpg,156.2315921875,165.2445390625,141.76018125,56.33439541782754,0.0138625,Herbicide Growth Damage
HGD00204.jpg,146.6794796875,156.3874109375,129.0232203125,60.93088256498622,0.020953125,Herbicide Growth Damage
HGD00205.jpg,141.822896875,152.4376296875,124.1217671875,58.57840132640578,0.00761875,Herbicide Growth Damage
HGD00206.jpg,141.243521875,152.028159375,123.7950375,61.3189991827459,0.018925,Herbicide Growth Damage
HGD00207.jpg,152.372246875,162.944509375,135.056621875,57.35012074691832,0.0246109375,Herbicide Growth Damage
HGD00208.jpg,141.7428921875,152.9367578125,125.153396875,54.73879738328742,0.0008171875,Herbicide Growth Damage
HGD00209.jpg,154.3280453125,164.9609109375,138.68906875,58.67136547462592,0.010371875,Herbicide Growth Damage
HGD00210.jpg,147.996509375,159.252684375,131.7189875,54.61265291441707,0.0,Herbicide Growth Damage
HGD00211.jpg,154.9081125,164.20293125,137.68155625,62.57154750246092,0.01058125,Herbicide Growth Damage
HGD00212.jpg,159.6547265625,167.289640625,148.9242359375,73.34620254944763,0.0025984375,Herbicide Growth Damage
HGD00213.jpg,154.464509375,163.658259375,141.33234375,58.1292346248787,0.01665,Herbicide Growth Damage
HGD00214.jpg,150.654484375,161.220425,132.6012828125,59.37981190482536,0.008434375,Herbicide Growth Damage
HGD00215.jpg,158.577265625,167.9844828125,142.9513921875,56.95705362068314,0.0196140625,Herbicide Growth Damage
HGD00216.jpg,160.49488125,169.1157453125,146.007478125,53.84878311998209,0.0084265625,Herbicide Growth Damage
HGD00217.jpg,158.9088140625,168.2810890625,146.7176265625,57.04137736365376,0.0025703125,Herbicide Growth Damage
HGD00218.jpg,161.5406734375,171.171753125,146.8449734375,59.08137760501233,0.0396890625,Herbicide Growth Damage
HGD00219.jpg,162.63843125,172.3143515625,148.5413859375,60.06422335332999,0.044309375,Herbicide Growth Damage
HGD00220.jpg,159.127575,168.7121390625,144.629221875,57.77006312639559,0.0157796875,Herbicide Growth Damage
HGD00221.jpg,147.126709375,160.2862875,136.6536921875,72.75610186665106,0.0140078125,Herbicide Growth Damage
HGD00222.jpg,152.1644625,163.74803125,142.2158640625,70.14576965065257,0.0182453125,Herbicide Growth Damage
HGD00223.jpg,144.16534375,156.2564125,134.6683453125,71.45987287663178,0.022240625,Herbicide Growth Damage
HGD00224.jpg,155.420246875,168.10610625,145.4293046875,63.76410303553656,0.009584375,Herbicide Growth Damage
HGD00225.jpg,160.875234375,171.17753125,152.0882,63.11533671395485,0.0196546875,Herbicide Growth Damage
HGD00226.jpg,145.864146875,158.62820625,134.77876875,66.74193503317396,0.0307296875,Herbicide Growth Damage
HGD00227.jpg,150.658396875,163.11219375,140.530946875,62.98966138216588,0.0041609375,Herbicide Growth Damage
HGD00228.jpg,108.5990109375,127.3957171875,94.310575,62.795006255906955,0.023934375,Herbicide Growth Damage
HGD00229.jpg,137.5506203125,151.07378125,128.3484375,67.66517265680329,0.0192921875,Herbicide Growth Damage
HGD00230.jpg,141.102209375,154.0485,130.1021265625,74.5903308269299,0.024521875,Herbicide Growth Damage
HGD00231.jpg,152.90991875,163.6321125,141.544340625,62.036416311168345,0.0220734375,Herbicide Growth Damage
HGD00232.jpg,160.7394375,170.9798734375,152.516253125,56.82856093758968,0.013703125,Herbicide Growth Damage
HGD00233.jpg,154.8702625,163.2745671875,143.406028125,63.31001987452295,0.012778125,Herbicide Growth Damage
HGD00234.jpg,155.809409375,166.797840625,148.5154484375,64.79297919001061,0.018225,Herbicide Growth Damage
HGD00235.jpg,148.7531640625,159.74850625,137.1274375,70.44561198725764,0.0194171875,Herbicide Growth Damage
HGD00236.jpg,125.4703125,141.9307734375,112.5798171875,73.5572795538714,0.0330015625,Herbicide Growth Damage
HGD00237.jpg,155.10040625,164.196125,148.6006015625,57.29437036403226,0.0122859375,Herbicide Growth Damage
HGD00238.jpg,138.5545671875,151.4122234375,128.46211875,73.03476291752698,0.011996875,Herbicide Growth Damage
HGD00239.jpg,153.0207515625,162.8581515625,137.525103125,59.339637908953996,0.0254671875,Herbicide Growth Damage
HGD00240.jpg,158.2541625,166.9097125,142.13345,56.428818953929294,0.0410875,Herbicide Growth Damage
HGD00241.jpg,146.808153125,157.980203125,126.60511875,59.078491884558936,0.0114390625,Herbicide Growth Damage
HGD00242.jpg,167.8939703125,175.5872390625,155.7394875,48.26526528144836,0.006221875,Herbicide Growth Damage
HGD00243.jpg,160.1050671875,169.107978125,141.1667796875,54.29529733316464,0.0047359375,Herbicide Growth Damage
HGD00244.jpg,147.6574265625,159.6084265625,126.6172546875,58.71764188025836,0.0067734375,Herbicide Growth Damage
HGD00245.jpg,159.7148234375,169.4428296875,146.300921875,58.79689528620133,0.024665625,Herbicide Growth Damage
HGD00246.jpg,149.182725,159.578425,134.5876015625,57.08906904965714,0.0083140625,Herbicide Growth Damage
HGD00247.jpg,141.79343125,153.5576953125,120.3285859375,61.848286163718676,0.0119390625,Herbicide Growth Damage
HGD00248.jpg,168.271525,173.9993359375,159.4799890625,53.21750042774557,0.0102828125,Herbicide Growth Damage
HGD00249.jpg,150.2258,160.3146359375,134.1370703125,56.97802494488006,0.012709375,Herbicide Growth Damage
HGD00250.jpg,147.394240625,158.60960625,128.441284375,62.48502999681674,0.0678484375,Herbicide Growth Damage
HGD00251.jpg,158.7802875,168.263940625,142.4309734375,58.496881670951225,0.0648484375,Herbicide Growth Damage
HGD00252.jpg,150.297109375,159.9446828125,129.7502578125,62.32805096535454,0.058309375,Herbicide Growth Damage
HGD00253.jpg,146.0046875,156.26193125,124.6400140625,63.78742288572524,0.0486609375,Herbicide Growth Damage
HGD00254.jpg,141.065684375,152.599440625,120.6444,64.04218594381126,0.04065625,Herbicide Growth Damage
HGD00255.jpg,151.0617578125,161.1952890625,131.939728125,60.80034522325808,0.0228375,Herbicide Growth Damage
HGD00256.jpg,153.1063859375,162.986303125,137.7222328125,59.60495981048892,0.0551234375,Herbicide Growth Damage
HGD00257.jpg,147.032875,157.400503125,130.5120765625,60.55458707394579,0.024,Herbicide Growth Damage
HGD00258.jpg,143.160875,152.70675,124.7240296875,61.03878997848848,0.0118140625,Herbicide Growth Damage
HGD00259.jpg,134.8275015625,147.8531796875,109.561396875,63.76244638618235,0.1087625,Herbicide Growth Damage
HGD00260.jpg,133.75745625,146.5296234375,105.264915625,60.69100507300271,0.094109375,Herbicide Growth Damage
HGD00261.jpg,147.9698765625,158.824709375,135.730225,71.01964107415871,0.0176328125,Herbicide Growth Damage
HGD00262.jpg,157.55914375,167.630196875,145.91504375,66.07482471246627,0.0160921875,Herbicide Growth Damage
HGD00263.jpg,158.6822046875,168.0035453125,146.637134375,63.43355831779322,0.0126171875,Herbicide Growth Damage
HGD00264.jpg,134.8573765625,147.6998671875,120.90628125,74.23690628196921,0.0065078125,Herbicide Growth Damage
HGD00265.jpg,145.01489375,157.138978125,134.0071328125,66.69727935783224,0.0147125,Herbicide Growth Damage
HGD00266.jpg,159.7001609375,168.57673125,150.6335015625,64.46891357428576,0.0125421875,Herbicide Growth Damage
HGD00267.jpg,150.5030890625,161.4537859375,134.1006265625,78.66183791057374,0.0074390625,Herbicide Growth Damage
HGD00268.jpg,145.6947453125,156.1410984375,131.9431953125,71.57577627495829,0.0066140625,Herbicide Growth Damage
HGD00269.jpg,135.031596875,147.989975,122.7683171875,72.04062482678688,0.014678125,Herbicide Growth Damage
HGD00270.jpg,149.201684375,160.3748921875,138.1460625,70.54985258599936,0.0184484375,Herbicide Growth Damage
HGD00271.jpg,144.31483125,156.0440015625,133.7692359375,72.64949409631686,0.0112453125,Herbicide Growth Damage
HGD00272.jpg,135.5500625,147.5836765625,122.4308359375,74.54901665428613,0.0251640625,Herbicide Growth Damage
HGD00273.jpg,147.681634375,159.0647546875,135.98174375,71.38661994855651,0.018921875,Herbicide Growth Damage
HGD00274.jpg,135.2497234375,148.2360875,122.32448125,73.29928692944546,0.0105984375,Herbicide Growth Damage
HGD00275.jpg,155.3856140625,165.5528921875,144.1835890625,62.75953329546087,0.0133515625,Herbicide Growth Damage
HGD00276.jpg,137.9795359375,150.0417484375,125.5268734375,72.4326991345584,0.021046875,Herbicide Growth Damage
HGD00277.jpg,146.38131875,157.7603515625,127.7822328125,59.05672670382498,0.055703125,Herbicide Growth Damage
HGD00278.jpg,137.75590625,150.4927515625,113.6713921875,55.825366009564725,0.0518890625,Herbicide Growth Damage
HGD00279.jpg,145.07556875,156.2707015625,129.027784375,57.12423893072886,0.045803125,Herbicide Growth Damage
HGD00280.jpg,144.0285234375,154.884896875,125.4809,59.40708775276439,0.022990625,Herbicide Growth Damage
LHJ00001.jpg,135.560321875,142.6513890625,109.8955046875,24.02286167096551,0.0395890625,Leaf Hopper Jassids
LHJ00002.jpg,127.9707328125,138.2795359375,98.078403125,34.18796792161499,0.0173828125,Leaf Hopper Jassids
LHJ00003.jpg,102.1127671875,127.6036078125,89.074903125,36.053478494331294,0.0158421875,Leaf Hopper Jassids
LHJ00004.jpg,112.940009375,137.747571875,103.6994015625,31.68780910256041,0.01151875,Leaf Hopper Jassids
LHJ00005.jpg,131.2523171875,142.1286203125,101.137103125,30.356946402959377,0.049428125,Leaf Hopper Jassids
LHJ00006.jpg,119.84135,130.666178125,99.834059375,30.09812151264784,0.028265625,Leaf Hopper Jassids
LHJ00007.jpg,124.831678125,134.517653125,104.1610578125,30.831152792225733,0.0312109375,Leaf Hopper Jassids
LHJ00008.jpg,128.57623125,130.810309375,106.06453125,31.01760415607697,0.0179265625,Leaf Hopper Jassids
LHJ00009.jpg,140.1526546875,152.11409375,114.392365625,40.64395107731017,0.0397453125,Leaf Hopper Jassids
LHJ00010.jpg,126.2344015625,143.3517984375,108.23014375,49.24328171649368,0.0413515625,Leaf Hopper Jassids
LHJ00011.jpg,102.80894375,114.9302265625,78.08203125,27.367371332470952,0.011053125,Leaf Hopper Jassids
LHJ00012.jpg,92.065103125,114.1947375,68.73394375,27.33328092920749,0.0088546875,Leaf Hopper Jassids
LHJ00013.jpg,147.008996875,153.0103875,121.332271875,33.028647581685405,0.0420953125,Leaf Hopper Jassids
LHJ00014.jpg,104.0400203125,117.4478234375,79.626865625,26.240365402249903,0.0049734375,Leaf Hopper Jassids
LHJ00015.jpg,94.712428125,118.6342859375,70.9294578125,27.054174893636407,0.00461875,Leaf Hopper Jassids
LHJ00016.jpg,138.0194671875,157.38244375,123.2884359375,31.672318559098628,0.02186875,Leaf Hopper Jassids
LHJ00017.jpg,116.7777703125,142.822384375,104.7638640625,31.827863196485517,0.011721875,Leaf Hopper Jassids
LHJ00018.jpg,129.4173796875,139.749346875,106.5309078125,30.46038877659262,0.0534265625,Leaf Hopper Jassids
LHJ00019.jpg,123.9346765625,147.8964328125,108.979184375,34.527943323116936,0.039384375,Leaf Hopper Jassids
LHJ00020.jpg,113.512809375,137.2136546875,103.430128125,35.396231672770774,0.046290625,Leaf Hopper Jassids
LHJ00021.jpg,126.814490625,135.6694609375,93.685846875,25.17814656580499,0.0205515625,Leaf Hopper Jassids
LHJ00022.jpg,108.638328125,129.896340625,89.6463734375,29.221197494242045,0.0218453125,Leaf Hopper Jassids
LHJ00023.jpg,90.2898515625,113.35400625,77.2399140625,26.724747392868775,0.0466671875,Leaf Hopper Jassids
LHJ00024.jpg,124.9083515625,136.8569125,104.8184953125,42.15914806827634,0.040609375,Leaf Hopper Jassids
LHJ00025.jpg,137.7783796875,153.2897875,118.5340890625,43.108427672438054,0.074625,Leaf Hopper Jassids
LHJ00026.jpg,100.8750171875,115.150584375,79.778353125,25.563320267492607,0.0104359375,Leaf Hopper Jassids
LHJ00027.jpg,128.1017421875,145.107734375,111.9763984375,32.353946278375744,0.051159375,Leaf Hopper Jassids
LHJ00028.jpg,126.88499375,140.048946875,109.3794921875,32.194095680921734,0.0495203125,Leaf Hopper Jassids
LHJ00029.jpg,114.6498796875,128.8783203125,92.64615625,28.834196430984775,0.044384375,Leaf Hopper Jassids
LHJ00030.jpg,125.1518453125,140.582103125,107.749890625,33.000839597963044,0.0608890625,Leaf Hopper Jassids
LHJ00031.jpg,109.6117078125,128.0009171875,92.8722046875,29.07850217026642,0.0306578125,Leaf Hopper Jassids
LHJ00032.jpg,139.8971640625,169.07611875,139.58063125,30.479818099805914,0.015659375,Leaf Hopper Jassids
LHJ00033.jpg,138.2692796875,170.2473109375,138.4413890625,31.048591053223806,0.014759375,Leaf Hopper Jassids
LHJ00034.jpg,143.9466234375,170.973128125,140.8128203125,25.717212137978763,0.02005,Leaf Hopper Jassids
LHJ00035.jpg,141.013875,161.8347296875,133.3879046875,29.92243801394721,0.0230203125,Leaf Hopper Jassids
LHJ00036.jpg,122.910571875,155.264928125,123.0086625,29.20239668382595,0.0165453125,Leaf Hopper Jassids
LHJ00037.jpg,127.064371875,149.144240625,115.944065625,27.918356873643173,0.018059375,Leaf Hopper Jassids
LHJ00038.jpg,136.7130859375,166.787925,138.1516515625,27.271552767601115,0.0120921875,Leaf Hopper Jassids
LHJ00039.jpg,112.151603125,145.31230625,110.50016875,29.904022443596553,0.0268375,Leaf Hopper Jassids
LHJ00040.jpg,150.025378125,163.522234375,134.998075,29.3855824380434,0.0143140625,Leaf Hopper Jassids
LHJ00041.jpg,130.2324640625,173.4707828125,126.2310609375,28.23076437091984,0.019734375,Leaf Hopper Jassids
LHJ00042.jpg,120.4389484375,170.5193421875,121.8070015625,31.63620553784498,0.0211,Leaf Hopper Jassids
LHJ00043.jpg,129.7413390625,163.254346875,125.611471875,29.65082153908741,0.0704109375,Leaf Hopper Jassids
LHJ00044.jpg,120.4680890625,159.226703125,125.8204203125,32.32694059739791,0.068978125,Leaf Hopper Jassids
LHJ00045.jpg,124.2290703125,156.695225,110.5502453125,26.015987175855066,0.0402,Leaf Hopper Jassids
LHJ00046.jpg,136.695253125,157.228990625,113.818684375,29.542125682823574,0.046365625,Leaf Hopper Jassids
LHJ00047.jpg,126.9666984375,153.08245,108.7134875,26.839667953604717,0.049040625,Leaf Hopper Jassids
LHJ00048.jpg,131.0245453125,152.7367515625,111.2094203125,27.18978699883235,0.04905,Leaf Hopper Jassids
LHJ00049.jpg,140.0672828125,160.839409375,132.48116875,32.055732919785946,0.0316265625,Leaf Hopper Jassids
LHJ00050.jpg,141.845665625,156.55786875,128.0831421875,32.998776618270256,0.02909375,Leaf Hopper Jassids
LHJ00051.jpg,140.8697,164.0552515625,140.1674796875,33.29802629199486,0.0255015625,Leaf Hopper Jassids
LHJ00052.jpg,130.5571078125,162.0524890625,139.003546875,28.56749300183689,0.010340625,Leaf Hopper Jassids
LHJ00053.jpg,140.290146875,159.0980625,144.13113125,28.530243924550927,0.016225,Leaf Hopper Jassids
LHJ00054.jpg,143.2248109375,163.717478125,146.5514375,33.31525519635709,0.0298828125,Leaf Hopper Jassids
LHJ00055.jpg,131.8128046875,156.4715734375,127.3678046875,33.42217011334524,0.0404234375,Leaf Hopper Jassids
LHJ00056.jpg,116.1868265625,157.5143046875,103.9780875,32.95820059361116,0.0306046875,Leaf Hopper Jassids
LHJ00057.jpg,124.3536234375,158.5567515625,106.3840375,33.255439426011925,0.0168046875,Leaf Hopper Jassids
LHJ00058.jpg,129.6913875,165.31049375,130.7472578125,29.427869836421642,0.0742625,Leaf Hopper Jassids
LHJ00059.jpg,132.0044640625,163.3848921875,127.3642953125,29.087368085106192,0.063965625,Leaf Hopper Jassids
LHJ00060.jpg,137.394903125,163.6571375,131.008275,31.192629198581397,0.0446390625,Leaf Hopper Jassids
LHJ00061.jpg,130.4095203125,150.0959515625,113.263915625,50.54621464259601,0.0255625,Leaf Hopper Jassids
LHJ00062.jpg,129.3552234375,165.8560453125,129.9625484375,30.87110086277973,0.1073984375,Leaf Hopper Jassids
LHJ00063.jpg,129.699315625,159.6191734375,125.7859546875,29.872428772071583,0.0580078125,Leaf Hopper Jassids
LHJ00064.jpg,127.834978125,166.4901609375,132.536803125,26.345478700587005,0.0443984375,Leaf Hopper Jassids
LHJ00065.jpg,120.0958953125,161.026771875,123.822890625,26.236878488577386,0.0511625,Leaf Hopper Jassids
LHJ00066.jpg,156.6842890625,169.2895953125,139.7457546875,34.517704077435965,0.0312203125,Leaf Hopper Jassids
LHJ00067.jpg,154.5435125,165.60489375,131.9015296875,35.95703210864801,0.02189375,Leaf Hopper Jassids
LHJ00068.jpg,130.1370609375,144.1824953125,115.52021875,34.20293410561875,0.0022921875,Leaf Hopper Jassids
LHJ00069.jpg,163.418609375,171.5910921875,149.00695625,24.5010730284466,0.008778125,Leaf Hopper Jassids
LHJ00070.jpg,150.9451015625,160.7758796875,136.241865625,26.482229090660624,0.013009375,Leaf Hopper Jassids
LHJ00071.jpg,142.65498125,157.54761875,131.25650625,31.119855331649134,0.0161421875,Leaf Hopper Jassids
LHJ00072.jpg,153.082446875,170.3286609375,137.3294875,33.511036182668406,0.0369328125,Leaf Hopper Jassids
LHJ00073.jpg,157.0853625,167.45280625,143.2211296875,28.812077893968617,0.0179890625,Leaf Hopper Jassids
LHJ00074.jpg,143.9506578125,158.320040625,133.2579859375,34.00686989359592,0.025003125,Leaf Hopper Jassids
LHJ00075.jpg,150.3587734375,162.635015625,138.9144484375,32.08196470295663,0.0149421875,Leaf Hopper Jassids
LHJ00076.jpg,146.08966875,159.3225625,134.3628625,34.79576503312703,0.0187078125,Leaf Hopper Jassids
LHJ00077.jpg,137.6784796875,155.43195625,126.6946875,34.33123007803388,0.022984375,Leaf Hopper Jassids
LHJ00078.jpg,137.290953125,154.978303125,128.1341640625,30.89377471635001,0.0100859375,Leaf Hopper Jassids
LHJ00079.jpg,151.2462734375,167.209996875,137.248078125,32.57651442168439,0.0137984375,Leaf Hopper Jassids
LHJ00080.jpg,150.2891640625,157.7534390625,130.14285625,30.058770549219126,0.01830625,Leaf Hopper Jassids
LHJ00081.jpg,146.69709375,164.17594375,133.79769375,32.17451158985787,0.0095015625,Leaf Hopper Jassids
LHJ00082.jpg,130.373109375,146.83976875,118.64963125,43.36953765652004,0.01910625,Leaf Hopper Jassids
LHJ00083.jpg,142.9341921875,160.5806375,132.710425,39.06546816882154,0.01868125,Leaf Hopper Jassids
LHJ00084.jpg,135.5625421875,152.5152453125,123.561275,40.28573142464056,0.0315953125,Leaf Hopper Jassids
LHJ00085.jpg,149.130475,159.45439375,132.567871875,43.164296066075764,0.027903125,Leaf Hopper Jassids
LHJ00086.jpg,135.2114734375,142.463890625,113.9502203125,44.3303254009873,0.0325140625,Leaf Hopper Jassids
LHJ00087.jpg,143.696853125,152.5638546875,125.1371546875,44.38582448894417,0.041125,Leaf Hopper Jassids
LHJ00088.jpg,136.9121328125,143.583396875,112.4988734375,45.76024474024478,0.050015625,Leaf Hopper Jassids
LHJ00089.jpg,154.354775,163.737928125,137.4163359375,38.68468829567464,0.0117921875,Leaf Hopper Jassids
LHJ00090.jpg,142.187759375,154.658703125,128.0944171875,44.53674782268892,0.0164765625,Leaf Hopper Jassids
LHJ00091.jpg,148.791053125,159.4195921875,132.5779578125,41.401486723950235,0.021271875,Leaf Hopper Jassids
LHJ00092.jpg,141.1733140625,162.1947046875,122.706153125,24.82475707204075,0.0113890625,Leaf Hopper Jassids
LHJ00093.jpg,142.4154171875,164.9194484375,123.107334375,22.281976624886532,0.018978125,Leaf Hopper Jassids
LHJ00094.jpg,137.8403625,157.7100609375,111.8164015625,27.902538069757874,0.0107734375,Leaf Hopper Jassids
LHJ00095.jpg,137.489134375,158.8139109375,116.1705125,31.798715055296906,0.0250953125,Leaf Hopper Jassids
LHJ00096.jpg,149.392703125,163.237065625,120.25411875,25.63596235573854,0.0094234375,Leaf Hopper Jassids
LHJ00097.jpg,142.840565625,164.29588125,122.4491046875,36.60809108422479,0.01883125,Leaf Hopper Jassids
LHJ00098.jpg,137.4553359375,156.4605140625,117.3104484375,42.76692701629782,0.00896875,Leaf Hopper Jassids
LHJ00099.jpg,140.8376,169.055984375,128.104221875,31.17449494769181,0.0103359375,Leaf Hopper Jassids
LHJ00100.jpg,127.4866484375,139.4519296875,104.73039375,48.35451641774611,0.01026875,Leaf Hopper Jassids
LHJ00101.jpg,134.0538671875,147.45245,112.8162671875,42.340458091906164,0.0107078125,Leaf Hopper Jassids
LHJ00102.jpg,129.984159375,145.2648890625,109.6541296875,41.99814348942786,0.0118203125,Leaf Hopper Jassids
LHJ00103.jpg,132.20615625,147.0457453125,112.8241859375,43.22244473490877,0.004765625,Leaf Hopper Jassids
LHJ00104.jpg,150.480828125,166.828746875,134.1697921875,29.145975341493227,0.015390625,Leaf Hopper Jassids
LHJ00105.jpg,144.417578125,162.8401671875,125.7712296875,31.976602799479704,0.0193703125,Leaf Hopper Jassids
LHJ00106.jpg,147.630159375,171.0171546875,142.52674375,24.09171952148359,0.020353125,Leaf Hopper Jassids
LHJ00107.jpg,142.5212046875,159.9749640625,125.987321875,33.536866690653405,0.0340890625,Leaf Hopper Jassids
LHJ00108.jpg,145.404490625,164.2836,131.8702234375,35.544245608103836,0.0139890625,Leaf Hopper Jassids
LHJ00109.jpg,146.6011984375,168.6699203125,136.8656265625,29.701101579154823,0.0175078125,Leaf Hopper Jassids
LHJ00110.jpg,151.3705,174.561128125,143.7427078125,23.505850234707978,0.0261078125,Leaf Hopper Jassids
LHJ00111.jpg,152.6414828125,167.685625,137.7045484375,29.705376203590415,0.036025,Leaf Hopper Jassids
LHJ00112.jpg,143.56795625,162.69104375,125.6266984375,49.233573386724174,0.030521875,Leaf Hopper Jassids
LHJ00113.jpg,122.6001015625,142.3000171875,106.2090171875,32.267654146457694,0.019209375,Leaf Hopper Jassids
LHJ00114.jpg,133.0120453125,146.338353125,111.4555578125,44.410603576795175,0.035196875,Leaf Hopper Jassids
LHJ00115.jpg,132.6325296875,144.900425,114.983871875,56.191320117367425,0.02049375,Leaf Hopper Jassids
LHJ00116.jpg,136.0442140625,156.0874921875,121.511353125,51.42231371623698,0.026640625,Leaf Hopper Jassids
LHJ00117.jpg,126.94460625,139.784196875,106.123678125,51.149204955422675,0.0171796875,Leaf Hopper Jassids
LHJ00118.jpg,124.094740625,146.3086296875,108.6946796875,33.92004496989162,0.0202734375,Leaf Hopper Jassids
LHJ00119.jpg,129.01134375,140.674971875,107.21780625,42.81519581774734,0.03249375,Leaf Hopper Jassids
LHJ00120.jpg,126.50499375,152.27241875,112.8689828125,55.96234441988228,0.017534375,Leaf Hopper Jassids
LHJ00121.jpg,145.464725,169.8532578125,122.58594375,64.47153459741577,0.014734375,Leaf Hopper Jassids
LHJ00122.jpg,124.70048125,153.3992765625,105.5910625,68.6170914857304,0.0048109375,Leaf Hopper Jassids
LHJ00123.jpg,139.107803125,163.0569703125,126.8995546875,57.17595613124857,0.0147375,Leaf Hopper Jassids
LHJ00124.jpg,120.5933125,156.6209125,109.949946875,58.7963986335916,0.0007640625,Leaf Hopper Jassids
LHJ00125.jpg,150.8961703125,171.7648359375,128.8574640625,51.872995166403,0.0460375,Leaf Hopper Jassids
LHJ00126.jpg,170.5902640625,190.9426390625,152.181078125,59.66775385722351,0.04070625,Leaf Hopper Jassids
LHJ00127.jpg,137.4815109375,155.6138296875,134.3608984375,38.80475441033715,0.0077953125,Leaf Hopper Jassids
LHJ00128.jpg,114.8438890625,137.186190625,111.49915625,30.067806207636767,0.0113890625,Leaf Hopper Jassids
LHJ00129.jpg,139.10704375,147.3861015625,128.71103125,55.636055278439855,0.0171515625,Leaf Hopper Jassids
LHJ00130.jpg,122.5906421875,146.113209375,103.200825,46.29666867371905,0.04025625,Leaf Hopper Jassids
LHJ00131.jpg,139.22363125,168.9627140625,117.8743265625,53.48490748094997,0.01711875,Leaf Hopper Jassids
LHJ00132.jpg,129.2270921875,159.4718515625,118.583865625,50.13255160820554,0.0152140625,Leaf Hopper Jassids
LHJ00133.jpg,110.5814140625,138.64388125,86.425828125,52.8976116363984,0.012584375,Leaf Hopper Jassids
LHJ00134.jpg,95.5552765625,123.3019140625,71.990125,44.292292539474,0.006965625,Leaf Hopper Jassids
LHJ00135.jpg,134.5517203125,149.2726640625,111.49893125,45.88258795761822,0.0409078125,Leaf Hopper Jassids
LHJ00136.jpg,143.7423640625,157.9291078125,120.5569375,43.81425750952017,0.037071875,Leaf Hopper Jassids
LHJ00137.jpg,144.3414328125,156.216609375,120.791346875,38.35358776576501,0.0364140625,Leaf Hopper Jassids
LHJ00138.jpg,135.7597578125,150.0534890625,117.95493125,52.619731273918205,0.0318,Leaf Hopper Jassids
LHJ00139.jpg,136.9312109375,148.8576265625,114.2729546875,43.94840694298939,0.022428125,Leaf Hopper Jassids
LHJ00140.jpg,133.5247328125,146.129278125,111.5501671875,41.58788209512061,0.0349328125,Leaf Hopper Jassids
LHJ00141.jpg,136.3717578125,148.90586875,112.350021875,40.95525046674312,0.02380625,Leaf Hopper Jassids
LHJ00142.jpg,140.262275,153.7208421875,119.994790625,40.51121897959243,0.0238828125,Leaf Hopper Jassids
LHJ00143.jpg,123.5424140625,159.053496875,116.06089375,30.147474103872934,0.02481875,Leaf Hopper Jassids
LHJ00144.jpg,110.4499171875,135.462271875,98.739203125,58.873773409183634,0.0286859375,Leaf Hopper Jassids
LHJ00145.jpg,121.01618125,150.17955,104.770346875,59.385173277876824,0.0098171875,Leaf Hopper Jassids
LHJ00146.jpg,111.9312015625,137.612115625,99.4631875,60.084301749370155,0.015834375,Leaf Hopper Jassids
LHJ00147.jpg,116.665040625,136.740065625,101.8743078125,59.79793084276808,0.005425,Leaf Hopper Jassids
LHJ00148.jpg,130.574946875,155.4730453125,121.1210828125,53.86700020615008,0.02524375,Leaf Hopper Jassids
LHJ00149.jpg,102.3412234375,116.902715625,90.76219375,52.977526860752164,0.0038359375,Leaf Hopper Jassids
LHJ00150.jpg,143.421353125,162.744571875,125.86518125,55.332447726803586,0.0351921875,Leaf Hopper Jassids
LHJ00151.jpg,149.144378125,163.9931734375,133.4334,68.65516875495419,0.0400671875,Leaf Hopper Jassids
LHJ00152.jpg,129.4451578125,142.826553125,121.204553125,47.82403360157002,0.0110765625,Leaf Hopper Jassids
LHJ00153.jpg,130.8487578125,140.41489375,119.723765625,45.12223907193646,0.024875,Leaf Hopper Jassids
LHJ00154.jpg,115.4380921875,128.689546875,99.3053125,58.26886559796232,0.05184375,Leaf Hopper Jassids
LHJ00155.jpg,146.102821875,173.9812921875,136.3102125,55.35050109462614,0.025790625,Leaf Hopper Jassids
LHJ00156.jpg,136.6451546875,159.5129515625,129.6186625,58.55408839670698,0.0184796875,Leaf Hopper Jassids
LHJ00157.jpg,122.75455,146.6324125,95.7095234375,49.53352320598142,0.0226015625,Leaf Hopper Jassids
LHJ00158.jpg,119.3773515625,138.3933765625,76.4837734375,38.409207251632075,0.022634375,Leaf Hopper Jassids
LHJ00159.jpg,118.7772125,135.599071875,92.4103609375,51.60129116858904,0.0166734375,Leaf Hopper Jassids
LHJ00160.jpg,113.6291375,139.980209375,74.0505375,40.841625410220004,0.0353,Leaf Hopper Jassids
LHJ00161.jpg,116.296696875,143.61069375,82.25824375,44.9699070863992,0.0233359375,Leaf Hopper Jassids
LHJ00162.jpg,120.82740625,146.8064640625,88.1918734375,46.929944237435315,0.02154375,Leaf Hopper Jassids
LHJ00163.jpg,142.7884171875,173.8160328125,134.3430515625,57.65606216921418,0.038096875,Leaf Hopper Jassids
LHJ00164.jpg,132.407878125,155.785684375,109.7619671875,47.54392144341007,0.0565375,Leaf Hopper Jassids
LHJ00165.jpg,133.8019,155.0606140625,114.906828125,46.86250715653681,0.061940625,Leaf Hopper Jassids
LHJ00166.jpg,142.4635625,166.3026390625,145.6067859375,51.28172803712858,0.0361609375,Leaf Hopper Jassids
LHJ00167.jpg,129.7961625,148.84908125,108.8114140625,47.131872214224195,0.02464375,Leaf Hopper Jassids
LHJ00168.jpg,124.830446875,142.344159375,123.0539296875,49.82650565296799,0.011475,Leaf Hopper Jassids
LHJ00169.jpg,130.290040625,146.596515625,126.920209375,50.257122962326335,0.040503125,Leaf Hopper Jassids
LHJ00170.jpg,118.92955,140.6547609375,113.51705625,55.699110619015954,0.0213375,Leaf Hopper Jassids
LHJ00171.jpg,113.9681359375,132.57563125,94.8440921875,51.35106037791164,0.0051328125,Leaf Hopper Jassids
LHJ00172.jpg,116.558459375,133.9002640625,96.6582953125,53.435701604862416,0.0138453125,Leaf Hopper Jassids
LHJ00173.jpg,120.3069171875,138.74934375,111.0084828125,59.71325457574796,0.0121953125,Leaf Hopper Jassids
LHJ00174.jpg,111.0693671875,131.946909375,71.830240625,25.824367531273122,0.033453125,Leaf Hopper Jassids
LHJ00175.jpg,118.1071265625,139.686715625,112.6353109375,60.87320221269001,0.0135265625,Leaf Hopper Jassids
LHJ00176.jpg,124.788275,142.1242625,104.994628125,49.441722985062114,0.0604703125,Leaf Hopper Jassids
LHJ00177.jpg,129.0541203125,142.522040625,94.611603125,39.93976337091114,0.0410265625,Leaf Hopper Jassids
LHJ00178.jpg,124.8847234375,141.4582140625,94.079284375,35.08497205330772,0.0767671875,Leaf Hopper Jassids
LHJ00179.jpg,121.988684375,137.9520734375,97.985,41.21599544404331,0.030971875,Leaf Hopper Jassids
LHJ00180.jpg,132.2690203125,155.8713328125,144.682178125,53.52541270114487,0.0181703125,Leaf Hopper Jassids
LHJ00181.jpg,115.786628125,134.4373390625,101.2392140625,55.56536453185385,0.0143625,Leaf Hopper Jassids
LHJ00182.jpg,115.6493984375,139.565834375,107.8554515625,58.942797814367964,0.01138125,Leaf Hopper Jassids
LHJ00183.jpg,110.6912921875,131.023628125,98.0128609375,50.78843990538543,0.012275,Leaf Hopper Jassids
LHJ00184.jpg,114.6144390625,139.0489875,112.9184578125,60.379688372310625,0.0087921875,Leaf Hopper Jassids
LHJ00185.jpg,114.238446875,134.522046875,91.8741984375,48.97095507831618,0.0225640625,Leaf Hopper Jassids
LHJ00186.jpg,124.5488078125,139.486784375,98.16090625,47.165308693768836,0.024878125,Leaf Hopper Jassids
LHJ00187.jpg,138.214646875,146.4305234375,95.505603125,36.57866621024632,0.096759375,Leaf Hopper Jassids
LHJ00188.jpg,153.6538078125,167.0478015625,132.46735625,54.30802891336235,0.0262375,Leaf Hopper Jassids
LHJ00189.jpg,130.7509453125,148.62683125,104.2311859375,43.91536531258833,0.0898015625,Leaf Hopper Jassids
LHJ00190.jpg,127.2607296875,146.8012625,96.4678328125,38.454359499927286,0.0301890625,Leaf Hopper Jassids
LHJ00191.jpg,120.56035625,144.0375703125,107.3599015625,48.969357473129556,0.0169640625,Leaf Hopper Jassids
LHJ00192.jpg,121.5594828125,144.5559703125,125.4564828125,63.64529326941162,0.0144625,Leaf Hopper Jassids
LHJ00193.jpg,123.3160984375,137.3638609375,92.1591125,40.177785138709964,0.041525,Leaf Hopper Jassids
LHJ00194.jpg,125.3124421875,141.6523296875,106.622896875,44.028282390277695,0.0447265625,Leaf Hopper Jassids
LHJ00195.jpg,136.9632203125,156.48636875,121.9167546875,41.915731578968945,0.096465625,Leaf Hopper Jassids
LHJ00196.jpg,120.2384390625,142.5916796875,117.0228859375,54.616857675552325,0.032096875,Leaf Hopper Jassids
LHJ00197.jpg,131.692434375,154.4376515625,129.1570671875,55.95766885982449,0.0211578125,Leaf Hopper Jassids
LHJ00198.jpg,151.4315671875,168.503309375,127.6613390625,55.61348368768644,0.0208390625,Leaf Hopper Jassids
LHJ00199.jpg,136.0547625,153.98585,106.7914421875,57.487966819364686,0.0498375,Leaf Hopper Jassids
LHJ00200.jpg,122.10151875,142.8139109375,88.105665625,59.56952362865071,0.043525,Leaf Hopper Jassids
LHJ00201.jpg,129.4342859375,148.537425,102.2604828125,67.8058304687567,0.0394421875,Leaf Hopper Jassids
LHJ00202.jpg,126.955340625,145.9782328125,106.0686765625,63.87630356485455,0.021315625,Leaf Hopper Jassids
LHJ00203.jpg,124.872659375,142.324975,94.2601265625,67.20197981648175,0.0113953125,Leaf Hopper Jassids
LHJ00204.jpg,103.592740625,127.6094953125,63.2500984375,48.6762124489658,0.011325,Leaf Hopper Jassids
LHJ00205.jpg,114.486371875,135.616565625,78.83045,62.104259023072494,0.0130171875,Leaf Hopper Jassids
LHJ00206.jpg,140.88985625,157.328684375,114.773221875,61.149757641719994,0.0333125,Leaf Hopper Jassids
LHJ00207.jpg,111.9303375,132.5325484375,84.665190625,60.30525029473669,0.0373453125,Leaf Hopper Jassids
LHJ00208.jpg,156.82155,172.6437609375,135.32065625,46.357564962398165,0.0636625,Leaf Hopper Jassids
LHJ00209.jpg,132.8706921875,149.68931875,96.66978125,43.98626411404871,0.0776203125,Leaf Hopper Jassids
LHJ00210.jpg,122.8496453125,139.594884375,86.3238171875,46.36331039990213,0.0475109375,Leaf Hopper Jassids
LHJ00211.jpg,130.1606265625,147.796525,100.629784375,65.56306504671814,0.009546875,Leaf Hopper Jassids
LHJ00212.jpg,140.2343375,155.4813328125,117.6066796875,68.82151653455773,0.0188859375,Leaf Hopper Jassids
LHJ00213.jpg,148.2492734375,165.7476953125,118.9438109375,56.48034146522414,0.00400625,Leaf Hopper Jassids
LHJ00214.jpg,128.98554375,149.616934375,98.8218203125,60.002469958809215,0.006040625,Leaf Hopper Jassids
LHJ00215.jpg,129.8739734375,151.463965625,91.9166421875,48.44679861916246,0.0147953125,Leaf Hopper Jassids
LHJ00216.jpg,150.5261828125,167.835515625,129.403625,46.77721917797567,0.035503125,Leaf Hopper Jassids
LHJ00217.jpg,130.167203125,147.6268515625,104.3223828125,57.18664869640186,0.098665625,Leaf Hopper Jassids
LHJ00218.jpg,115.4870546875,134.3149015625,80.34449375,48.702472719088824,0.0419890625,Leaf Hopper Jassids
LHJ00219.jpg,142.8763375,159.045196875,127.2214875,49.567005695094196,0.043540625,Leaf Hopper Jassids
LHJ00220.jpg,134.4444890625,150.69986875,109.137475,56.199641283621304,0.0218015625,Leaf Hopper Jassids
LHJ00221.jpg,143.1686984375,159.91605625,124.6807765625,55.92964121145746,0.0371,Leaf Hopper Jassids
LHJ00222.jpg,146.0930734375,164.58948125,127.3906265625,49.81658781362934,0.024290625,Leaf Hopper Jassids
LHJ00223.jpg,138.485053125,155.5743609375,117.377959375,49.4170803348894,0.01900625,Leaf Hopper Jassids
LHJ00224.jpg,128.1825921875,146.613590625,104.8012703125,44.80889477518491,0.0482890625,Leaf Hopper Jassids
LHJ00225.jpg,129.824890625,146.414325,109.2136046875,57.67072216801038,0.052540625,Leaf Hopper Jassids
LR00001.jpg,174.44363125,146.98675625,114.45191875,34.28491801607714,0.01579375,Leaf Redding
LR00002.jpg,187.2511875,150.0585984375,116.972040625,43.43385705191323,0.050490625,Leaf Redding
LR00003.jpg,181.5614609375,129.9068640625,109.433515625,41.54669198409645,0.0479828125,Leaf Redding
LR00004.jpg,143.802590625,133.2153875,112.70265,39.703851781747105,0.076825,Leaf Redding
LR00005.jpg,164.5262171875,150.8791890625,127.4086203125,35.98021687086356,0.05905,Leaf Redding
LR00006.jpg,113.7953890625,130.6445046875,98.7093796875,33.481746251770666,0.0548890625,Leaf Redding
LR00007.jpg,155.943084375,148.610375,124.8175984375,36.69712959631888,0.0627375,Leaf Redding
LR00008.jpg,162.475828125,139.7281765625,117.010596875,41.26888173138477,0.0055328125,Leaf Redding
LR00009.jpg,163.080421875,158.970328125,128.5933015625,41.84785439351576,0.00793125,Leaf Redding
LR00010.jpg,155.447128125,164.9231984375,132.547471875,43.553257717762754,0.003140625,Leaf Redding
LR00011.jpg,155.4557609375,129.623421875,106.8363796875,42.25949394224088,0.0635609375,Leaf Redding
LR00012.jpg,143.43446875,123.9830890625,99.2524609375,39.44840658858626,0.0444609375,Leaf Redding
LR00013.jpg,167.108384375,134.167390625,113.4132875,44.24200063491307,0.0598984375,Leaf Redding
LR00014.jpg,142.6059125,126.8900609375,100.6329328125,39.036382667312026,0.043925,Leaf Redding
LR00015.jpg,169.08135,142.212178125,119.4878015625,36.01474170988681,0.0245375,Leaf Redding
LR00016.jpg,161.2126234375,141.589696875,119.458065625,40.11689515427851,0.0567671875,Leaf Redding
LR00017.jpg,137.7104421875,143.3502546875,121.3888125,35.15613060239414,0.0313140625,Leaf Redding
LR00018.jpg,124.95255625,118.1806359375,86.70226875,31.125052850474038,0.0185015625,Leaf Redding
LR00019.jpg,140.5930765625,125.2512390625,98.002615625,31.026187362878836,0.0072890625,Leaf Redding
LR00020.jpg,156.37243125,136.7813109375,112.5675375,31.13949531054959,0.0143515625,Leaf Redding
LR00021.jpg,150.10330625,133.262478125,113.4821484375,41.979185678211515,0.074628125,Leaf Redding
LR00022.jpg,147.88054375,139.20908125,103.5236203125,33.01709591983049,0.0380390625,Leaf Redding
LR00023.jpg,149.009190625,142.3337421875,106.536928125,35.724290336036454,0.0302359375,Leaf Redding
LR00024.jpg,156.5818828125,139.3275265625,110.3170546875,42.713264530763716,0.02515625,Leaf Redding
LR00025.jpg,148.2526390625,125.68799375,104.0950359375,40.40181665547355,0.0177953125,Leaf Redding
LR00026.jpg,147.2560171875,140.3241421875,112.187346875,36.50900663906465,0.0181921875,Leaf Redding
LR00027.jpg,152.8309109375,148.906484375,116.5331953125,38.86478686539997,0.01716875,Leaf Redding
LR00028.jpg,136.3253125,145.6177484375,108.7230484375,42.08495604612155,0.0106125,Leaf Redding
LR00029.jpg,137.62344375,128.6770828125,96.2683390625,39.56069535998038,0.058628125,Leaf Redding
LR00030.jpg,150.5844546875,141.89329375,104.7976421875,40.128660545020196,0.0570453125,Leaf Redding
LR00031.jpg,164.6044109375,144.840265625,117.6690453125,39.13192399196942,0.021109375,Leaf Redding
LR00032.jpg,100.7482078125,89.5920484375,44.58553125,31.853121703741216,0.0501875,Leaf Redding
LR00033.jpg,101.471803125,84.0921875,24.169034375,28.713757663694505,0.03001875,Leaf Redding
LR00034.jpg,118.3827453125,116.173809375,84.7397328125,52.77219134671236,0.039134375,Leaf Redding
LR00035.jpg,103.41121875,89.064184375,26.8908359375,27.188508130660754,0.0191875,Leaf Redding
LR00036.jpg,145.4393265625,122.7892515625,80.6555875,39.870356781062256,0.072378125,Leaf Redding
LR00037.jpg,145.9825546875,127.86254375,81.088540625,42.5288554111572,0.0757515625,Leaf Redding
LR00038.jpg,142.643296875,135.1245921875,94.6562203125,42.2021018504181,0.0629640625,Leaf Redding
LR00039.jpg,150.8726765625,131.2725875,88.3131109375,43.80455252502558,0.08158125,Leaf Redding
LR00040.jpg,159.961496875,132.978109375,100.84286875,39.44700174283873,0.0711640625,Leaf Redding
LR00041.jpg,101.66748125,83.4262515625,28.6858859375,30.89880244164367,0.0376515625,Leaf Redding
LR00042.jpg,156.136175,122.5907796875,93.4967734375,35.70511184770339,0.05095625,Leaf Redding
LR00043.jpg,158.4416265625,138.903471875,100.37684375,40.55188052767417,0.0666640625,Leaf Redding
LR00044.jpg,142.63839375,122.5225171875,84.6523484375,43.27107797199187,0.0560296875,Leaf Redding
LR00045.jpg,149.022378125,131.799809375,96.6642953125,41.653374268384894,0.0577484375,Leaf Redding
LR00046.jpg,168.179940625,138.02823125,100.768209375,41.11687354630968,0.078046875,Leaf Redding
LR00047.jpg,144.5990828125,134.5785734375,85.1088765625,36.876130133449195,0.052046875,Leaf Redding
LR00048.jpg,156.244478125,131.4451640625,91.700046875,43.267365350941645,0.104184375,Leaf Redding
LR00049.jpg,147.7260453125,135.511865625,99.6258578125,37.62062833692233,0.0478203125,Leaf Redding
LR00050.jpg,154.7008546875,121.103515625,97.1768625,29.6341387951681,0.0184171875,Leaf Redding
LR00051.jpg,167.494321875,134.7214390625,98.092065625,37.677630668931066,0.0256734375,Leaf Redding
LR00052.jpg,106.98286875,96.8938515625,44.531490625,27.25139810116073,0.0295625,Leaf Redding
LR00053.jpg,99.724575,86.1970578125,19.8594171875,27.758886164367592,0.0195859375,Leaf Redding
LR00054.jpg,174.02615625,149.5860484375,112.9909328125,47.70447480893668,0.0858875,Leaf Redding
LR00055.jpg,140.250821875,121.0632046875,86.155071875,45.288737522889484,0.0469546875,Leaf Redding
LR00056.jpg,138.4729125,118.034315625,83.49719375,47.831160992484214,0.0868390625,Leaf Redding
LR00057.jpg,148.19085,134.6433984375,97.76356875,37.44105448162075,0.0292953125,Leaf Redding
LR00058.jpg,156.301725,137.59610625,95.929265625,38.13219509718734,0.0452296875,Leaf Redding
LR00059.jpg,159.4319703125,138.5407171875,103.5258203125,40.4224118564245,0.0317625,Leaf Redding
LR00060.jpg,167.1429765625,138.87505625,104.1708703125,39.655960081894825,0.029615625,Leaf Redding
LR00061.jpg,168.7164578125,138.5871359375,100.4239546875,38.97222378778437,0.0563109375,Leaf Redding
LR00062.jpg,149.5144,123.78215625,93.6407734375,42.01020369148325,0.0439671875,Leaf Redding
LR00063.jpg,127.1995140625,146.3385125,102.669825,24.766567961657003,0.0942046875,Leaf Redding
LR00064.jpg,168.2518,186.4796015625,135.1789453125,23.014352617614254,0.0485671875,Leaf Redding
LR00065.jpg,148.7043671875,130.574421875,93.3513234375,43.25305858114978,0.0708921875,Leaf Redding
LR00066.jpg,152.0914578125,129.9312046875,101.3716765625,39.822745062140996,0.0565625,Leaf Redding
LR00067.jpg,157.0267,135.4708671875,100.555671875,40.17436469701288,0.0622296875,Leaf Redding
LR00068.jpg,141.4008125,125.869353125,92.7340953125,44.34111545219936,0.07160625,Leaf Redding
LR00069.jpg,134.8867265625,121.3478890625,88.19586875,43.123355978989096,0.064921875,Leaf Redding
LR00070.jpg,144.0145984375,122.672740625,91.5758640625,46.487187789326924,0.079096875,Leaf Redding
LR00071.jpg,148.309196875,135.1443515625,102.14484375,36.51375239250587,0.044409375,Leaf Redding
LR00072.jpg,147.4952,134.2705796875,97.770390625,35.448366049184024,0.0271125,Leaf Redding
LR00073.jpg,149.6758390625,129.689784375,94.1721984375,36.896110245419486,0.0743625,Leaf Redding
LR00074.jpg,147.900903125,127.9666796875,92.371284375,34.78289544078202,0.0430421875,Leaf Redding
LR00075.jpg,159.306325,133.5545234375,106.1059390625,37.404986847795314,0.0317421875,Leaf Redding
LR00076.jpg,148.9701125,130.494484375,95.7236421875,44.968743193803746,0.0745953125,Leaf Redding
LR00077.jpg,148.282603125,130.48708125,91.762559375,40.933323718802406,0.0464,Leaf Redding
LR00078.jpg,156.9302046875,132.2546625,102.6229140625,38.12087956151885,0.041409375,Leaf Redding
LR00079.jpg,145.5695765625,131.656421875,106.8725,35.255621116210044,0.05321875,Leaf Redding
LR00080.jpg,144.471440625,131.8403671875,106.8943859375,35.19638375203767,0.0476046875,Leaf Redding
LR00081.jpg,149.9413109375,131.536528125,107.5124546875,35.20897249995955,0.0112453125,Leaf Redding
LR00082.jpg,143.941684375,123.132675,99.629525,35.282803387817644,0.0411375,Leaf Redding
LR00083.jpg,146.99373125,129.582640625,104.54031875,34.05893040294048,0.0307390625,Leaf Redding
LR00084.jpg,140.7317703125,126.3397328125,101.0133703125,36.41507762576922,0.0228828125,Leaf Redding
LR00085.jpg,146.1096390625,132.401490625,106.858353125,35.69757276374063,0.0402828125,Leaf Redding
LR00086.jpg,147.6473015625,136.353884375,105.7741859375,34.69147425281295,0.03285625,Leaf Redding
LR00087.jpg,156.9638265625,137.132315625,108.4041140625,47.632944903674414,0.0287625,Leaf Redding
LR00088.jpg,150.7480390625,131.251965625,107.8932734375,36.6342361447316,0.014859375,Leaf Redding
LR00089.jpg,152.1389609375,139.7574390625,114.5681859375,35.7686443605048,0.017246875,Leaf Redding
LR00090.jpg,137.6317265625,128.8031703125,96.2995453125,39.768517114036015,0.058903125,Leaf Redding
LR00091.jpg,148.178409375,137.543146875,102.4240703125,41.01092741300024,0.058665625,Leaf Redding
LR00092.jpg,145.31815625,142.816209375,117.5696796875,38.304593217310774,0.0366546875,Leaf Redding
LR00093.jpg,160.5566171875,146.2420859375,121.8578703125,36.166363541270975,0.0217171875,Leaf Redding
LR00094.jpg,152.9078984375,149.2935546875,117.7847125,34.65194706368297,0.0351484375,Leaf Redding
LR00095.jpg,155.906009375,151.0653078125,122.11520625,34.36744493925387,0.0367453125,Leaf Redding
LR00096.jpg,151.5791203125,135.1695609375,107.5246859375,46.92048496069863,0.039071875,Leaf Redding
LR00097.jpg,156.4907125,142.161503125,116.421065625,48.437448623480186,0.03348125,Leaf Redding
LR00098.jpg,154.704134375,137.387703125,108.8247875,39.59646559165752,0.0341,Leaf Redding
LR00099.jpg,135.1713046875,132.1620984375,97.9435453125,61.26864176674982,0.0203296875,Leaf Redding
LR00100.jpg,145.4265515625,155.8029046875,117.86015625,41.20450743459373,0.0269671875,Leaf Redding
LR00101.jpg,140.9537140625,135.871025,105.9846015625,43.11256143795229,0.0553875,Leaf Redding
LR00102.jpg,141.0053109375,130.060328125,102.4463578125,48.25628246015616,0.0264140625,Leaf Redding
LR00103.jpg,140.738225,135.160840625,101.4555578125,45.14949850666213,0.0441640625,Leaf Redding
LR00104.jpg,147.2326796875,146.206784375,109.995853125,39.176354685779714,0.033125,Leaf Redding
LR00105.jpg,122.5063078125,143.5167265625,95.763959375,36.62630411489261,0.073978125,Leaf Redding
LR00106.jpg,106.173459375,145.523153125,99.7255734375,35.76630264971832,0.029653125,Leaf Redding
LR00107.jpg,142.5767203125,145.094134375,107.5417953125,34.37170839570482,0.010815625,Leaf Redding
LR00108.jpg,145.00654375,147.835725,108.71451875,38.13880162475189,0.0535390625,Leaf Redding
LR00109.jpg,161.9765984375,162.180878125,141.5335578125,28.678226493753904,0.0617046875,Leaf Redding
LR00110.jpg,150.6176484375,149.0746,118.482484375,39.951418961002574,0.0260421875,Leaf Redding
LR00111.jpg,158.4444609375,164.3528296875,141.9652890625,27.03435305322008,0.059059375,Leaf Redding
LR00112.jpg,162.5604546875,157.4820375,135.69563125,27.869881519322682,0.0350875,Leaf Redding
LR00113.jpg,155.44345,143.367921875,127.10745625,34.149346503467164,0.0573125,Leaf Redding
LR00114.jpg,158.9759375,141.959628125,118.629890625,38.36611813731566,0.01756875,Leaf Redding
LR00115.jpg,158.3155640625,147.7401359375,126.6745515625,30.576924913616782,0.046840625,Leaf Redding
LR00116.jpg,144.16126875,151.4821671875,130.62773125,34.488123081221254,0.062059375,Leaf Redding
LR00117.jpg,140.6798359375,152.465821875,128.311521875,34.409308085432926,0.0727015625,Leaf Redding
LR00118.jpg,148.1996890625,150.521534375,121.3307375,40.997932555366646,0.0582828125,Leaf Redding
LR00119.jpg,159.500378125,142.3264390625,112.6531890625,41.983627061287436,0.0859234375,Leaf Redding
LR00120.jpg,148.8525,140.27984375,115.6808984375,44.94492243041752,0.0920234375,Leaf Redding
LR00121.jpg,159.867659375,138.2419453125,109.7212625,33.96330520962162,0.0357890625,Leaf Redding
LR00122.jpg,136.1933921875,140.6719703125,110.0484609375,32.08578440632822,0.0409953125,Leaf Redding
LR00123.jpg,136.735584375,142.4297515625,110.757725,32.57170792710542,0.0439921875,Leaf Redding
LR00124.jpg,144.2181296875,138.9441859375,113.9202453125,34.493203319275814,0.028453125,Leaf Redding
LR00125.jpg,142.07585,134.600165625,110.6181234375,32.46891127003045,0.0048734375,Leaf Redding
LR00126.jpg,140.553175,118.7543953125,93.510878125,28.45526089697166,0.0194484375,Leaf Redding
LR00127.jpg,143.674521875,120.404634375,92.001534375,29.725650564862928,0.01210625,Leaf Redding
LR00128.jpg,153.4264625,144.0776984375,116.6526078125,33.09969268673777,0.0295671875,Leaf Redding
LR00129.jpg,157.9309890625,143.2572203125,118.8968640625,28.239756620396168,0.01524375,Leaf Redding
LR00130.jpg,150.584296875,154.1783046875,111.2402578125,44.47866211601735,0.0764140625,Leaf Redding
LR00131.jpg,143.1650765625,139.695196875,105.9525078125,41.40299595584036,0.038840625,Leaf Redding
LR00132.jpg,153.84204375,136.3519265625,110.053053125,36.09054440354669,0.0251921875,Leaf Redding
LR00133.jpg,153.506225,156.334696875,121.485928125,33.77480195412291,0.0354171875,Leaf Redding
LR00134.jpg,144.9709125,153.67878125,121.4765796875,28.717197700669477,0.028646875,Leaf Redding
LR00135.jpg,146.5788046875,144.4686375,112.2964765625,29.20639447011785,0.03256875,Leaf Redding
LR00136.jpg,149.79116875,142.9794796875,116.8664484375,25.446135680267712,0.02315,Leaf Redding
LR00137.jpg,149.4124984375,149.8328171875,113.7342203125,43.59466587857778,0.08696875,Leaf Redding
LR00138.jpg,146.57833125,149.0430171875,118.7110953125,32.10007055227337,0.0847,Leaf Redding
LR00139.jpg,151.949071875,149.55565,117.96238125,35.246230813972076,0.1033078125,Leaf Redding
LR00140.jpg,152.411828125,149.7468328125,125.4459953125,37.53233644118595,0.016971875,Leaf Redding
LR00141.jpg,151.6511390625,145.4880203125,118.80473125,30.637386823179206,0.0149578125,Leaf Redding
LR00142.jpg,152.0888171875,145.6179046875,122.0198984375,28.05704658360133,0.0097625,Leaf Redding
LR00143.jpg,147.6618359375,146.113171875,123.5447078125,33.4837743409013,0.0238953125,Leaf Redding
LR00144.jpg,155.3199640625,144.1441953125,122.9776171875,42.18254058154937,0.0333359375,Leaf Redding
LR00145.jpg,168.4229453125,166.3740203125,141.0178125,48.342278013931164,0.0520328125,Leaf Redding
LR00146.jpg,160.6409375,156.1420703125,128.160515625,35.762732929203516,0.0270828125,Leaf Redding
LR00147.jpg,152.333328125,147.7334515625,124.0564703125,55.80938080834104,0.0407171875,Leaf Redding
LR00148.jpg,157.60123125,155.25426875,119.9056578125,49.83355094467525,0.077003125,Leaf Redding
LR00149.jpg,150.1450078125,146.5958875,109.225975,37.35713257948331,0.0675015625,Leaf Redding
LR00150.jpg,151.0642125,147.1043578125,108.4682125,37.22127365644788,0.0776765625,Leaf Redding
LR00151.jpg,154.95155625,148.1266921875,115.0450796875,51.890361971989364,0.070528125,Leaf Redding
LR00152.jpg,129.3744765625,139.3161171875,101.24296875,30.167794759062392,0.041225,Leaf Redding
LR00153.jpg,135.7317734375,144.4108609375,105.8949671875,32.4223285197243,0.051909375,Leaf Redding
LR00154.jpg,149.7014109375,156.124521875,108.4571515625,43.38847113447066,0.0751140625,Leaf Redding
LR00155.jpg,137.5998640625,141.1353234375,104.2199671875,45.1513974220061,0.025578125,Leaf Redding
LR00156.jpg,144.360078125,147.86851875,115.7901671875,43.15121452601077,0.018840625,Leaf Redding
LR00157.jpg,131.6500625,142.0802265625,109.921425,42.849108294806655,0.0199765625,Leaf Redding
LR00158.jpg,134.5996859375,144.047715625,110.3276578125,37.26627026271491,0.0649390625,Leaf Redding
LR00159.jpg,122.4965640625,130.6116109375,99.7898,35.13006017327288,0.0247328125,Leaf Redding
LR00160.jpg,130.916065625,132.357425,99.2579578125,43.99641515279252,0.0489859375,Leaf Redding
LR00161.jpg,131.0905640625,133.0830359375,99.80170625,45.83773210370359,0.0569890625,Leaf Redding
LR00162.jpg,127.589121875,130.45555,97.8388515625,35.87869967434785,0.0268921875,Leaf Redding
LR00163.jpg,146.8922546875,143.9237734375,117.1241296875,32.80431719607587,0.021928125,Leaf Redding
LR00164.jpg,130.9879,139.9828296875,106.13741875,36.098586304630835,0.02033125,Leaf Redding
LR00165.jpg,121.219384375,127.4237734375,94.42355,37.71875895739537,0.0264546875,Leaf Redding
LR00166.jpg,140.83515,150.8057125,122.6633046875,45.32147468300589,0.033334375,Leaf Redding
LR00167.jpg,149.626765625,159.6299578125,132.748196875,37.272703782726055,0.03405,Leaf Redding
LR00168.jpg,157.0686015625,159.5121609375,127.746109375,40.65914735048759,0.0203515625,Leaf Redding
LR00169.jpg,154.51584375,159.2940703125,128.7054359375,41.1248260792829,0.0100640625,Leaf Redding
LR00170.jpg,152.1173203125,158.63863125,129.5444984375,40.97972353056497,0.006415625,Leaf Redding
LR00171.jpg,153.0340125,149.45419375,125.270715625,40.72991347214715,0.014440625,Leaf Redding
LR00172.jpg,138.29988125,148.573684375,108.984328125,40.41189794963011,0.0553,Leaf Redding
LR00173.jpg,154.8651296875,158.91151875,122.6010703125,33.56920295294183,0.0685984375,Leaf Redding
LR00174.jpg,135.660296875,146.147828125,113.3060125,44.542664364351886,0.0335171875,Leaf Redding
LR00175.jpg,138.2833921875,146.710278125,114.2475296875,41.52241014027459,0.034284375,Leaf Redding
LR00176.jpg,123.652759375,134.088984375,103.87569375,53.824293439344146,0.0285765625,Leaf Redding
LR00177.jpg,138.5842984375,148.5687109375,116.479653125,41.687182162417216,0.0207,Leaf Redding
LR00178.jpg,130.5191203125,139.350421875,109.153084375,46.45896346715306,0.0298921875,Leaf Redding
LR00179.jpg,128.7545234375,138.7670875,107.4150484375,45.872631397789476,0.0349046875,Leaf Redding
LR00180.jpg,126.886584375,138.51959375,104.718471875,41.84250501655521,0.0234234375,Leaf Redding
LR00181.jpg,137.357653125,149.35164375,116.6924078125,41.29991910267867,0.022609375,Leaf Redding
LR00182.jpg,117.856821875,136.6105578125,108.593521875,55.57188306556405,0.041934375,Leaf Redding
LR00183.jpg,115.0239890625,131.5777109375,107.7224921875,55.255980855761976,0.026225,Leaf Redding
LR00184.jpg,121.7008703125,129.86298125,114.641825,54.27682710021918,0.027296875,Leaf Redding
LR00185.jpg,105.493640625,117.2641,100.0605875,55.193702020690964,0.02370625,Leaf Redding
LR00186.jpg,115.111834375,111.5089625,81.697653125,53.09096468320573,0.249290625,Leaf Redding
LR00187.jpg,130.5225203125,128.2908140625,94.9202890625,48.332605545532275,0.2455765625,Leaf Redding
LR00188.jpg,134.055675,131.505453125,100.8386109375,50.737514775816635,0.258625,Leaf Redding
LR00189.jpg,136.3245671875,132.5978078125,96.6571015625,49.31455946600705,0.260853125,Leaf Redding
LR00190.jpg,139.6734796875,135.213846875,102.218146875,47.46938010793074,0.24929375,Leaf Redding
LR00191.jpg,150.0051890625,137.70634375,105.6365640625,44.48980308849023,0.1347875,Leaf Redding
LR00192.jpg,161.710446875,137.473659375,112.553346875,37.54529488308452,0.085040625,Leaf Redding
LR00193.jpg,160.3035703125,140.67661875,119.188028125,37.32625374128639,0.069428125,Leaf Redding
LR00194.jpg,166.3657859375,155.541678125,126.06653125,34.30095839007751,0.043871875,Leaf Redding
LR00195.jpg,161.4399859375,143.3023453125,114.1724109375,39.34832161525929,0.0560015625,Leaf Redding
LR00196.jpg,150.8320765625,142.6110375,115.6083890625,36.68263633169778,0.057965625,Leaf Redding
LR00197.jpg,151.339275,142.8621328125,119.8467703125,39.15665169711872,0.0667296875,Leaf Redding
LR00198.jpg,143.5141,141.5808046875,108.44523125,43.824993951718255,0.11298125,Leaf Redding
LR00199.jpg,153.5142359375,149.140075,122.46335,39.46449740010939,0.0377421875,Leaf Redding
LR00200.jpg,152.31085625,151.2308734375,119.6172546875,36.59847367411439,0.0444484375,Leaf Redding
LR00201.jpg,160.5273890625,152.223675,127.4136640625,35.36642250262984,0.0367609375,Leaf Redding
LR00202.jpg,159.4086078125,138.505946875,120.1936484375,37.97937112811129,0.0805953125,Leaf Redding
LR00203.jpg,162.728625,139.01623125,120.5988921875,35.10038956509547,0.0634484375,Leaf Redding
LR00204.jpg,169.0309390625,152.8567796875,130.889209375,34.860275148432095,0.0413671875,Leaf Redding
LR00205.jpg,152.0694734375,139.0363171875,115.7748828125,36.86213273831001,0.09364375,Leaf Redding
LR00206.jpg,161.2205,138.8449203125,111.0168640625,38.99592420754961,0.0771671875,Leaf Redding
LR00207.jpg,159.001928125,134.7556578125,115.735853125,38.679789935935325,0.0969890625,Leaf Redding
LR00208.jpg,162.349575,133.910671875,117.2278078125,39.24390192631644,0.0761953125,Leaf Redding
LR00209.jpg,166.1147921875,135.8385796875,122.9553328125,32.45007894582302,0.023565625,Leaf Redding
LR00210.jpg,175.3246375,134.6699296875,121.3144453125,37.48530657055725,0.0855296875,Leaf Redding
LR00211.jpg,156.9663703125,136.105378125,114.5768796875,37.082137045901305,0.0807671875,Leaf Redding
LR00212.jpg,117.7515140625,99.3912515625,77.032875,44.73337370330095,0.051165625,Leaf Redding
LR00213.jpg,144.5421984375,142.3062515625,107.796675,47.170696567807624,0.2336234375,Leaf Redding
LR00214.jpg,149.126046875,144.658009375,114.0365,46.07453475032627,0.2034796875,Leaf Redding
LR00215.jpg,147.557603125,145.5905890625,115.7564203125,42.13615888166569,0.0465453125,Leaf Redding
LR00216.jpg,150.047659375,144.2067328125,118.0929703125,40.29062073367503,0.042975,Leaf Redding
LR00217.jpg,144.9915296875,150.1716078125,139.6427734375,66.8917778259974,0.0311875,Leaf Redding
LR00218.jpg,135.05961875,136.5082453125,122.5159734375,68.17097648100712,0.0375484375,Leaf Redding
LR00219.jpg,141.151778125,146.1277265625,135.3139875,66.8869451031057,0.0464359375,Leaf Redding
LR00220.jpg,142.0858921875,148.5414421875,138.8434953125,70.42035472334345,0.041303125,Leaf Redding
LR00221.jpg,128.6065640625,132.5299203125,120.17151875,68.03569166539393,0.031815625,Leaf Redding
LR00222.jpg,142.544103125,148.1981953125,141.1885296875,63.973695641894786,0.01693125,Leaf Redding
LR00223.jpg,145.5972234375,150.49314375,143.595846875,55.73667629382115,0.0095609375,Leaf Redding
LR00224.jpg,136.061203125,139.231884375,127.831646875,68.24399136379206,0.0249109375,Leaf Redding
LR00225.jpg,142.1443734375,149.5017375,141.674215625,66.23186803287389,0.0311,Leaf Redding
LR00226.jpg,159.6996625,165.4706765625,146.640090625,41.36621407409644,0.0725859375,Leaf Redding
LR00227.jpg,157.1548328125,162.711509375,143.428228125,45.379388231424805,0.023359375,Leaf Redding
LR00228.jpg,159.5368296875,163.2476328125,143.4359046875,42.2342934172279,0.0201046875,Leaf Redding
LR00229.jpg,157.1546234375,161.8203390625,142.4524296875,45.69929889913027,0.0523734375,Leaf Redding
LR00230.jpg,157.1590265625,160.439221875,141.6397828125,44.94967669927,0.0821703125,Leaf Redding
LR00231.jpg,164.4353640625,169.1222359375,152.35126875,39.287285182935584,0.014284375,Leaf Redding
LR00232.jpg,159.9092390625,165.2073703125,147.771759375,46.97273159280733,0.023334375,Leaf Redding
LR00233.jpg,169.829828125,171.3693078125,154.4657078125,39.69973673350082,0.00864375,Leaf Redding
LR00234.jpg,141.9219375,145.9521796875,123.9970375,50.207049079953634,0.17385,Leaf Redding
LR00235.jpg,152.1454046875,152.964690625,128.5634296875,51.36212859527317,0.2154515625,Leaf Redding
LR00236.jpg,154.50704375,156.3699390625,135.3170046875,41.841431569066856,0.024775,Leaf Redding
LR00237.jpg,155.8214453125,157.6815859375,134.59573125,38.9587399649368,0.0327828125,Leaf Redding
LR00238.jpg,158.5113328125,159.7661546875,139.4519546875,40.61274441026454,0.03234375,Leaf Redding
LR00239.jpg,157.5361625,159.2213265625,138.276046875,42.24030806043357,0.0192328125,Leaf Redding
LR00240.jpg,151.5220640625,153.833003125,134.5357765625,46.359903713359344,0.025084375,Leaf Redding
LR00241.jpg,164.329721875,164.408634375,143.4657140625,38.20314826673679,0.014709375,Leaf Redding
LR00242.jpg,155.53259375,160.07741875,140.181646875,41.96695640624213,0.0180890625,Leaf Redding
LR00243.jpg,153.00884375,155.56036875,133.6260875,42.706505533093456,0.0105,Leaf Redding
LR00244.jpg,161.84656875,164.206325,143.4988078125,38.96988322353678,0.027825,Leaf Redding
LR00245.jpg,162.48410625,164.40105625,145.5374015625,40.402040374972835,0.0400890625,Leaf Redding
LR00246.jpg,161.494571875,146.79304375,136.8992734375,40.98287145461463,0.124671875,Leaf Redding
LR00247.jpg,156.017478125,142.586046875,131.0919375,40.729063966671404,0.1167375,Leaf Redding
LR00248.jpg,159.61033125,147.0218125,138.6857328125,38.77118687870412,0.0956234375,Leaf Redding
LR00249.jpg,165.6825609375,147.8737171875,144.407915625,40.399768281410694,0.131678125,Leaf Redding
LR00250.jpg,155.1704921875,131.8486828125,128.8728,39.45208150184367,0.1150796875,Leaf Redding
LR00251.jpg,158.3014734375,139.0880828125,117.31858125,50.12584618572965,0.09269375,Leaf Redding
LR00252.jpg,149.661178125,137.5433515625,115.8905203125,50.52117711074084,0.046365625,Leaf Redding
LR00253.jpg,153.7712390625,134.0149703125,112.1155828125,54.7571028234637,0.1131125,Leaf Redding
LR00254.jpg,145.23524375,130.8406109375,109.7719015625,53.64220681314608,0.0861171875,Leaf Redding
LR00255.jpg,141.242225,129.5732953125,107.1547734375,54.25948504964362,0.07390625,Leaf Redding
LR00256.jpg,162.461009375,144.952321875,125.21679375,35.16917347210613,0.1027875,Leaf Redding
LR00257.jpg,162.5181796875,143.6943703125,126.48565,35.31925624916776,0.10479375,Leaf Redding
LR00258.jpg,159.81355625,140.5948671875,121.7818375,35.40092650984997,0.0614140625,Leaf Redding
LR00259.jpg,168.9804875,151.5218734375,132.37795,31.306586914567443,0.0699609375,Leaf Redding
LR00260.jpg,153.588775,137.517565625,115.317675,34.06527438954941,0.042671875,Leaf Redding
LR00261.jpg,152.1958859375,136.6077375,114.5141953125,36.59178058151555,0.0689140625,Leaf Redding
LR00262.jpg,151.978659375,137.449415625,116.489596875,35.88207765361608,0.0669515625,Leaf Redding
LR00263.jpg,163.2594234375,143.5436078125,128.59928125,38.908015711095366,0.060659375,Leaf Redding
LR00264.jpg,166.6244859375,145.159275,133.1688109375,34.75144217314144,0.048253125,Leaf Redding
LR00265.jpg,162.996909375,145.23169375,128.0709671875,36.33386822085029,0.1041859375,Leaf Redding
LR00266.jpg,145.65500625,145.8436140625,126.9782609375,39.31568202954439,0.0576234375,Leaf Redding
LR00267.jpg,148.7823234375,148.6381515625,131.068528125,41.90970627779168,0.0321453125,Leaf Redding
LR00268.jpg,152.5629921875,155.5144796875,136.347478125,37.72295977209607,0.0335140625,Leaf Redding
LR00269.jpg,143.7492546875,145.85041875,126.25551875,41.53763394222167,0.0571359375,Leaf Redding
LR00270.jpg,152.748525,154.2219671875,134.9602859375,38.81877565702629,0.0645375,Leaf Redding
LR00271.jpg,152.075071875,152.4838234375,131.502959375,39.74594731490273,0.06793125,Leaf Redding
LR00272.jpg,148.5102609375,149.71480625,130.524778125,41.29688734665902,0.0522734375,Leaf Redding
LR00273.jpg,138.3450265625,139.4581125,119.47628125,43.352074883477556,0.045628125,Leaf Redding
LR00274.jpg,145.84305,148.33589375,128.3593234375,40.57669107643141,0.0101453125,Leaf Redding
LR00275.jpg,136.77569375,145.6815765625,122.0383640625,33.93562448840689,0.026559375,Leaf Redding
LR00276.jpg,161.0609046875,163.695490625,147.422740625,40.801681089462605,0.059475,Leaf Redding
LR00277.jpg,161.332725,161.408646875,146.8608171875,42.047310687181586,0.0509296875,Leaf Redding
LR00278.jpg,181.3958640625,185.150409375,168.14630625,36.99237398954414,0.0369015625,Leaf Redding
LR00279.jpg,182.953028125,183.9077046875,165.877046875,35.887936861018176,0.0144921875,Leaf Redding
LR00280.jpg,181.3991125,185.456165625,166.7512953125,42.14060893775414,0.0328484375,Leaf Redding
LR00281.jpg,182.249378125,186.435328125,168.7521203125,42.06284612088506,0.0377578125,Leaf Redding
LR00282.jpg,169.5187640625,170.5632078125,150.2794796875,46.238254003415136,0.0201046875,Leaf Redding
LR00283.jpg,167.29665,168.787771875,147.98491875,42.35035905864979,0.0107125,Leaf Redding
LR00284.jpg,178.887515625,181.6390640625,164.507371875,39.46650193535264,0.017415625,Leaf Redding
LR00285.jpg,179.508025,181.739940625,162.4878890625,37.799090566322526,0.0197,Leaf Redding
LR00286.jpg,174.9002453125,177.1003828125,162.598971875,41.50695639676039,0.0042953125,Leaf Redding
LR00287.jpg,182.4555703125,184.2305671875,170.3396234375,38.69201757576211,0.0088671875,Leaf Redding
LR00288.jpg,142.0581703125,143.570225,122.1974515625,59.01486577284533,0.243159375,Leaf Redding
LR00289.jpg,161.993446875,162.4382,143.381703125,52.85494608847153,0.2626359375,Leaf Redding
LR00290.jpg,162.5592578125,163.442853125,144.202109375,53.25639116448692,0.2544625,Leaf Redding
LR00291.jpg,177.81313125,174.25975,151.8224546875,32.07985510596799,0.034521875,Leaf Redding
LR00292.jpg,177.93489375,175.286878125,154.1787765625,34.420863996217385,0.0364453125,Leaf Redding
LR00293.jpg,153.390790625,150.0396546875,129.4180578125,41.12251106918368,0.0236109375,Leaf Redding
LR00294.jpg,178.046621875,168.92555625,153.555759375,33.75690580971013,0.018521875,Leaf Redding
LR00295.jpg,153.196346875,148.7519375,126.232809375,43.83935755139866,0.0590359375,Leaf Redding
LR00296.jpg,133.1378671875,128.7019484375,111.8522234375,46.894547513609844,0.016290625,Leaf Redding
LR00297.jpg,117.7531671875,113.89325,93.542959375,71.76605409801611,0.02158125,Leaf Redding
LR00298.jpg,172.8140109375,167.4839578125,145.75876875,39.150215727011776,0.09024375,Leaf Redding
LR00299.jpg,173.26884375,166.5112203125,145.1886609375,36.46907632036471,0.0212859375,Leaf Redding
LR00300.jpg,176.2832859375,170.3733625,149.870971875,35.24535737201725,0.0219984375,Leaf Redding
LR00301.jpg,158.49125,157.4877390625,135.540384375,42.24047998942264,0.028065625,Leaf Redding
LR00302.jpg,147.59054375,146.6836265625,120.37298125,42.07516489155883,0.020884375,Leaf Redding
LR00303.jpg,140.777215625,137.1002203125,115.4273640625,46.99497191198479,0.0254390625,Leaf Redding
LR00304.jpg,152.618328125,153.274084375,132.28536875,41.98459780621192,0.01128125,Leaf Redding
LR00305.jpg,145.290396875,145.1656703125,123.7725296875,42.49708728481244,0.0119984375,Leaf Redding
LR00306.jpg,124.9011703125,127.550603125,109.0701328125,48.04440386807511,0.1134140625,Leaf Redding
LR00307.jpg,165.305403125,167.4480390625,141.4283171875,37.84857521118434,0.030834375,Leaf Redding
LR00308.jpg,159.3329625,158.7669109375,139.06425,43.190685284949936,0.081790625,Leaf Redding
LR00309.jpg,168.0617109375,169.1981625,143.92845625,38.99725095125643,0.0226765625,Leaf Redding
LR00310.jpg,163.3163734375,163.1054515625,136.1937859375,42.64952830520044,0.0176359375,Leaf Redding
LR00311.jpg,164.607990625,164.8845796875,139.2529234375,38.94118566399493,0.0305453125,Leaf Redding
LR00312.jpg,149.5620078125,147.89555625,128.0147015625,47.3261569077011,0.1440609375,Leaf Redding
LR00313.jpg,170.592109375,173.6826796875,149.55359375,39.27712316772319,0.0260953125,Leaf Redding
LR00314.jpg,133.4462359375,143.547421875,118.7311859375,38.12328624155091,0.127709375,Leaf Redding
LR00315.jpg,162.4403203125,125.22775625,135.821596875,43.744452662782244,0.0051203125,Leaf Redding
LR00316.jpg,220.11453125,198.5948359375,173.622528125,25.1887042502957,0.004625,Leaf Redding
LR00317.jpg,162.4715671875,164.653825,145.835553125,41.72963780243906,0.0197578125,Leaf Redding
LR00318.jpg,141.1687203125,143.4660921875,120.080575,39.342823035341844,0.015215625,Leaf Redding
LR00319.jpg,174.00214375,176.8424703125,160.1877921875,37.74478995942478,0.0073703125,Leaf Redding
LR00320.jpg,170.5633125,173.6230765625,152.9684765625,36.821331331842075,0.0029109375,Leaf Redding
LR00321.jpg,173.5511484375,183.0780890625,164.645684375,31.449073928596157,0.0118359375,Leaf Redding
LR00322.jpg,160.873921875,166.741621875,147.04315625,43.02630136635084,0.020546875,Leaf Redding
LR00323.jpg,167.6188921875,176.3371203125,158.521053125,40.70641120031893,0.023109375,Leaf Redding
LR00324.jpg,166.9812453125,173.3823390625,151.9330546875,40.53850128461022,0.0052953125,Leaf Redding
LR00325.jpg,147.074171875,149.8249078125,129.919621875,39.476731759049095,0.0129984375,Leaf Redding
LR00326.jpg,171.61073125,177.0341640625,159.6385078125,38.20931253349276,0.02345,Leaf Redding
LR00327.jpg,165.1875734375,169.4869734375,145.0803640625,39.58998012093669,0.0429578125,Leaf Redding
LR00328.jpg,168.0747203125,171.97143125,150.2672234375,39.050195290299605,0.0150265625,Leaf Redding
LR00329.jpg,166.359128125,171.3224109375,145.945146875,35.91005409760487,0.00961875,Leaf Redding
LR00330.jpg,160.0770578125,164.3727453125,139.4202875,38.40386538905048,0.0150171875,Leaf Redding
LR00331.jpg,167.0326015625,172.93720625,146.0145875,35.82717980021333,0.0095875,Leaf Redding
LR00332.jpg,163.1120390625,166.6508328125,145.99699375,43.92344310927068,0.0315796875,Leaf Redding
LR00333.jpg,167.609803125,168.721521875,145.879728125,44.92177917999235,0.01488125,Leaf Redding
LR00334.jpg,162.258465625,164.6012984375,142.6899375,47.03987263724488,0.1747609375,Leaf Redding
LR00335.jpg,165.8780625,173.3049328125,147.5957375,37.80627644682439,0.0357296875,Leaf Redding
LR00336.jpg,169.5256203125,175.91033125,150.764546875,35.66385966266402,0.0358859375,Leaf Redding
LR00337.jpg,160.619978125,164.185946875,139.4469390625,41.855564551722374,0.0101171875,Leaf Redding
LR00338.jpg,168.6537828125,172.8295828125,155.1848703125,45.994337522622494,0.011340625,Leaf Redding
LR00339.jpg,161.8661453125,169.925278125,149.0251515625,48.397274045315136,0.004621875,Leaf Redding
LR00340.jpg,175.7133890625,178.653325,154.6679265625,39.03184471398875,0.0034171875,Leaf Redding
LR00341.jpg,170.6962953125,174.5219765625,153.350396875,45.99454678411847,0.008453125,Leaf Redding
LR00342.jpg,164.422940625,165.467121875,145.5780953125,35.84108955405128,0.0232328125,Leaf Redding
LR00343.jpg,160.6442375,161.145778125,143.1498609375,36.107669618595196,0.026290625,Leaf Redding
LR00344.jpg,155.82078125,157.014940625,131.451171875,37.88118781057603,0.0095765625,Leaf Redding
LR00345.jpg,155.173325,156.521303125,132.1905984375,37.94432255965843,0.00930625,Leaf Redding
LR00346.jpg,156.809103125,158.913296875,136.0223265625,37.894377221087304,0.0180515625,Leaf Redding
LR00347.jpg,154.7088359375,156.4800640625,133.8378265625,37.058848868252774,0.02250625,Leaf Redding
LR00348.jpg,160.33780625,161.2764578125,142.6193015625,41.34989583874352,0.0163375,Leaf Redding
LR00349.jpg,159.9796984375,162.7991703125,143.3820546875,36.848311989968224,0.021709375,Leaf Redding
LR00350.jpg,175.3999078125,172.023675,145.860290625,41.149916486663436,0.018078125,Leaf Redding
LR00351.jpg,167.5808828125,155.41296875,104.4471484375,29.39868127845541,0.021253125,Leaf Redding
LR00352.jpg,169.4835984375,155.6460390625,104.0983265625,28.865332875315563,0.0238171875,Leaf Redding
LR00353.jpg,146.96224375,153.6156734375,80.40211875,28.94130118075471,0.0108875,Leaf Redding
LR00354.jpg,142.58843125,165.340575,75.1769453125,20.718319228175485,0.0370828125,Leaf Redding
LR00355.jpg,152.04700625,154.3639859375,72.7852171875,20.34997126776605,0.0046890625,Leaf Redding
LR00356.jpg,158.3100015625,167.391965625,114.4803265625,43.66312114820294,0.0030734375,Leaf Redding
LR00357.jpg,140.76168125,159.5940234375,88.013484375,28.533424769212385,0.043071875,Leaf Redding
LR00358.jpg,170.086334375,171.9468734375,119.7674203125,36.43282716804705,0.050578125,Leaf Redding
LR00359.jpg,161.493525,157.4718140625,115.565065625,31.619065111392125,0.0496328125,Leaf Redding
LR00360.jpg,163.189359375,158.8523359375,117.041428125,31.36207675384978,0.052459375,Leaf Redding
LR00361.jpg,173.85521875,168.55916875,130.7332078125,31.84863812602449,0.0321640625,Leaf Redding
LR00362.jpg,166.3195984375,159.6884875,120.1120640625,33.35716733046694,0.026334375,Leaf Redding
LR00363.jpg,163.5342640625,158.316371875,116.6863125,35.54441073937415,0.021778125,Leaf Redding
LR00364.jpg,172.9067265625,167.491040625,123.0290515625,27.211329293575467,0.0192953125,Leaf Redding
LR00365.jpg,163.0254390625,159.5227125,119.2309140625,32.45468911359343,0.066753125,Leaf Redding
LR00366.jpg,172.1449515625,166.8704359375,125.8101015625,30.07538096982054,0.0383890625,Leaf Redding
LR00367.jpg,182.484653125,176.640390625,139.574103125,30.6945532395342,0.0128984375,Leaf Redding
LR00368.jpg,179.53856875,171.2115875,132.4025765625,30.116027484306183,0.01475,Leaf Redding
LR00369.jpg,171.2366625,167.9512875,127.953928125,30.34390667851506,0.053365625,Leaf Redding
LR00370.jpg,161.1876828125,159.327534375,122.3454453125,31.22344544820355,0.0180734375,Leaf Redding
LR00371.jpg,167.2590484375,164.5493109375,123.611946875,32.48067111302111,0.0207953125,Leaf Redding
LR00372.jpg,165.6919890625,165.158475,122.8004296875,32.65789156486291,0.0236,Leaf Redding
LR00373.jpg,152.028878125,155.11995,117.160228125,33.74416440084461,0.0207515625,Leaf Redding
LR00374.jpg,151.062484375,150.279584375,110.36641875,36.71733518184692,0.045809375,Leaf Redding
LR00375.jpg,165.8979640625,166.575590625,131.9091625,37.25441734423591,0.0489828125,Leaf Redding
LR00376.jpg,143.8890953125,143.24523125,107.603190625,43.266417597226095,0.0567265625,Leaf Redding
LR00377.jpg,150.6206765625,150.1972046875,115.7059046875,31.36844743393627,0.020871875,Leaf Redding
LR00378.jpg,152.840528125,154.9776890625,121.850890625,30.576587111687175,0.023640625,Leaf Redding
LR00379.jpg,173.7274875,173.19463125,144.1579609375,33.01331053771889,0.02086875,Leaf Redding
LR00380.jpg,172.122965625,170.248084375,132.53090625,32.62524854819413,0.0196796875,Leaf Redding
LR00381.jpg,159.127446875,159.312146875,127.4507953125,31.648892972146946,0.03525,Leaf Redding
LR00382.jpg,158.892640625,162.334746875,132.117221875,34.23784315200762,0.0246875,Leaf Redding
LR00383.jpg,152.3808125,146.8349390625,115.4826015625,41.481789439864805,0.139265625,Leaf Redding
LR00384.jpg,156.2918625,153.380753125,118.7421328125,44.898739440472035,0.2333796875,Leaf Redding
LR00385.jpg,148.111359375,145.6199359375,114.662846875,44.67651558652843,0.261553125,Leaf Redding
LR00386.jpg,152.6884734375,147.7313296875,112.9875875,45.92442006896773,0.278509375,Leaf Redding
LR00387.jpg,153.267471875,144.6529046875,106.0404375,44.674185505438984,0.2706171875,Leaf Redding
LR00388.jpg,151.4315,144.25805625,108.039621875,44.01771795292658,0.253128125,Leaf Redding
LR00389.jpg,153.9084921875,149.535528125,117.0528375,42.36697484708652,0.2534484375,Leaf Redding
LR00390.jpg,115.229853125,129.37519375,86.1630953125,34.81321189429872,0.086521875,Leaf Redding
LR00391.jpg,134.2292296875,155.3281953125,107.502540625,27.088978047085114,0.0845265625,Leaf Redding
LR00392.jpg,145.2240421875,160.0355546875,124.257346875,25.944609835320733,0.03725625,Leaf Redding
LR00393.jpg,172.126871875,189.1209640625,136.3126515625,21.248404773252016,0.0392125,Leaf Redding
LR00394.jpg,121.375296875,142.2135265625,102.037975,28.02079021802104,0.014140625,Leaf Redding
LR00395.jpg,137.6694890625,160.3472671875,110.0349328125,25.52963594063581,0.1034328125,Leaf Redding
LR00396.jpg,160.0588375,179.8429,132.98635625,23.947650414862384,0.0464625,Leaf Redding
LR00397.jpg,131.935778125,145.550609375,104.5269046875,34.85919179241522,0.143975,Leaf Redding
LR00398.jpg,160.7487140625,171.7392203125,114.12814375,46.58269019357934,0.0915828125,Leaf Redding
LR00399.jpg,158.3579328125,164.8682453125,113.71225,53.04862059831677,0.0633203125,Leaf Redding
LR00400.jpg,154.0590171875,159.515378125,115.1931421875,57.41510079669264,0.0438640625,Leaf Redding
LR00401.jpg,144.70991875,152.8400578125,108.1114171875,56.46170118972672,0.0482859375,Leaf Redding
LR00402.jpg,161.8788078125,169.4085875,119.6138328125,50.82444414202761,0.041128125,Leaf Redding
LR00403.jpg,154.8881984375,164.613275,111.403628125,50.677603136567726,0.0677953125,Leaf Redding
LR00404.jpg,164.528184375,176.17285625,119.0070125,43.0016892688854,0.053528125,Leaf Redding
LR00405.jpg,173.7410953125,178.574565625,125.01991875,40.25227578484694,0.0480578125,Leaf Redding
LR00406.jpg,167.2867890625,171.6262453125,122.246071875,43.65485872136999,0.04884375,Leaf Redding
LR00407.jpg,170.140040625,171.0137734375,119.331109375,37.66839095546176,0.0556921875,Leaf Redding
LR00408.jpg,159.076578125,160.0817296875,109.755603125,56.7729531395509,0.0347953125,Leaf Redding
LR00409.jpg,159.3738328125,165.22021875,112.1888390625,50.18505436690253,0.049446875,Leaf Redding
LR00410.jpg,160.8881015625,165.093034375,114.257709375,50.114685680141065,0.03695625,Leaf Redding
LR00411.jpg,166.1614125,174.8374671875,123.457728125,38.944838083725244,0.0498734375,Leaf Redding
LR00412.jpg,171.2128828125,175.3650140625,123.4078890625,42.05352920918704,0.04,Leaf Redding
LR00413.jpg,168.378034375,180.4153671875,123.677009375,39.02357284995919,0.0466859375,Leaf Redding
LR00414.jpg,125.3789953125,148.1735640625,126.823971875,55.80619324469984,0.0165296875,Leaf Redding
LR00415.jpg,119.725359375,133.3734390625,121.0976,61.6087482355411,0.0273609375,Leaf Redding
LR00416.jpg,121.025453125,128.65843125,94.1702984375,49.77462857117308,0.047975,Leaf Redding
LR00417.jpg,130.0672421875,131.655646875,107.0967859375,56.30999122798284,0.0426234375,Leaf Redding
LR00418.jpg,126.74880625,133.1736125,116.13470625,55.18645690361761,0.0193125,Leaf Redding
LR00419.jpg,128.2990984375,133.227396875,118.3883390625,56.702028350354226,0.01644375,Leaf Redding
LR00420.jpg,119.23274375,129.99075625,121.5348203125,51.81673788694202,0.0096578125,Leaf Redding
LR00421.jpg,118.0628296875,125.84471875,102.3690546875,44.14738088409704,0.0292546875,Leaf Redding
LR00422.jpg,125.46655,140.4421640625,133.8423484375,59.716369819251796,0.012353125,Leaf Redding
LR00423.jpg,126.6918171875,137.9417671875,101.0665265625,45.31901779303612,0.094334375,Leaf Redding
LR00424.jpg,124.5870015625,134.2283203125,99.15570625,40.14198557241986,0.090578125,Leaf Redding
LR00425.jpg,145.8690390625,156.5956828125,141.165634375,52.52268181178239,0.07115625,Leaf Redding
LR00426.jpg,132.2168890625,152.4085375,142.2104109375,55.50099114400881,0.034640625,Leaf Redding
LR00427.jpg,124.43644375,140.8648921875,114.1655953125,52.7582669104588,0.0736609375,Leaf Redding
LR00428.jpg,127.5099734375,138.743725,139.7479640625,64.2727170178431,0.0278125,Leaf Redding
LR00429.jpg,132.2635359375,144.18896875,132.9292140625,67.30500614582841,0.0344890625,Leaf Redding
LR00430.jpg,114.93605,121.4992375,118.0282296875,66.89627104014907,0.0286015625,Leaf Redding
LR00431.jpg,136.490453125,144.388709375,135.122259375,67.18567003756473,0.0491734375,Leaf Redding
LR00432.jpg,134.7104625,143.437540625,109.2815703125,42.76797618044925,0.046146875,Leaf Redding
LR00433.jpg,145.917028125,153.183240625,132.149128125,56.39543600769781,0.0405109375,Leaf Redding
LR00434.jpg,127.393465625,123.3245375,101.0645296875,35.64410042411019,0.0749921875,Leaf Redding
LR00435.jpg,126.7214859375,129.87830625,101.34869375,43.80268162927051,0.0915734375,Leaf Redding
LR00436.jpg,129.719253125,141.3904265625,144.656984375,69.89270487049957,0.035159375,Leaf Redding
LR00437.jpg,134.743840625,144.5658625,116.33476875,44.8609806287644,0.027784375,Leaf Redding
LR00438.jpg,131.697115625,142.9560609375,106.4535578125,41.5183869734792,0.1174265625,Leaf Redding
LR00439.jpg,130.4113703125,142.049503125,121.242734375,44.634007795414185,0.0458953125,Leaf Redding
LR00440.jpg,144.5649421875,153.792103125,121.3237453125,37.54202984601237,0.09950625,Leaf Redding
LR00441.jpg,133.328434375,143.1195234375,91.0217421875,31.3165089155388,0.21300625,Leaf Redding
LR00442.jpg,141.8718390625,153.456865625,125.8467015625,48.22589293218854,0.082946875,Leaf Redding
LR00443.jpg,146.2539765625,159.523228125,145.8167359375,50.089738857819064,0.059859375,Leaf Redding
LR00444.jpg,140.093496875,155.445425,155.429009375,50.11439302470187,0.0283515625,Leaf Redding
LR00445.jpg,151.9679796875,163.0502640625,150.1708359375,45.67232518633316,0.0269140625,Leaf Redding
LR00446.jpg,145.1882671875,154.7544484375,132.7408046875,51.02058269089636,0.0435765625,Leaf Redding
LR00447.jpg,143.2171453125,149.3431796875,133.7527203125,44.988173327409164,0.015975,Leaf Redding
LR00448.jpg,146.9944953125,167.82220625,177.892534375,40.589602326018344,0.0071140625,Leaf Redding
LR00449.jpg,146.618028125,165.4618046875,170.12403125,47.764820674343426,0.007409375,Leaf Redding
LR00450.jpg,141.4247671875,161.3545203125,162.5866953125,53.63340676665394,0.0089875,Leaf Redding
LR00451.jpg,128.6169984375,147.364375,138.0043,53.27391512433055,0.03329375,Leaf Redding
LR00452.jpg,139.3602296875,153.8417828125,127.7926890625,49.07609463447604,0.0907671875,Leaf Redding
LR00453.jpg,147.8577296875,159.2331859375,143.5303109375,48.92321552078582,0.094490625,Leaf Redding
LR00454.jpg,146.1416171875,155.5938984375,130.909796875,46.012293533904526,0.12893125,Leaf Redding
LR00455.jpg,143.460034375,153.735828125,126.5794234375,43.898435676554264,0.1289921875,Leaf Redding
LR00456.jpg,140.40938125,149.1804078125,130.5087921875,46.36483722697707,0.0808078125,Leaf Redding
LR00457.jpg,135.022365625,146.504,110.99043125,39.51233863601084,0.138928125,Leaf Redding
LR00458.jpg,131.0393296875,144.024421875,107.6696625,42.6005536913519,0.170984375,Leaf Redding
LR00459.jpg,134.1729734375,150.8234046875,123.357059375,43.24929638676078,0.1005109375,Leaf Redding
LR00460.jpg,148.357534375,164.5374921875,146.925221875,44.53422961916442,0.025621875,Leaf Redding
LR00461.jpg,129.441715625,150.7297484375,143.762565625,56.9245406459971,0.0269390625,Leaf Redding
LR00462.jpg,126.1469390625,141.793671875,114.925721875,46.13044362690267,0.0855078125,Leaf Redding
LR00463.jpg,108.3259328125,112.30256875,86.3908578125,55.46018980029957,0.035484375,Leaf Redding
LR00464.jpg,133.1179015625,138.2356046875,118.86960625,58.09447181207874,0.062484375,Leaf Redding
LR00465.jpg,144.748284375,145.636040625,132.947625,63.72370334589142,0.062390625,Leaf Redding
LR00466.jpg,131.78868125,143.2209734375,116.8846875,53.97036100781127,0.089853125,Leaf Redding
LR00467.jpg,157.7005265625,150.67024375,140.5738515625,66.10445287602539,0.033959375,Leaf Redding
LR00468.jpg,151.9361328125,151.0401359375,138.6942140625,64.17987294987051,0.0587421875,Leaf Redding
LR00469.jpg,150.99695,156.7384078125,152.96971875,63.281035008123204,0.072225,Leaf Redding
LR00470.jpg,131.653346875,131.687628125,105.684896875,43.315160841764715,0.1325265625,Leaf Redding
LR00471.jpg,135.7484390625,137.9426828125,114.9813515625,49.32239670042784,0.0510453125,Leaf Redding
LR00472.jpg,126.92180625,134.62481875,91.11668125,20.60076594877834,0.0482921875,Leaf Redding
LR00473.jpg,128.1721734375,137.979403125,99.529175,19.186555332112242,0.0675015625,Leaf Redding
LR00474.jpg,131.8353546875,155.9558984375,121.5289171875,12.62062587175898,0.02128125,Leaf Redding
LR00475.jpg,142.8506484375,158.87436875,155.098353125,70.76415333133797,0.0123390625,Leaf Redding
LR00476.jpg,139.045253125,149.5512078125,148.6925453125,62.84949051499208,0.008490625,Leaf Redding
LR00477.jpg,144.2128125,150.5318609375,142.8792921875,52.374584088443136,0.0063984375,Leaf Redding
LR00478.jpg,135.7942109375,140.7201,128.6776,51.74277755649127,0.0127609375,Leaf Redding
LR00479.jpg,129.1060953125,135.3150453125,122.9736671875,43.45361296793702,0.0078,Leaf Redding
LR00480.jpg,141.546225,153.3917890625,156.8643171875,54.27114214993754,0.00429375,Leaf Redding
LR00481.jpg,143.1098796875,148.5566203125,143.8070953125,56.75847166826176,0.008978125,Leaf Redding
LR00482.jpg,109.103603125,114.759678125,99.725884375,52.36585763808835,0.016953125,Leaf Redding
LR00483.jpg,119.1192375,118.649046875,106.32601875,53.80662387878836,0.0209390625,Leaf Redding
LR00484.jpg,145.5068140625,159.759034375,142.42098125,62.704475116825265,0.009046875,Leaf Redding
LR00485.jpg,148.1931515625,163.13365,146.9646359375,63.6901495983435,0.0313359375,Leaf Redding
LR00486.jpg,135.436575,149.5747828125,135.0008125,71.37031932513808,0.0170734375,Leaf Redding
LR00487.jpg,153.072153125,163.40480625,160.87401875,69.30151016177172,0.013946875,Leaf Redding
LR00488.jpg,149.7986828125,157.9367859375,143.28955,66.58355781014811,0.0394328125,Leaf Redding
LR00489.jpg,145.774025,146.78538125,121.3949421875,56.82861358445144,0.0502125,Leaf Redding
LR00490.jpg,149.1844046875,162.476371875,134.3756078125,58.933635536715144,0.0195234375,Leaf Redding
LR00491.jpg,146.7046453125,157.8000703125,134.75965625,64.76275050141882,0.029740625,Leaf Redding
LR00492.jpg,131.1071921875,139.8746578125,105.1094890625,50.687992007687235,0.0226140625,Leaf Redding
LR00493.jpg,141.8216578125,151.3275875,137.723425,59.51123559042759,0.0171734375,Leaf Redding
LR00494.jpg,138.4914109375,152.5998234375,131.9784765625,55.26167657685917,0.02410625,Leaf Redding
LR00495.jpg,135.3580703125,148.282875,135.301103125,61.4426903555453,0.022915625,Leaf Redding
LR00496.jpg,139.2251046875,148.7846765625,115.846253125,44.831634322300864,0.0509546875,Leaf Redding
LR00497.jpg,156.9258421875,167.9581859375,158.631771875,51.228385192457836,0.0427171875,Leaf Redding
LR00498.jpg,147.5015453125,158.1295109375,149.266971875,51.526304397230874,0.0473359375,Leaf Redding
LR00499.jpg,145.9095109375,159.7704640625,139.7322390625,47.634159023487335,0.024996875,Leaf Redding
LR00500.jpg,156.4225125,168.35645625,149.1607484375,52.58695571225302,0.0337734375,Leaf Redding
LR00501.jpg,123.1932171875,146.3464640625,119.53569375,61.96340554152123,0.0155984375,Leaf Redding
LR00502.jpg,120.2386859375,141.193628125,106.5940671875,57.153840825026094,0.0147125,Leaf Redding
LR00503.jpg,164.7058640625,174.32968125,134.0046140625,63.514601343507195,0.093196875,Leaf Redding
LR00504.jpg,144.137090625,152.1090109375,110.7286265625,63.15426693663066,0.111315625,Leaf Redding
LR00505.jpg,137.3532875,146.117321875,100.7223921875,57.12273686750126,0.1576375,Leaf Redding
LR00506.jpg,131.8600390625,140.354715625,99.277775,56.08238588486289,0.109471875,Leaf Redding
LR00507.jpg,139.0495984375,145.818996875,114.653984375,61.56462167435202,0.11976875,Leaf Redding
LR00508.jpg,142.760265625,151.319971875,120.9701484375,58.01056546871858,0.1165890625,Leaf Redding
LR00509.jpg,124.9166390625,136.151015625,96.1504921875,63.74385511643423,0.1080765625,Leaf Redding
LR00510.jpg,110.832303125,122.1306328125,66.0253375,56.25462709867731,0.0872515625,Leaf Redding
LR00511.jpg,133.1818015625,140.2552765625,99.2376,59.270873601810834,0.1319046875,Leaf Redding
LR00512.jpg,138.0359234375,146.8500765625,104.2905390625,57.81451010886306,0.0357984375,Leaf Redding
LR00513.jpg,141.43945,149.2669609375,121.7794765625,73.11744689919392,0.031659375,Leaf Redding
LR00514.jpg,142.5651078125,152.0258609375,113.944459375,63.39746084298558,0.01255625,Leaf Redding
LR00515.jpg,137.9198234375,144.8550875,102.2141515625,64.14382712074462,0.034675,Leaf Redding
LR00516.jpg,128.0552515625,135.5347171875,98.1780515625,71.34419239945083,0.0435984375,Leaf Redding
LR00517.jpg,122.898528125,132.666846875,87.04910625,49.382609842234764,0.010328125,Leaf Redding
LR00518.jpg,146.70573125,154.6664,118.159821875,56.23683486375911,0.0684671875,Leaf Redding
LR00519.jpg,147.271059375,158.3010484375,106.0580359375,39.6642960197082,0.0398640625,Leaf Redding
LR00520.jpg,156.3755578125,168.6990359375,130.7420296875,47.032098134910335,0.0716671875,Leaf Redding
LR00521.jpg,153.6579328125,162.5920828125,133.67545625,51.500034560126416,0.0910046875,Leaf Redding
LR00522.jpg,149.3134203125,159.5260046875,114.9539859375,47.38361212994066,0.17588125,Leaf Redding
LR00523.jpg,146.3068390625,157.03924375,113.0647,47.26203025883826,0.12066875,Leaf Redding
LR00524.jpg,140.90515,152.42835,108.363025,52.72472965500718,0.1458828125,Leaf Redding
LR00525.jpg,131.028084375,145.695471875,94.4665515625,52.74682078337125,0.1745859375,Leaf Redding
LR00526.jpg,118.71109375,132.6015625,71.2448921875,38.39945596477397,0.1989203125,Leaf Redding
LR00527.jpg,150.937353125,161.54504375,115.336803125,41.31760242702339,0.0753625,Leaf Redding
LR00528.jpg,152.116259375,160.663284375,132.8272265625,59.36497585615899,0.0481046875,Leaf Redding
LR00529.jpg,142.9380296875,152.542321875,116.376096875,57.21084437792793,0.0705046875,Leaf Redding
LR00530.jpg,162.2833765625,170.7519734375,146.4055296875,45.31393337196566,0.029709375,Leaf Redding
LR00531.jpg,146.3462265625,156.736309375,113.0114875,46.36464603670532,0.1784390625,Leaf Redding
LR00532.jpg,159.751121875,163.61766875,129.5265203125,55.65842292469329,0.0456359375,Leaf Redding
LR00533.jpg,146.4895984375,154.1234984375,113.6167703125,61.014266875562356,0.098746875,Leaf Redding
LR00534.jpg,137.18519375,147.9220078125,96.1494109375,58.577219014284374,0.1135546875,Leaf Redding
LR00535.jpg,136.493834375,133.197390625,92.79251875,60.47303249231188,0.15205,Leaf Redding
LR00536.jpg,132.80271875,125.873659375,90.80475,58.85115540895276,0.19625625,Leaf Redding
LR00537.jpg,121.8570796875,120.020940625,81.4045140625,60.864978951057665,0.1332328125,Leaf Redding
LR00538.jpg,109.7103734375,113.0742453125,52.9980609375,45.403691640636936,0.1612359375,Leaf Redding
LR00539.jpg,132.890134375,141.512528125,97.3263984375,71.2344147515723,0.0830390625,Leaf Redding
LR00540.jpg,122.892878125,126.059759375,83.8980796875,65.35825805653981,0.05059375,Leaf Redding
LR00541.jpg,120.6323125,114.5533453125,74.6912265625,65.62855888818628,0.1220390625,Leaf Redding
LR00542.jpg,137.379171875,135.6893578125,103.9836859375,68.17890535344767,0.0992125,Leaf Redding
LR00543.jpg,132.8403453125,135.6844484375,93.9560171875,68.19504298461571,0.072384375,Leaf Redding
LR00544.jpg,119.9135765625,122.9485140625,68.891296875,53.93231915836411,0.0740046875,Leaf Redding
LR00545.jpg,120.6471671875,123.6725359375,84.6689609375,63.61713612526163,0.052659375,Leaf Redding
LR00546.jpg,148.7966578125,157.5049234375,121.9122296875,71.32901993252315,0.0162953125,Leaf Redding
LR00547.jpg,142.0752765625,150.04610625,120.1637046875,69.51564324113016,0.0208359375,Leaf Redding
LR00548.jpg,154.5821203125,156.3311796875,111.49704375,45.95044897343498,0.06671875,Leaf Redding
LR00549.jpg,134.21710625,134.551371875,101.791821875,71.21237227497534,0.0317703125,Leaf Redding
LR00550.jpg,126.8101375,123.5084453125,81.6199609375,65.07572978632969,0.12638125,Leaf Redding
LR00551.jpg,122.5079484375,119.093140625,76.253675,58.15994698566055,0.08118125,Leaf Redding
LR00552.jpg,132.2552359375,136.902315625,88.32713125,47.067182360079414,0.160203125,Leaf Redding
LR00553.jpg,156.567140625,163.446903125,127.5831578125,49.770612641189544,0.13649375,Leaf Redding
LR00554.jpg,152.8079859375,160.5338109375,118.388084375,45.60127184228896,0.1666421875,Leaf Redding
LR00555.jpg,144.9070890625,155.1665375,116.84899375,51.81406256749797,0.0882046875,Leaf Redding
LR00556.jpg,167.29891875,174.8837765625,136.9210296875,40.77742840425518,0.004671875,Leaf Redding
LR00557.jpg,164.420484375,171.4871421875,134.51256875,44.56958072666133,0.1143875,Leaf Redding
LR00558.jpg,138.1443796875,147.3733375,103.27429375,58.625985779508554,0.1092546875,Leaf Redding
LR00559.jpg,132.314459375,143.104203125,105.2162609375,43.934922771184105,0.0964203125,Leaf Redding
LR00560.jpg,138.2635265625,145.3985671875,111.869296875,58.40182377845211,0.0715875,Leaf Redding
LR00561.jpg,150.5192375,156.4313625,115.355928125,46.655856472648566,0.0691375,Leaf Redding
LR00562.jpg,142.8180921875,151.498815625,99.550603125,42.08062966294205,0.1617,Leaf Redding
LR00563.jpg,154.3852375,157.56076875,124.669590625,56.81674846971532,0.044340625,Leaf Redding
LR00564.jpg,132.893896875,131.18799375,95.3891859375,62.59502988706693,0.10543125,Leaf Redding
LR00565.jpg,131.31394375,128.080278125,102.485971875,63.08705581440091,0.1346578125,Leaf Redding
LR00566.jpg,125.7020765625,122.7175296875,91.0962984375,58.41445982053053,0.12221875,Leaf Redding
LR00567.jpg,130.2447390625,128.7690578125,93.952703125,59.44225637445718,0.1858453125,Leaf Redding
LR00568.jpg,145.546728125,148.4846203125,119.7019703125,60.71913520769309,0.141025,Leaf Redding
LR00569.jpg,107.074053125,101.701609375,69.5476671875,61.07111085639345,0.1428921875,Leaf Redding
LR00570.jpg,124.552278125,125.6208609375,89.4022140625,67.64212646430899,0.0863109375,Leaf Redding
LR00571.jpg,141.1855546875,140.00133125,105.214521875,67.58186420214454,0.0697046875,Leaf Redding
LR00572.jpg,139.6358390625,140.7386703125,110.2884984375,71.52898484231525,0.058103125,Leaf Redding
LR00573.jpg,142.568609375,140.9346375,108.069765625,66.74453106149292,0.09988125,Leaf Redding
LR00574.jpg,149.277065625,149.8795203125,119.57683125,62.093292974719695,0.056871875,Leaf Redding
LR00575.jpg,143.95769375,142.5926203125,105.9404078125,62.49973752419476,0.048178125,Leaf Redding
LR00576.jpg,130.0470875,128.4786703125,96.2605609375,58.989240095406444,0.07168125,Leaf Redding
LR00577.jpg,117.9233859375,116.96029375,75.2172390625,48.95916910696735,0.0842640625,Leaf Redding
LR00578.jpg,151.162465625,136.96033125,99.0913078125,45.61340947812798,0.0597171875,Leaf Redding
LV00001.jpg,135.4081421875,146.0398078125,123.942009375,43.715239678693116,0.0416734375,Leaf Variegation
LV00002.jpg,109.768403125,124.7138859375,101.7928484375,48.86941776492937,0.0305015625,Leaf Variegation
LV00003.jpg,112.7220796875,123.1263921875,101.0466171875,51.03425642773311,0.1087,Leaf Variegation
LV00004.jpg,130.0387421875,146.05739375,121.67228125,52.7964403295073,0.04535625,Leaf Variegation
LV00005.jpg,118.9301578125,130.3350765625,108.51894375,62.32814349718922,0.134228125,Leaf Variegation
LV00006.jpg,145.420365625,152.327921875,131.704878125,61.08676400914829,0.1669125,Leaf Variegation
LV00007.jpg,125.6459578125,138.792921875,108.180465625,64.19941164577953,0.130946875,Leaf Variegation
LV00008.jpg,131.2020578125,141.649396875,112.4585890625,64.98304878194827,0.1739328125,Leaf Variegation
LV00009.jpg,144.082646875,156.3988765625,133.3006453125,62.95455796096846,0.1472796875,Leaf Variegation
LV00010.jpg,119.552434375,129.31335625,99.97320625,64.76791327080615,0.1730671875,Leaf Variegation
LV00011.jpg,124.30170625,132.4550234375,104.3163734375,68.73867934296632,0.18750625,Leaf Variegation
LV00012.jpg,132.5743,142.215475,110.7660953125,68.6512247144898,0.1485453125,Leaf Variegation
LV00013.jpg,110.2480609375,126.2319234375,94.5019921875,65.1753343819694,0.1218984375,Leaf Variegation
LV00014.jpg,123.1715671875,131.60839375,105.6839015625,64.79723950613187,0.155571875,Leaf Variegation
LV00015.jpg,121.5584890625,136.9809640625,106.5820546875,65.20269827134234,0.1250828125,Leaf Variegation
LV00016.jpg,116.5999578125,132.1949046875,100.796375,50.71930807763471,0.1547671875,Leaf Variegation
LV00017.jpg,115.910234375,130.646671875,101.491021875,52.86620786094993,0.1310078125,Leaf Variegation
LV00018.jpg,143.0706734375,158.1722625,126.9113703125,52.280923009877654,0.128409375,Leaf Variegation
LV00019.jpg,135.076365625,152.797653125,121.707615625,56.4811302218762,0.10154375,Leaf Variegation
LV00020.jpg,128.80726875,148.0571109375,115.2717390625,49.69392029230307,0.16163125,Leaf Variegation
LV00021.jpg,143.711403125,154.8591125,120.594265625,41.77321188608317,0.0417828125,Leaf Variegation
LV00022.jpg,145.2209359375,161.5897609375,127.1768984375,43.36642119805484,0.060571875,Leaf Variegation
LV00023.jpg,146.7100515625,152.82384375,120.5544625,44.90298471943735,0.0318046875,Leaf Variegation
LV00024.jpg,148.7079078125,158.1760265625,124.605246875,45.539069625186414,0.029221875,Leaf Variegation
LV00025.jpg,134.6183734375,143.863203125,115.088328125,42.32171012113731,0.027778125,Leaf Variegation
LV00026.jpg,131.5971515625,145.396075,122.8318171875,43.67870884692377,0.060128125,Leaf Variegation
LV00027.jpg,128.7938859375,141.260675,114.5463046875,45.47660326234298,0.052603125,Leaf Variegation
LV00028.jpg,126.567853125,140.155853125,115.74488125,42.64416636637884,0.0446234375,Leaf Variegation
LV00029.jpg,134.9779578125,148.96998125,122.9647890625,42.46797567379252,0.0300421875,Leaf Variegation
LV00030.jpg,144.2885890625,153.4501015625,116.0424984375,44.12947027736332,0.021021875,Leaf Variegation
LV00031.jpg,145.991084375,155.990596875,120.296990625,47.400716864542254,0.0204140625,Leaf Variegation
LV00032.jpg,133.7112765625,143.0445984375,114.0083921875,32.95069922652613,0.029346875,Leaf Variegation
LV00033.jpg,146.907071875,153.5491,114.2797453125,43.733385306843495,0.0270625,Leaf Variegation
LV00034.jpg,130.611975,138.4497140625,108.97158125,58.32618025079326,0.036271875,Leaf Variegation
LV00035.jpg,134.193475,145.789659375,112.221321875,56.818849676782214,0.03764375,Leaf Variegation
LV00036.jpg,135.7557046875,144.53195625,110.7169546875,51.536185372633675,0.057096875,Leaf Variegation
LV00037.jpg,126.6029453125,138.4689578125,109.830371875,59.97399223474904,0.02996875,Leaf Variegation
LV00038.jpg,140.3154140625,155.356959375,127.408921875,46.98075375377134,0.0853421875,Leaf Variegation
LV00039.jpg,142.581403125,155.236153125,128.9564578125,44.93312458118616,0.06608125,Leaf Variegation
LV00040.jpg,142.393846875,156.346428125,126.201228125,49.29470443685976,0.1181359375,Leaf Variegation
LV00041.jpg,134.829190625,149.620040625,116.1163984375,45.741492613345656,0.0848671875,Leaf Variegation
LV00042.jpg,139.3237078125,158.4265046875,104.636103125,38.33622926790714,0.04340625,Leaf Variegation
LV00043.jpg,146.2685796875,161.2467359375,112.1624625,38.15371333072426,0.0340875,Leaf Variegation
LV00044.jpg,134.539709375,152.3981125,105.570909375,36.2536578532116,0.0346171875,Leaf Variegation
LV00045.jpg,125.30546875,143.1128015625,110.69029375,50.541960116819695,0.0584234375,Leaf Variegation
LV00046.jpg,125.942578125,142.9357,113.734403125,57.179450618360185,0.0416,Leaf Variegation
LV00047.jpg,129.8121703125,153.2285734375,118.0816375,48.29018165113876,0.055221875,Leaf Variegation
LV00048.jpg,132.505309375,145.1594375,116.30331875,57.05179366968945,0.091115625,Leaf Variegation
LV00049.jpg,138.804775,149.2008578125,126.2937546875,54.508039417595505,0.0671,Leaf Variegation
LV00050.jpg,137.7384765625,146.426759375,119.4759734375,54.36562673406295,0.054984375,Leaf Variegation
LV00051.jpg,132.9359390625,151.665525,129.091846875,49.4901791681121,0.04315,Leaf Variegation
LV00052.jpg,129.795353125,142.0009625,119.728525,42.746798997890956,0.1050421875,Leaf Variegation
LV00053.jpg,144.074653125,162.8928078125,132.0509875,56.25162287640542,0.06594375,Leaf Variegation
LV00054.jpg,137.163325,151.71893125,116.5682890625,54.665293769848574,0.1016921875,Leaf Variegation
LV00055.jpg,128.622884375,153.9038640625,116.6321859375,43.086346271290196,0.0594796875,Leaf Variegation
LV00056.jpg,139.1428671875,165.262265625,134.8759,43.456783917462204,0.0705609375,Leaf Variegation
LV00057.jpg,148.293346875,164.2220453125,130.5952875,64.52424515450505,0.0306578125,Leaf Variegation
LV00058.jpg,145.4625546875,171.4616859375,136.01104375,43.07220170101013,0.088728125,Leaf Variegation
LV00059.jpg,150.1300796875,158.5906875,117.391209375,45.50231005320197,0.0354625,Leaf Variegation
LV00060.jpg,160.4937921875,180.33529375,147.0362453125,39.6177304422786,0.0684296875,Leaf Variegation
LV00061.jpg,143.492278125,150.25378125,118.6344421875,49.842606908956625,0.025928125,Leaf Variegation
LV00062.jpg,163.4136578125,182.7821984375,142.6350953125,33.97738087898625,0.0684171875,Leaf Variegation
LV00063.jpg,137.4193984375,151.0443421875,120.974053125,46.42768000745889,0.0409359375,Leaf Variegation
LV00064.jpg,129.349028125,135.513134375,102.6769703125,43.928707358605024,0.009884375,Leaf Variegation
LV00065.jpg,138.651084375,148.5964234375,116.8867359375,42.160204206617976,0.02026875,Leaf Variegation
LV00066.jpg,139.44584375,158.2854046875,121.6410265625,32.4075000039939,0.0210703125,Leaf Variegation
LV00067.jpg,130.6467140625,139.3155875,117.8999203125,57.097591852729096,0.0523265625,Leaf Variegation
LV00068.jpg,140.856246875,145.11318125,119.7175796875,52.213644030645604,0.0494203125,Leaf Variegation
LV00069.jpg,137.166196875,147.142884375,124.4769296875,57.64770080081673,0.056353125,Leaf Variegation
LV00070.jpg,137.6493828125,154.9040453125,126.3801703125,39.590202149648086,0.03020625,Leaf Variegation
LV00071.jpg,171.215775,175.2904890625,116.8034328125,33.24730247598101,0.0558640625,Leaf Variegation
LV00072.jpg,147.415409375,158.4355875,124.2309984375,63.79763678273297,0.035103125,Leaf Variegation
LV00073.jpg,136.8454765625,138.1502296875,112.3316234375,53.52086570635244,0.024015625,Leaf Variegation
LV00074.jpg,162.54545625,174.805971875,134.0856390625,48.25195737059848,0.04555,Leaf Variegation
LV00075.jpg,154.7351359375,173.344803125,146.570615625,48.311248641259674,0.1189546875,Leaf Variegation
LV00076.jpg,141.1103265625,158.1126421875,129.7471390625,36.70788602850283,0.1177609375,Leaf Variegation
LV00077.jpg,153.4840640625,172.1178953125,143.36910625,44.011802785588095,0.14585,Leaf Variegation
LV00078.jpg,146.9977359375,161.148675,133.5927375,46.5408745158246,0.0786984375,Leaf Variegation
LV00079.jpg,146.528753125,162.6860546875,132.1558765625,49.290806699981474,0.1484125,Leaf Variegation
LV00080.jpg,145.569590625,157.3329671875,104.42251875,39.823867958021935,0.0199234375,Leaf Variegation
LV00081.jpg,138.520475,156.7585421875,133.14023125,55.779722729834916,0.06228125,Leaf Variegation
LV00082.jpg,133.5508359375,152.9909265625,90.2351515625,31.437108414039827,0.0229921875,Leaf Variegation
LV00083.jpg,139.4869890625,163.8275140625,104.5958734375,33.891181250589405,0.037621875,Leaf Variegation
LV00084.jpg,127.192984375,147.235675,89.0457609375,36.215077414300886,0.0212546875,Leaf Variegation
LV00085.jpg,126.9568984375,136.8539578125,107.1014625,52.81394285524781,0.039865625,Leaf Variegation
LV00086.jpg,146.87979375,166.6749953125,98.225490625,34.63057170549612,0.0200921875,Leaf Variegation
LV00087.jpg,145.4894578125,168.6750125,116.6739078125,32.43398404259027,0.00805625,Leaf Variegation
LV00088.jpg,137.3249765625,154.6812328125,122.9875859375,56.60018293416148,0.0418390625,Leaf Variegation
LV00089.jpg,122.9919234375,149.703846875,112.4564,45.295373223595846,0.0513734375,Leaf Variegation
LV00090.jpg,141.2777734375,152.1859171875,123.5428015625,58.52031372901627,0.0984625,Leaf Variegation
LV00091.jpg,146.0208796875,155.4663203125,127.766109375,61.54802015505668,0.0662859375,Leaf Variegation
LV00092.jpg,158.3464640625,176.2283203125,133.6099375,46.535909598391704,0.0460578125,Leaf Variegation
LV00093.jpg,113.154878125,139.0090296875,107.6313484375,35.14922806968211,0.0462296875,Leaf Variegation
LV00094.jpg,134.063146875,156.6970765625,121.9736171875,56.785443839959214,0.0557734375,Leaf Variegation
LV00095.jpg,169.92004375,192.7750140625,149.793915625,29.09311427146695,0.0241640625,Leaf Variegation
LV00096.jpg,157.377103125,184.4357046875,139.989090625,55.937278208359174,0.0117109375,Leaf Variegation
LV00097.jpg,128.624109375,150.068196875,92.3284203125,35.40825162536735,0.0256375,Leaf Variegation
LV00098.jpg,136.0920421875,143.131034375,114.34076875,58.989996808958004,0.084259375,Leaf Variegation
LV00099.jpg,153.1881078125,175.9272578125,112.9151484375,39.31951045429119,0.198053125,Leaf Variegation
LV00100.jpg,163.105653125,179.59400625,131.1448875,34.25866741083272,0.1126921875,Leaf Variegation
LV00101.jpg,148.964671875,168.02185625,114.6776078125,34.82584371034453,0.09950625,Leaf Variegation
LV00102.jpg,151.5896171875,156.751446875,107.01229375,34.343127886209,0.035625,Leaf Variegation
LV00103.jpg,149.2627890625,152.58058125,108.721428125,43.83923644130092,0.0065234375,Leaf Variegation
LV00104.jpg,157.3682296875,166.542528125,115.428871875,41.8006608264628,0.10403125,Leaf Variegation
LV00105.jpg,155.957321875,171.1802453125,115.4693640625,43.88629827275137,0.1325109375,Leaf Variegation
LV00106.jpg,169.1787140625,177.537271875,129.453253125,32.421445384572905,0.0734484375,Leaf Variegation
LV00107.jpg,156.5392359375,177.850696875,114.9278453125,35.19857155804086,0.0647796875,Leaf Variegation
LV00108.jpg,171.9140453125,196.411709375,144.9935453125,32.46902971432808,0.126321875,Leaf Variegation
LV00109.jpg,161.659178125,180.2464171875,130.944771875,34.79597659593706,0.1172171875,Leaf Variegation
LV00110.jpg,163.4545859375,185.891746875,120.6304671875,36.88463211987607,0.0734234375,Leaf Variegation
LV00111.jpg,140.6954875,149.0627171875,99.091584375,36.52627688577217,0.0413859375,Leaf Variegation
LV00112.jpg,153.844765625,155.5235734375,105.633521875,32.133370264069306,0.0261046875,Leaf Variegation
LV00113.jpg,153.3913421875,171.060990625,105.363325,38.751456811213,0.070678125,Leaf Variegation
LV00114.jpg,145.025821875,154.1830125,101.5505796875,39.53763463945763,0.0659421875,Leaf Variegation
LV00115.jpg,133.245178125,141.9256390625,93.7149,38.29521244893059,0.093228125,Leaf Variegation
LV00116.jpg,168.1194078125,186.227809375,135.63418125,23.013446742295233,0.0477640625,Leaf Variegation
