image,red_intensity,green_intensity,blue_intensity,texture,edge_density,disease
augmented_Bacterial Blight0001.jpg,172.7499390625,214.71373125,187.6579453125,29.300415129709975,0.293725,Bacterial Blight
augmented_Bacterial Blight0002.jpg,172.7499390625,214.71373125,187.6579453125,29.300415129709975,0.293725,Bacterial Blight
augmented_Bacterial Blight0003.jpg,172.76643125,214.74475,187.6697203125,29.192382344726393,0.2925203125,Bacterial Blight
augmented_Bacterial Blight0004.jpg,178.657178125,217.8171078125,193.7270375,33.248348842349685,0.273865625,Bacterial Blight
augmented_Bacterial Blight0005.jpg,199.5237921875,220.0288109375,189.2475796875,35.06066542297712,0.0371640625,Bacterial Blight
augmented_Bacterial Blight0006.jpg,199.5237921875,220.0288109375,189.2475796875,35.06066542297712,0.0371640625,Bacterial Blight
augmented_Bacterial Blight0007.jpg,187.519190625,193.12255,180.1228328125,67.78730339298315,0.374259375,Bacterial Blight
augmented_Bacterial Blight0008.jpg,199.520165625,220.02205,189.2335390625,35.062370104213485,0.0370171875,Bacterial Blight
augmented_Bacterial Blight0009.jpg,198.5459078125,219.0667734375,188.2181046875,35.12341010350813,0.0387234375,Bacterial Blight
augmented_Bacterial Blight0010.jpg,188.390190625,198.3044671875,178.5044828125,63.371486008217886,0.3744828125,Bacterial Blight
augmented_Bacterial Blight0011.jpg,197.3085625,223.0565203125,182.5113640625,24.624008333724095,0.15720625,Bacterial Blight
augmented_Bacterial Blight0012.jpg,207.0090703125,229.1854640625,194.656590625,28.927383725104548,0.134553125,Bacterial Blight
augmented_Bacterial Blight0013.jpg,109.716559375,129.53894375,98.8109453125,12.96760936993555,0.0321796875,Bacterial Blight
augmented_Bacterial Blight0014.jpg,196.034196875,225.0957828125,177.4063796875,22.688698016567404,0.1055375,Bacterial Blight
augmented_Bacterial Blight0015.jpg,196.04153125,225.086015625,177.3991328125,22.710659874947375,0.1063671875,Bacterial Blight
augmented_Bacterial Blight0016.jpg,196.04153125,225.086015625,177.3991328125,22.710659874947375,0.1063671875,Bacterial Blight
augmented_Bacterial Blight0017.jpg,203.6745671875,228.1270234375,184.09413125,25.18889136463981,0.0889484375,Bacterial Blight
augmented_Bacterial Blight0018.jpg,181.0694984375,197.316734375,172.086715625,29.86503659870162,0.0770953125,Bacterial Blight
augmented_Bacterial Blight0019.jpg,181.0694984375,197.316734375,172.086715625,29.86503659870162,0.0770953125,Bacterial Blight
augmented_Bacterial Blight0020.jpg,191.4571625,210.062659375,187.278590625,33.30894867573464,0.0742796875,Bacterial Blight
augmented_Bacterial Blight0021.jpg,185.076678125,201.7879171875,177.6638375,30.508245546770922,0.07036875,Bacterial Blight
augmented_Bacterial Blight0022.jpg,183.5527875,200.898284375,176.92313125,33.883170656017924,0.0766234375,Bacterial Blight
augmented_Bacterial Blight0023.jpg,183.5527875,200.898284375,176.92313125,33.883170656017924,0.0766234375,Bacterial Blight
augmented_Bacterial Blight0024.jpg,180.116328125,196.3767671875,171.136971875,29.71322203052035,0.06783125,Bacterial Blight
augmented_Bacterial Blight0025.jpg,189.5997875,212.0362265625,173.4242734375,38.069261053391195,0.054071875,Bacterial Blight
augmented_Bacterial Blight0026.jpg,189.5997875,212.0362265625,173.4242734375,38.069261053391195,0.054071875,Bacterial Blight
augmented_Bacterial Blight0027.jpg,195.0897421875,216.4553078125,179.9616765625,38.75333716619495,0.0512484375,Bacterial Blight
augmented_Bacterial Blight0028.jpg,205.33013125,225.7618703125,193.2621703125,34.844705517002126,0.05166875,Bacterial Blight
augmented_Bacterial Blight0029.jpg,198.5338953125,218.2972,183.7740953125,37.41666007017492,0.0553234375,Bacterial Blight
augmented_Bacterial Blight0030.jpg,188.6170765625,211.0915328125,172.421940625,38.16302091402557,0.05648125,Bacterial Blight
augmented_Bacterial Blight0031.jpg,187.3945375,203.1659671875,168.469875,42.47992567554232,0.03165625,Bacterial Blight
augmented_Bacterial Blight0032.jpg,176.868178125,187.800753125,165.569459375,62.66313885307561,0.370615625,Bacterial Blight
augmented_Bacterial Blight0033.jpg,176.8597265625,187.8969234375,165.5417609375,62.579043650297585,0.370296875,Bacterial Blight
augmented_Bacterial Blight0034.jpg,193.3326296875,212.49046875,178.4744796875,44.31911314202576,0.0318421875,Bacterial Blight
augmented_Bacterial Blight0035.jpg,191.697759375,206.0720921875,173.839034375,45.97419656236146,0.0306703125,Bacterial Blight
augmented_Bacterial Blight0036.jpg,191.697759375,206.0720921875,173.839034375,45.97419656236146,0.0306703125,Bacterial Blight
augmented_Bacterial Blight0037.jpg,191.697759375,206.0720921875,173.839034375,45.97419656236146,0.0306703125,Bacterial Blight
augmented_Bacterial Blight0038.jpg,186.434515625,202.1928046875,167.4666359375,42.43943545736849,0.0280359375,Bacterial Blight
augmented_Bacterial Blight0039.jpg,195.134784375,222.0034296875,202.933190625,43.3668529022373,0.2399125,Bacterial Blight
augmented_Bacterial Blight0040.jpg,220.321353125,236.950403125,226.528165625,39.11693689591407,0.1316171875,Bacterial Blight
augmented_Bacterial Blight0041.jpg,178.8371171875,207.8152734375,186.921996875,42.77575540122703,0.2891703125,Bacterial Blight
augmented_Bacterial Blight0042.jpg,190.9514140625,193.03048125,185.14709375,73.95134400490446,0.376328125,Bacterial Blight
augmented_Bacterial Blight0043.jpg,208.2140171875,232.8205421875,194.595046875,19.028728445803683,0.041515625,Bacterial Blight
augmented_Bacterial Blight0044.jpg,175.947253125,187.00608125,151.699703125,52.199883247162155,0.0148859375,Bacterial Blight
augmented_Bacterial Blight0045.jpg,175.947253125,187.00608125,151.699703125,52.199883247162155,0.0148859375,Bacterial Blight
augmented_Bacterial Blight0046.jpg,175.947253125,187.00608125,151.699703125,52.199883247162155,0.0148859375,Bacterial Blight
augmented_Bacterial Blight0047.jpg,186.099528125,192.9578328125,165.085790625,59.45618430301446,0.008740625,Bacterial Blight
augmented_Bacterial Blight0048.jpg,182.9598984375,190.356796875,160.566940625,57.959607119377175,0.00989375,Bacterial Blight
augmented_Bacterial Blight0049.jpg,180.6831046875,189.2035609375,157.3772453125,56.28081925293859,0.010175,Bacterial Blight
augmented_Bacterial Blight0050.jpg,180.92420625,189.3103359375,157.669540625,56.42236590566142,0.0100484375,Bacterial Blight
augmented_Bacterial Blight0051.jpg,182.82198125,195.103459375,160.8711109375,55.07075646233436,0.0160640625,Bacterial Blight
augmented_Bacterial Blight0052.jpg,182.82198125,195.103459375,160.8711109375,55.07075646233436,0.0160640625,Bacterial Blight
augmented_Bacterial Blight0053.jpg,180.66905625,194.038278125,155.1972890625,55.420912646069965,0.0112390625,Bacterial Blight
augmented_Bacterial Blight0054.jpg,182.7123421875,194.8983140625,156.946709375,56.8646108391835,0.0090390625,Bacterial Blight
augmented_Bacterial Blight0055.jpg,190.8575453125,193.414875,187.1060828125,73.68675320335632,0.376834375,Bacterial Blight
augmented_Bacterial Blight0056.jpg,190.8945609375,193.4051296875,187.0652203125,73.63614448992593,0.37736875,Bacterial Blight
augmented_Bacterial Blight0057.jpg,206.331778125,232.4216296875,197.71049375,19.820124074662097,0.04540625,Bacterial Blight
augmented_Bacterial Blight0058.jpg,206.331778125,232.4216296875,197.71049375,19.820124074662097,0.04540625,Bacterial Blight
augmented_Bacterial Blight0059.jpg,206.331778125,232.4216296875,197.71049375,19.820124074662097,0.04540625,Bacterial Blight
augmented_Bacterial Blight0060.jpg,210.6858984375,234.3430703125,202.6184453125,21.5994611512504,0.036375,Bacterial Blight
augmented_Bacterial Blight0061.jpg,205.3366703125,231.523996875,196.73085625,19.78948875411831,0.043725,Bacterial Blight
augmented_Bacterial Blight0062.jpg,205.3360265625,231.5476890625,196.714184375,19.71143293556016,0.0415703125,Bacterial Blight
augmented_Bacterial Blight0063.jpg,175.9584171875,193.09890625,161.046790625,43.45748517282875,0.003959375,Bacterial Blight
augmented_Bacterial Blight0064.jpg,193.324709375,210.7994390625,177.014765625,47.59667796069779,0.004371875,Bacterial Blight
augmented_Bacterial Blight0065.jpg,193.331425,210.7823171875,177.0144,47.596752974348064,0.004515625,Bacterial Blight
augmented_Bacterial Blight0066.jpg,200.859390625,215.64613125,187.068428125,49.253090051028124,0.0052296875,Bacterial Blight
augmented_Bacterial Blight0067.jpg,204.0571390625,217.35566875,191.148128125,49.83724521163138,0.0054015625,Bacterial Blight
augmented_Bacterial Blight0068.jpg,173.5836734375,192.2969015625,153.9136828125,37.69886927092844,0.0317921875,Bacterial Blight
augmented_Bacterial Blight0069.jpg,240.9609,239.2309078125,225.996790625,39.292322586112086,0.0089703125,Bacterial Blight
augmented_Bacterial Blight0070.jpg,186.2780703125,205.80415,165.1762125,40.45001324647834,0.033771875,Bacterial Blight
augmented_Bacterial Blight0071.jpg,186.3216875,205.8647203125,165.2228828125,40.30215393922045,0.030096875,Bacterial Blight
augmented_Bacterial Blight0072.jpg,192.1720453125,210.839465625,172.848659375,42.35550724175921,0.033903125,Bacterial Blight
augmented_Bacterial Blight0073.jpg,199.4395,220.7192671875,196.4389984375,41.62005341376704,0.043296875,Bacterial Blight
augmented_Bacterial Blight0074.jpg,199.4395,220.7192671875,196.4389984375,41.62005341376704,0.043296875,Bacterial Blight
augmented_Bacterial Blight0075.jpg,187.62304375,194.8578859375,173.48356875,64.98043085914134,0.3744484375,Bacterial Blight
augmented_Bacterial Blight0076.jpg,201.4418671875,225.40171875,185.6083765625,27.33463181903172,0.021503125,Bacterial Blight
augmented_Bacterial Blight0077.jpg,199.2806265625,221.6168625,181.9993828125,33.50739848082174,0.026346875,Bacterial Blight
augmented_Bacterial Blight0078.jpg,193.318628125,217.5557625,174.3618953125,30.96680183162098,0.024765625,Bacterial Blight
augmented_Bacterial Blight0079.jpg,193.2950296875,217.559778125,174.3553890625,30.926554688511995,0.0250171875,Bacterial Blight
augmented_Bacterial Blight0080.jpg,249.726984375,253.756265625,240.8589015625,7.715293932421634,0.0023359375,Bacterial Blight
augmented_Bacterial Blight0081.jpg,104.6878640625,119.746640625,94.3720671875,22.706232900552187,0.004425,Bacterial Blight
augmented_Bacterial Blight0082.jpg,189.587053125,210.881721875,171.3152359375,41.39593551545746,0.0173609375,Bacterial Blight
augmented_Bacterial Blight0083.jpg,189.587053125,210.881721875,171.3152359375,41.39593551545746,0.0173609375,Bacterial Blight
augmented_Bacterial Blight0084.jpg,182.221775,188.159753125,166.5149125,67.15008534699993,0.3712015625,Bacterial Blight
augmented_Bacterial Blight0085.jpg,189.4580453125,210.922353125,171.3524640625,41.38333429854717,0.0174953125,Bacterial Blight
augmented_Bacterial Blight0086.jpg,197.8541453125,214.4845484375,179.5002234375,45.4710181019726,0.0147171875,Bacterial Blight
augmented_Bacterial Blight0087.jpg,198.7533625,218.5585609375,183.083309375,39.043726569195414,0.016046875,Bacterial Blight
augmented_Bacterial Blight0088.jpg,201.1129234375,225.249490625,194.743665625,25.4844047674558,0.02655,Bacterial Blight
augmented_Bacterial Blight0089.jpg,200.0918296875,224.2702953125,193.6987046875,25.589895630703737,0.0272453125,Bacterial Blight
augmented_Bacterial Blight0090.jpg,197.9417953125,218.203584375,178.89316875,37.23984970104398,0.0060734375,Bacterial Blight
augmented_Bacterial Blight0091.jpg,197.0183515625,217.3562625,177.989159375,37.194205963538394,0.006053125,Bacterial Blight
augmented_Bacterial Blight0092.jpg,189.3062015625,208.7860375,147.0462671875,24.177847671851843,0.110384375,Bacterial Blight
augmented_Bacterial Blight0093.jpg,160.80455,168.31728125,141.17055,37.71693840310354,0.0296375,Bacterial Blight
augmented_Bacterial Blight0094.jpg,175.47853125,181.73130625,159.1944359375,57.166122986363945,0.3636625,Bacterial Blight
augmented_Bacterial Blight0095.jpg,175.5362328125,181.6411953125,159.144325,57.20611051579327,0.3639078125,Bacterial Blight
augmented_Bacterial Blight0096.jpg,181.7691328125,189.753859375,159.698534375,42.77811785014479,0.0337078125,Bacterial Blight
augmented_Bacterial Blight0097.jpg,201.1901796875,221.1011984375,185.3312015625,36.519070220174456,0.0171796875,Bacterial Blight
augmented_Bacterial Blight0098.jpg,195.3063734375,216.4049890625,179.12163125,38.38960303824285,0.0176015625,Bacterial Blight
augmented_Bacterial Blight0099.jpg,126.4822046875,131.5779125,97.801775,40.803746113023664,0.0434625,Bacterial Blight
augmented_Bacterial Blight0100.jpg,174.4187125,180.037065625,139.1654578125,55.53033502666644,0.0616734375,Bacterial Blight
augmented_Bacterial Blight0101.jpg,165.8897734375,170.8658234375,128.725971875,53.644360550830136,0.0646578125,Bacterial Blight
augmented_Bacterial Blight0102.jpg,193.37011875,223.9031671875,177.8432984375,22.987835829699012,0.16358125,Bacterial Blight
augmented_Bacterial Blight0103.jpg,193.37011875,223.9031671875,177.8432984375,22.987835829699012,0.16358125,Bacterial Blight
augmented_Bacterial Blight0104.jpg,186.1107765625,198.900790625,174.84949375,62.672785242333674,0.37246875,Bacterial Blight
augmented_Bacterial Blight0105.jpg,193.3715078125,223.8960171875,177.836928125,22.95022622053661,0.163090625,Bacterial Blight
augmented_Bacterial Blight0106.jpg,250.7311859375,251.2416890625,219.150046875,16.786001678935115,0.013621875,Bacterial Blight
augmented_Bacterial Blight0107.jpg,191.3203,210.6504375,154.2783953125,24.94788806692863,0.11280625,Bacterial Blight
augmented_Bacterial Blight0108.jpg,197.7491171875,216.73760625,165.788975,27.440147589913046,0.083784375,Bacterial Blight
augmented_Bacterial Blight0109.jpg,181.6660515625,197.7057390625,151.8042625,41.84774619923872,0.1452546875,Bacterial Blight
augmented_Bacterial Blight0110.jpg,176.8403734375,185.66936875,151.788834375,58.72750854554598,0.3669328125,Bacterial Blight
augmented_Bacterial Blight0111.jpg,189.196071875,203.588259375,160.5388703125,43.80280414793822,0.12334375,Bacterial Blight
augmented_Bacterial Blight0112.jpg,180.729959375,196.8449015625,150.80516875,41.49835654623949,0.126759375,Bacterial Blight
augmented_Bacterial Blight0113.jpg,187.626934375,204.976665625,167.8492,30.011719977574494,0.0366234375,Bacterial Blight
augmented_Bacterial Blight0114.jpg,187.626934375,204.976665625,167.8492,30.011719977574494,0.0366234375,Bacterial Blight
augmented_Bacterial Blight0115.jpg,187.6123859375,204.94246875,167.8348390625,30.072692746077795,0.0381890625,Bacterial Blight
augmented_Bacterial Blight0116.jpg,198.4530265625,213.92708125,182.225509375,32.48205091746791,0.026478125,Bacterial Blight
augmented_Bacterial Blight0117.jpg,193.3994078125,210.4071859375,175.53491875,30.048863365334018,0.032134375,Bacterial Blight
augmented_Bacterial Blight0118.jpg,203.056725,216.5124484375,188.049134375,34.47666943050205,0.0225515625,Bacterial Blight
augmented_Bacterial Blight0119.jpg,194.7972734375,208.6918015625,175.6243171875,34.33996698815331,0.0316109375,Bacterial Blight
augmented_Bacterial Blight0120.jpg,186.6072328125,203.968203125,166.833521875,30.010551339618665,0.035728125,Bacterial Blight
augmented_Bacterial Blight0121.jpg,186.6294625,203.9816515625,166.837784375,29.984718385098915,0.0353515625,Bacterial Blight
augmented_Bacterial Blight0122.jpg,193.6550875,197.6581234375,183.5832328125,63.40404134061227,0.37475,Bacterial Blight
augmented_Bacterial Blight0123.jpg,207.664309375,224.3593109375,193.3056390625,24.868521133492102,0.0350359375,Bacterial Blight
augmented_Bacterial Blight0124.jpg,198.2074390625,224.0039265625,185.8980890625,30.940262687846506,0.0127609375,Bacterial Blight
augmented_Bacterial Blight0125.jpg,188.2174078125,193.7605203125,180.3512515625,69.87077429605438,0.376934375,Bacterial Blight
augmented_Bacterial Blight0126.jpg,132.8271609375,144.6795328125,125.3764625,31.446172015395387,0.03714375,Bacterial Blight
augmented_Bacterial Blight0127.jpg,191.0794703125,205.8485359375,180.6409515625,45.319427650386,0.07076875,Bacterial Blight
augmented_Bacterial Blight0128.jpg,179.0882984375,184.7292125,173.72410625,67.77070717440238,0.3703953125,Bacterial Blight
augmented_Bacterial Blight0129.jpg,200.2154625,215.9506234375,190.649409375,41.15818016971505,0.06275625,Bacterial Blight
augmented_Bacterial Blight0130.jpg,193.4352546875,211.097090625,179.8677078125,40.87558239090546,0.1490765625,Bacterial Blight
augmented_Bacterial Blight0131.jpg,157.2502875,173.2649578125,145.8114171875,34.1922511200223,0.1304453125,Bacterial Blight
augmented_Bacterial Blight0132.jpg,190.846284375,208.6838,177.305725,40.52110961487955,0.153090625,Bacterial Blight
augmented_Bacterial Blight0133.jpg,190.846284375,208.6838,177.305725,40.52110961487955,0.153090625,Bacterial Blight
augmented_Bacterial Blight0134.jpg,193.1642609375,211.8777046875,171.456446875,27.687834508199227,0.0044875,Bacterial Blight
augmented_Bacterial Blight0135.jpg,188.4762171875,198.19024375,170.2195578125,54.46106653961009,0.3705890625,Bacterial Blight
augmented_Bacterial Blight0136.jpg,193.1528359375,211.8901953125,171.446815625,27.68312345778917,0.004609375,Bacterial Blight
augmented_Bacterial Blight0137.jpg,193.1528359375,211.8901953125,171.446815625,27.68312345778917,0.004609375,Bacterial Blight
augmented_Bacterial Blight0138.jpg,193.1528359375,211.8901953125,171.446815625,27.68312345778917,0.004609375,Bacterial Blight
augmented_Bacterial Blight0139.jpg,196.3706296875,213.784553125,176.55210625,30.118554762958592,0.0048765625,Bacterial Blight
augmented_Bacterial Blight0140.jpg,198.042521875,214.7489625,179.10920625,31.126708298468166,0.0044921875,Bacterial Blight
augmented_Bacterial Blight0141.jpg,192.1669296875,210.908075,170.4383984375,27.668526426892377,0.004125,Bacterial Blight
augmented_Bacterial Blight0142.jpg,192.3998046875,198.1537421875,164.9537,49.444999296860146,0.0460359375,Bacterial Blight
augmented_Bacterial Blight0143.jpg,187.351721875,193.1933,160.1534140625,48.506463850907295,0.0481453125,Bacterial Blight
augmented_Bacterial Blight0144.jpg,171.220934375,178.5030390625,153.956790625,63.01156400336612,0.365953125,Bacterial Blight
augmented_Bacterial Blight0145.jpg,187.32265,193.1635484375,160.11038125,48.51075037834226,0.0473578125,Bacterial Blight
augmented_Bacterial Blight0146.jpg,198.40251875,202.0926421875,175.82529375,53.07760053773804,0.0405828125,Bacterial Blight
augmented_Bacterial Blight0147.jpg,205.881665625,228.120459375,211.7119296875,46.725909815809615,0.14626875,Bacterial Blight
augmented_Bacterial Blight0148.jpg,116.7151828125,138.9268359375,121.5660796875,33.03521448643734,0.17533125,Bacterial Blight
augmented_Bacterial Blight0149.jpg,175.660565625,205.057115625,183.429696875,47.23045072753231,0.2331265625,Bacterial Blight
augmented_Bacterial Blight0150.jpg,160.911971875,185.7365234375,158.54461875,51.27192454064383,0.19033125,Bacterial Blight
augmented_Bacterial Blight0151.jpg,157.3035328125,173.7102,154.735534375,62.75729133066549,0.364225,Bacterial Blight
augmented_Bacterial Blight0152.jpg,160.9318578125,185.788934375,158.5837,51.22786211634892,0.19021875,Bacterial Blight
augmented_Bacterial Blight0153.jpg,174.8871390625,196.32774375,182.419303125,62.84364823440262,0.3735796875,Bacterial Blight
augmented_Bacterial Blight0154.jpg,174.9516359375,196.52981875,182.3384703125,62.73881482489769,0.374375,Bacterial Blight
augmented_Bacterial Blight0155.jpg,174.8740203125,196.397540625,182.4209171875,62.82478284791082,0.3744984375,Bacterial Blight
augmented_Bacterial Blight0156.jpg,188.85549375,222.5012875,193.9102671875,34.215533861030174,0.1639734375,Bacterial Blight
augmented_Bacterial Blight0157.jpg,181.6324234375,219.03379375,187.444609375,31.22319740285722,0.1755578125,Bacterial Blight
augmented_Bacterial Blight0158.jpg,171.393875,199.633484375,166.8017078125,34.389259521247006,0.1807390625,Bacterial Blight
augmented_Bacterial Blight0159.jpg,170.6492265625,198.7757703125,166.08864375,34.282918376585194,0.18084375,Bacterial Blight
augmented_Bacterial Blight0160.jpg,174.4057265625,190.1853203125,169.4698375,57.934193742499204,0.365915625,Bacterial Blight
augmented_Bacterial Blight0161.jpg,189.8557921875,214.06775625,188.1496171875,43.38274427252468,0.13174375,Bacterial Blight
augmented_Bacterial Blight0162.jpg,183.005421875,210.7196859375,180.49653125,39.165242452141875,0.1514984375,Bacterial Blight
augmented_Bacterial Blight0163.jpg,181.8806234375,209.9721015625,178.9358453125,38.25881339836375,0.1555765625,Bacterial Blight
augmented_Bacterial Blight0164.jpg,184.9423,215.0168625,189.5414234375,43.28296922205976,0.1584265625,Bacterial Blight
augmented_Bacterial Blight0165.jpg,176.6692484375,188.6949375,181.59399375,69.52374202637962,0.370940625,Bacterial Blight
augmented_Bacterial Blight0166.jpg,184.8994546875,214.9375953125,189.4879609375,43.42738958448692,0.1587828125,Bacterial Blight
augmented_Bacterial Blight0167.jpg,195.3659296875,219.71349375,198.4684671875,46.56082052864168,0.1328328125,Bacterial Blight
augmented_Bacterial Blight0168.jpg,168.3880453125,193.1576328125,168.7876109375,51.034993623385745,0.1767359375,Bacterial Blight
augmented_Bacterial Blight0169.jpg,160.8218453125,177.9605265625,160.09518125,63.687441412195504,0.3671625,Bacterial Blight
augmented_Bacterial Blight0170.jpg,177.8109578125,203.7004765625,181.0901328125,50.484878895679486,0.175125,Bacterial Blight
augmented_Bacterial Blight0171.jpg,167.49699375,192.532684375,167.9441828125,50.69126849254513,0.1640125,Bacterial Blight
augmented_Bacterial Blight0172.jpg,140.704053125,165.653025,141.0755578125,27.597701828662114,0.130965625,Bacterial Blight
augmented_Bacterial Blight0173.jpg,182.27155625,211.8809296875,182.5599546875,34.79247463154509,0.1664796875,Bacterial Blight
augmented_Bacterial Blight0174.jpg,200.5273421875,228.59454375,206.7397421875,31.735312205146233,0.143021875,Bacterial Blight
augmented_Bacterial Blight0175.jpg,181.2774203125,211.04415625,181.5859796875,34.72693720411565,0.16343125,Bacterial Blight
augmented_Bacterial Blight0176.jpg,182.18551875,195.3928625,170.717840625,59.70171827181745,0.093440625,Bacterial Blight
augmented_Bacterial Blight0177.jpg,182.18551875,195.3928625,170.717840625,59.70171827181745,0.093440625,Bacterial Blight
augmented_Bacterial Blight0178.jpg,195.89698125,219.5722203125,190.4138359375,22.787089651852266,0.0980296875,Bacterial Blight
augmented_Bacterial Blight0179.jpg,195.89698125,219.5722203125,190.4138359375,22.787089651852266,0.0980296875,Bacterial Blight
augmented_Bacterial Blight0180.jpg,200.3704953125,224.5324375,198.00605,25.269850718634792,0.097290625,Bacterial Blight
augmented_Bacterial Blight0181.jpg,200.3704953125,224.5324375,198.00605,25.269850718634792,0.097290625,Bacterial Blight
augmented_Bacterial Blight0182.jpg,194.9066265625,218.7336765625,189.49004375,22.88738484433495,0.0991859375,Bacterial Blight
augmented_Bacterial Blight0183.jpg,170.1570234375,174.7622015625,161.0725875,64.28112256408248,0.3664,Bacterial Blight
augmented_Bacterial Blight0184.jpg,170.1440875,174.8589265625,161.057271875,64.32071621844845,0.3666328125,Bacterial Blight
augmented_Bacterial Blight0185.jpg,170.1438953125,174.6726765625,161.0122125,64.39227219420401,0.3665390625,Bacterial Blight
augmented_Bacterial Blight0186.jpg,183.797146875,200.110165625,180.25854375,52.35231196364707,0.19745625,Bacterial Blight
augmented_Bacterial Blight0187.jpg,227.924403125,242.68035625,229.360309375,23.913944553268223,0.0824296875,Bacterial Blight
augmented_Bacterial Blight0188.jpg,186.419759375,216.5997140625,193.1789890625,36.1481454431922,0.2197375,Bacterial Blight
augmented_Bacterial Blight0189.jpg,193.0010859375,222.655590625,201.3136,36.87325718947397,0.2073703125,Bacterial Blight
augmented_Bacterial Blight0190.jpg,177.3473953125,206.3298421875,178.8009890625,30.48116497252708,0.2256453125,Bacterial Blight
augmented_Bacterial Blight0191.jpg,174.753640625,208.3469984375,178.9488875,28.21202866826111,0.1172984375,Bacterial Blight
augmented_Bacterial Blight0192.jpg,173.7918796875,207.3842578125,177.95421875,28.081647283331634,0.1146828125,Bacterial Blight
augmented_Bacterial Blight0193.jpg,130.716875,149.9796984375,118.435365625,18.139970148291265,0.0073046875,Bacterial Blight
augmented_Bacterial Blight0194.jpg,199.55219375,223.323378125,182.200159375,30.591592545012038,0.0183796875,Bacterial Blight
augmented_Bacterial Blight0195.jpg,194.2183375,220.1453125,176.0782671875,27.305595125237584,0.0188578125,Bacterial Blight
augmented_Bacterial Blight0196.jpg,194.231121875,220.1483578125,176.069428125,27.27395730183098,0.01764375,Bacterial Blight
augmented_Bacterial Blight0197.jpg,185.6816671875,210.710871875,146.9471109375,61.47177687196745,0.2108703125,Bacterial Blight
augmented_Bacterial Blight0198.jpg,136.3455890625,164.560271875,130.062840625,61.04918511773088,0.1980390625,Bacterial Blight
augmented_Bacterial Blight0199.jpg,139.81979375,165.91341875,129.772109375,64.02838575714503,0.1930125,Bacterial Blight
augmented_Bacterial Blight0200.jpg,135.5067328125,163.7509453125,129.000884375,60.75227880242437,0.1936265625,Bacterial Blight
augmented_Bacterial Blight0201.jpg,110.4616234375,127.547040625,105.1154765625,58.46346092470886,0.0923828125,Bacterial Blight
augmented_Bacterial Blight0202.jpg,132.62154375,144.7494078125,97.72176875,71.07701489430004,0.3675984375,Bacterial Blight
augmented_Bacterial Blight0203.jpg,132.555946875,144.6003265625,97.6426296875,71.04328014088154,0.3667765625,Bacterial Blight
augmented_Bacterial Blight0204.jpg,168.402746875,190.2755203125,124.7449609375,44.10110795209062,0.1905921875,Bacterial Blight
augmented_Bacterial Blight0205.jpg,130.695146875,148.88955,94.2676734375,49.449521928384485,0.3627390625,Bacterial Blight
augmented_Bacterial Blight0206.jpg,133.9981859375,153.467428125,101.6373828125,44.80828749941929,0.1538609375,Bacterial Blight
augmented_Bacterial Blight0207.jpg,159.5193453125,174.8329328125,130.953340625,62.856671763297925,0.1192609375,Bacterial Blight
augmented_Bacterial Blight0208.jpg,133.07875625,152.5746734375,100.6114140625,44.33529970694105,0.140771875,Bacterial Blight
augmented_Bacterial Blight0209.jpg,141.3047625,162.6886625,124.8082390625,62.38646164721457,0.166178125,Bacterial Blight
augmented_Bacterial Blight0210.jpg,157.794328125,179.413359375,149.3552359375,82.55017894361828,0.132428125,Bacterial Blight
augmented_Bacterial Blight0211.jpg,68.4605890625,85.2526328125,76.70464375,44.405575226452875,0.03104375,Bacterial Blight
augmented_Bacterial Blight0212.jpg,133.44093125,159.0955703125,138.003975,86.94479117954226,0.1040546875,Bacterial Blight
augmented_Bacterial Blight0213.jpg,126.502259375,141.0489578125,99.5199265625,81.00674373031822,0.3690515625,Bacterial Blight
augmented_Bacterial Blight0214.jpg,126.4240078125,141.021584375,99.5180578125,80.94377864971696,0.3693453125,Bacterial Blight
augmented_Bacterial Blight0215.jpg,143.21465,166.750253125,147.5445640625,89.37793000509741,0.096815625,Bacterial Blight
augmented_Bacterial Blight0216.jpg,166.9023546875,188.190846875,155.70115,77.31609300684286,0.1036046875,Bacterial Blight
augmented_Bacterial Blight0217.jpg,137.751434375,164.621409375,142.8257875,83.47196812463042,0.0856859375,Bacterial Blight
augmented_Bacterial Blight0218.jpg,137.751434375,164.621409375,142.8257875,83.47196812463042,0.0856859375,Bacterial Blight
augmented_Bacterial Blight0219.jpg,137.7469375,164.630921875,142.8076328125,83.46459644433281,0.084284375,Bacterial Blight
augmented_Bacterial Blight0220.jpg,142.865059375,175.7006,170.0043734375,82.47585149056474,0.067890625,Bacterial Blight
augmented_Bacterial Blight0221.jpg,148.962634375,179.321684375,173.0071796875,83.88940476076584,0.0617453125,Bacterial Blight
augmented_Bacterial Blight0222.jpg,159.2972546875,186.826846875,181.245934375,83.65257884772474,0.0576546875,Bacterial Blight
augmented_Bacterial Blight0223.jpg,149.839825,179.972271875,172.328965625,85.60851953549869,0.0657515625,Bacterial Blight
augmented_Bacterial Blight0224.jpg,141.9644890625,174.9695546875,169.4785796875,82.70947232115108,0.0680015625,Bacterial Blight
augmented_Bacterial Blight0225.jpg,142.003884375,175.0011125,169.530825,82.67169907754646,0.066225,Bacterial Blight
augmented_Bacterial Blight0226.jpg,114.4007625,135.392759375,108.9171640625,64.15975209014623,0.08774375,Bacterial Blight
augmented_Bacterial Blight0227.jpg,114.4395484375,135.4266578125,108.94463125,64.19618420419233,0.0873203125,Bacterial Blight
augmented_Bacterial Blight0228.jpg,111.5780375,129.501215625,97.86630625,63.57446357558755,0.3615375,Bacterial Blight
augmented_Bacterial Blight0229.jpg,111.56595,129.723228125,97.8255234375,63.56054703595367,0.361625,Bacterial Blight
augmented_Bacterial Blight0230.jpg,114.42580625,135.40718125,108.91124375,64.10689821246872,0.085703125,Bacterial Blight
augmented_Bacterial Blight0231.jpg,114.42580625,135.40718125,108.91124375,64.10689821246872,0.085703125,Bacterial Blight
augmented_Bacterial Blight0232.jpg,114.42580625,135.40718125,108.91124375,64.10689821246872,0.085703125,Bacterial Blight
augmented_Bacterial Blight0233.jpg,146.00416875,161.9987984375,141.115671875,84.09972574773063,0.0740890625,Bacterial Blight
augmented_Bacterial Blight0234.jpg,113.61203125,134.5850890625,108.0237171875,64.32701673401192,0.0840296875,Bacterial Blight
augmented_Bacterial Blight0235.jpg,123.45453125,149.745571875,135.2000078125,85.59131476172635,0.0526109375,Bacterial Blight
augmented_Bacterial Blight0236.jpg,143.4012390625,163.572,141.261034375,90.50577052759341,0.0643703125,Bacterial Blight
augmented_Bacterial Blight0237.jpg,126.6776671875,153.3540546875,136.0992734375,87.40427720431144,0.054446875,Bacterial Blight
augmented_Bacterial Blight0238.jpg,118.612928125,144.301725,133.7692671875,82.7476209393811,0.049784375,Bacterial Blight
augmented_Bacterial Blight0239.jpg,118.6747828125,144.35446875,133.86494375,82.75512917453976,0.0494640625,Bacterial Blight
augmented_Bacterial Blight0240.jpg,121.49749375,139.3606125,111.58685625,80.01028074661241,0.3657328125,Bacterial Blight
augmented_Bacterial Blight0241.jpg,118.683859375,144.366625,133.8616828125,82.71461099714584,0.0486875,Bacterial Blight
augmented_Bacterial Blight0242.jpg,131.5759265625,155.061909375,147.588240625,86.21178497566234,0.04345625,Bacterial Blight
augmented_Bacterial Blight0243.jpg,144.3763875,165.725784375,161.1023546875,87.15572962046849,0.03849375,Bacterial Blight
augmented_Bacterial Blight0244.jpg,136.8467828125,158.8898953125,112.9024359375,79.37419039383953,0.1692625,Bacterial Blight
augmented_Bacterial Blight0245.jpg,122.23379375,142.5694671875,113.9877859375,85.79458993160817,0.1298921875,Bacterial Blight
augmented_Bacterial Blight0246.jpg,111.3798390625,133.7763375,101.3703546875,79.64261169571373,0.1295171875,Bacterial Blight
augmented_Bacterial Blight0247.jpg,111.4144109375,133.8155640625,101.522159375,79.7686384935026,0.1367375,Bacterial Blight
augmented_Bacterial Blight0248.jpg,139.7785390625,159.659884375,124.9271015625,79.04416142820688,0.0973140625,Bacterial Blight
augmented_Bacterial Blight0249.jpg,108.520153125,129.2393828125,109.3059453125,76.1381602230168,0.0655984375,Bacterial Blight
augmented_Bacterial Blight0250.jpg,112.29984375,131.3036234375,109.1691296875,80.95481084862156,0.0663953125,Bacterial Blight
augmented_Bacterial Blight0251.jpg,112.29984375,131.3036234375,109.1691296875,80.95481084862156,0.0663953125,Bacterial Blight
augmented_Bacterial Blight0252.jpg,112.29984375,131.3036234375,109.1691296875,80.95481084862156,0.0663953125,Bacterial Blight
augmented_Bacterial Blight0253.jpg,174.098378125,195.992246875,146.4445015625,61.12296084155823,0.240728125,Bacterial Blight
augmented_Bacterial Blight0254.jpg,142.54604375,167.577840625,131.1283359375,60.838438184871045,0.2324265625,Bacterial Blight
augmented_Bacterial Blight0255.jpg,139.119271875,158.316565625,105.4875578125,62.37178836940487,0.3748125,Bacterial Blight
augmented_Bacterial Blight0256.jpg,154.1767703125,177.03385625,144.303590625,65.40000406482325,0.207809375,Bacterial Blight
augmented_Bacterial Blight0257.jpg,154.1767703125,177.03385625,144.303590625,65.40000406482325,0.207809375,Bacterial Blight
augmented_Bacterial Blight0258.jpg,154.1767703125,177.03385625,144.303590625,65.40000406482325,0.207809375,Bacterial Blight
augmented_Bacterial Blight0259.jpg,127.2118078125,150.2113515625,129.627784375,56.23934448757095,0.1810828125,Bacterial Blight
augmented_Bacterial Blight0260.jpg,123.7556078125,146.1663359375,126.263334375,54.652548264785935,0.1791453125,Bacterial Blight
augmented_Bacterial Blight0261.jpg,143.85158125,168.7252359375,143.726515625,63.292505846352334,0.187534375,Bacterial Blight
augmented_Bacterial Blight0262.jpg,146.64229375,164.2260140625,109.754134375,67.4309007475453,0.37546875,Bacterial Blight
augmented_Bacterial Blight0263.jpg,159.442503125,182.6907890625,155.3551,68.19297803854948,0.170721875,Bacterial Blight
augmented_Bacterial Blight0264.jpg,133.275825,153.494915625,93.2582,53.6680064774363,0.365203125,Bacterial Blight
augmented_Bacterial Blight0265.jpg,137.0052828125,161.1466125,108.5923984375,50.905796613127464,0.14308125,Bacterial Blight
augmented_Bacterial Blight0266.jpg,137.0052828125,161.1466125,108.5923984375,50.905796613127464,0.14308125,Bacterial Blight
augmented_Bacterial Blight0267.jpg,80.9960734375,99.538225,80.056315625,37.99902908639881,0.117271875,Bacterial Blight
augmented_Bacterial Blight0268.jpg,91.2370609375,111.222296875,90.2490453125,42.997838451764075,0.1388390625,Bacterial Blight
augmented_Bacterial Blight0269.jpg,138.656484375,165.6425765625,129.643825,65.4126458210963,0.2007890625,Bacterial Blight
augmented_Bacterial Blight0270.jpg,138.656484375,165.6425765625,129.643825,65.4126458210963,0.2007890625,Bacterial Blight
augmented_Bacterial Blight0271.jpg,138.656278125,165.653890625,129.6295640625,65.39616630048504,0.1997703125,Bacterial Blight
augmented_Bacterial Blight0272.jpg,149.225690625,171.1340375,127.0118359375,64.41082546931055,0.188971875,Bacterial Blight
augmented_Bacterial Blight0273.jpg,140.2478875,160.3221375,115.44549375,62.5253926207277,0.3658046875,Bacterial Blight
augmented_Bacterial Blight0274.jpg,169.7736859375,192.8644921875,152.60435,61.40932559229024,0.1571828125,Bacterial Blight
augmented_Bacterial Blight0275.jpg,115.59290625,140.130625,100.3552375,56.05026798951249,0.1130921875,Bacterial Blight
augmented_Bacterial Blight0276.jpg,138.59410625,164.3880234375,145.4999421875,66.45379946547972,0.082890625,Bacterial Blight
augmented_Bacterial Blight0277.jpg,132.1658921875,161.578615625,152.6122796875,59.57405100367964,0.0439765625,Bacterial Blight
augmented_Bacterial Blight0278.jpg,131.7785890625,158.4682171875,136.6832375,62.94671665260979,0.35606875,Bacterial Blight
augmented_Bacterial Blight0279.jpg,132.1845078125,161.608359375,152.6489484375,59.58233436363426,0.0434984375,Bacterial Blight
augmented_Bacterial Blight0280.jpg,142.8870765625,168.01613125,155.62168125,68.05254645943438,0.0397859375,Bacterial Blight
augmented_Bacterial Blight0281.jpg,139.9263453125,166.13434375,154.6510234375,65.86655321978793,0.040153125,Bacterial Blight
augmented_Bacterial Blight0282.jpg,149.7616265625,172.87896875,159.38179375,71.52217175409665,0.039315625,Bacterial Blight
augmented_Bacterial Blight0283.jpg,144.9440109375,172.0461375,164.3260515625,64.4727135990584,0.038440625,Bacterial Blight
augmented_Bacterial Blight0284.jpg,131.513671875,160.7732609375,151.899959375,59.74212341515849,0.041059375,Bacterial Blight
augmented_Bacterial Blight0285.jpg,137.75598125,164.137746875,151.9400734375,63.73959922466745,0.3563,Bacterial Blight
augmented_Bacterial Blight0286.jpg,75.132278125,94.88970625,81.2508171875,51.84947403280788,0.0167703125,Bacterial Blight
augmented_Bacterial Blight0287.jpg,108.8718328125,134.8882359375,114.2913484375,75.71496910391095,0.04174375,Bacterial Blight
augmented_Bacterial Blight0288.jpg,108.92820625,134.9503484375,114.381384375,75.77724915413162,0.0425078125,Bacterial Blight
augmented_Bacterial Blight0289.jpg,79.5007625,99.37901875,88.093325,51.358645060856205,0.0226625,Bacterial Blight
augmented_Bacterial Blight0290.jpg,60.4043875,76.8574078125,67.722590625,38.317296511831096,0.010625,Bacterial Blight
augmented_Bacterial Blight0291.jpg,159.339996875,180.3674046875,136.5760875,78.48749984325131,0.0757125,Bacterial Blight
augmented_Bacterial Blight0292.jpg,74.1983359375,93.3396828125,82.52,47.886096326230245,0.019003125,Bacterial Blight
augmented_Bacterial Blight0293.jpg,119.373228125,141.0595984375,109.9859359375,74.5170445520922,0.362134375,Bacterial Blight
augmented_Bacterial Blight0294.jpg,118.42261875,144.792071875,124.3766578125,76.76205635213246,0.049790625,Bacterial Blight
augmented_Bacterial Blight0295.jpg,137.355796875,159.39511875,139.8822109375,86.66250643497862,0.044484375,Bacterial Blight
augmented_Bacterial Blight0296.jpg,131.230078125,155.0482640625,137.88931875,82.73692950658432,0.0493375,Bacterial Blight
augmented_Bacterial Blight0297.jpg,117.5428234375,144.144965625,123.88118125,77.0325926338303,0.0494140625,Bacterial Blight
augmented_Bacterial Blight0298.jpg,122.5602375,145.722153125,120.368803125,76.11895857189786,0.043659375,Bacterial Blight
augmented_Bacterial Blight0299.jpg,131.9888859375,152.5378171875,126.7443234375,81.8669870207474,0.0390265625,Bacterial Blight
augmented_Bacterial Blight0300.jpg,129.876284375,150.9145140625,125.082359375,80.89081684315789,0.039603125,Bacterial Blight
augmented_Bacterial Blight0301.jpg,114.1110484375,133.99895625,108.9051734375,79.17474503916186,0.0141984375,Bacterial Blight
augmented_Bacterial Blight0302.jpg,122.948475,139.642578125,112.8225421875,86.36254387388124,0.012671875,Bacterial Blight
augmented_Bacterial Blight0303.jpg,158.908071875,173.25739375,135.5630875,54.530608135245004,0.0200921875,Bacterial Blight
augmented_Bacterial Blight0304.jpg,158.908071875,173.25739375,135.5630875,54.530608135245004,0.0200921875,Bacterial Blight
augmented_Bacterial Blight0305.jpg,158.906071875,173.2575890625,135.5498484375,54.530247979131865,0.0196984375,Bacterial Blight
augmented_Bacterial Blight0306.jpg,164.031815625,177.7415671875,140.170834375,60.15665618137473,0.0205484375,Bacterial Blight
augmented_Bacterial Blight0307.jpg,137.2959375,152.51519375,97.0541125,58.05596539174372,0.355215625,Bacterial Blight
augmented_Bacterial Blight0308.jpg,139.159390625,154.4299625,88.6789203125,52.721463649437524,0.0142859375,Bacterial Blight
augmented_Bacterial Blight0309.jpg,151.7461234375,166.6458296875,128.4002359375,61.34477208995271,0.3548953125,Bacterial Blight
augmented_Bacterial Blight0310.jpg,154.0851921875,169.510946875,123.3977796875,55.48840606862025,0.0206375,Bacterial Blight
augmented_Bacterial Blight0311.jpg,154.0851921875,169.510946875,123.3977796875,55.48840606862025,0.0206375,Bacterial Blight
augmented_Bacterial Blight0312.jpg,167.2847359375,181.0920359375,143.089765625,58.61640188852125,0.018428125,Bacterial Blight
augmented_Bacterial Blight0313.jpg,153.19695625,168.6223046875,122.5301359375,55.465951049653654,0.017415625,Bacterial Blight
augmented_Bacterial Blight0314.jpg,191.2085,209.3530609375,124.0393703125,49.900807076500215,0.0364203125,Bacterial Blight
augmented_Bacterial Blight0315.jpg,141.8579,157.7348484375,99.6304421875,52.168948624218956,0.0206984375,Bacterial Blight
augmented_Bacterial Blight0316.jpg,141.8966546875,157.76910625,99.7043078125,52.17389343535912,0.0204015625,Bacterial Blight
augmented_Bacterial Blight0317.jpg,141.8966546875,157.76910625,99.7043078125,52.17389343535912,0.0204015625,Bacterial Blight
augmented_Bacterial Blight0318.jpg,140.9812859375,156.8388421875,98.768728125,52.19884839156675,0.0185828125,Bacterial Blight
augmented_Bacterial Blight0319.jpg,74.015840625,85.780465625,38.5509578125,23.476949910393273,0.0202625,Bacterial Blight
augmented_Bacterial Blight0320.jpg,98.4682625,111.984134375,51.795759375,32.07673792863215,0.039615625,Bacterial Blight
augmented_Bacterial Blight0321.jpg,128.55755,144.6027140625,67.25194375,42.55313026372964,0.069946875,Bacterial Blight
augmented_Bacterial Blight0322.jpg,124.9846140625,140.7025875,65.28,41.236453349746476,0.0660765625,Bacterial Blight
augmented_Bacterial Blight0323.jpg,141.199009375,155.3489359375,87.3275859375,57.569706032359974,0.0548453125,Bacterial Blight
augmented_Bacterial Blight0324.jpg,133.1749796875,148.5265375,74.35915625,53.086348228902054,0.0649125,Bacterial Blight
augmented_Bacterial Blight0325.jpg,132.0990578125,145.8653375,100.2658078125,55.16448426643388,0.017615625,Bacterial Blight
augmented_Bacterial Blight0326.jpg,132.0990578125,145.8653375,100.2658078125,55.16448426643388,0.017615625,Bacterial Blight
augmented_Bacterial Blight0327.jpg,132.0990578125,145.8653375,100.2658078125,55.16448426643388,0.017615625,Bacterial Blight
augmented_Bacterial Blight0328.jpg,131.195428125,144.974634375,99.4354546875,55.152203087069275,0.0155890625,Bacterial Blight
augmented_Bacterial Blight0329.jpg,168.7679453125,182.001384375,115.9080625,63.63551824743413,0.0117515625,Bacterial Blight
augmented_Bacterial Blight0330.jpg,142.154553125,155.678621875,99.0544578125,54.81976282778616,0.0089390625,Bacterial Blight
augmented_Bacterial Blight0331.jpg,142.2089171875,155.7341921875,99.1584734375,54.819047542972335,0.0082,Bacterial Blight
augmented_Bacterial Blight0332.jpg,142.2157484375,155.730021875,99.1667859375,54.82139835687967,0.008665625,Bacterial Blight
augmented_Bacterial Blight0333.jpg,142.343875,155.6438890625,99.0246390625,54.83559054361636,0.0089203125,Bacterial Blight
augmented_Bacterial Blight0334.jpg,136.5601640625,151.547490625,79.743721875,47.2726904736665,0.01268125,Bacterial Blight
augmented_Bacterial Blight0335.jpg,135.371528125,150.011,89.8635859375,53.8572048547436,0.351325,Bacterial Blight
augmented_Bacterial Blight0336.jpg,168.0214046875,186.1650078125,82.2897,40.36862491485679,0.02916875,Bacterial Blight
augmented_Bacterial Blight0337.jpg,126.2909640625,141.2088015625,75.9245515625,48.11774953807975,0.351584375,Bacterial Blight
augmented_Bacterial Blight0338.jpg,131.2860765625,145.7967203125,68.123375,48.64788213556653,0.0183640625,Bacterial Blight
augmented_Bacterial Blight0339.jpg,193.4723421875,209.5085875,139.5038859375,58.88440729111708,0.0123390625,Bacterial Blight
augmented_Bacterial Blight0340.jpg,159.87433125,173.8961921875,130.4963234375,65.09392993504626,0.009003125,Bacterial Blight
augmented_Bacterial Blight0341.jpg,158.739075,172.9418671875,132.13834375,61.087751479634974,0.0088359375,Bacterial Blight
augmented_Bacterial Blight0342.jpg,158.739075,172.9418671875,132.13834375,61.087751479634974,0.0088359375,Bacterial Blight
augmented_Bacterial Blight0343.jpg,95.5340671875,107.9916875,62.2401921875,33.56530435248519,0.0063125,Bacterial Blight
augmented_Bacterial Blight0344.jpg,149.1667109375,166.77488125,97.52218125,54.1124338712405,0.0141671875,Bacterial Blight
augmented_Bacterial Blight0345.jpg,139.798159375,156.4411921875,91.44925625,50.55080743212826,0.0128078125,Bacterial Blight
augmented_Bacterial Blight0346.jpg,139.798159375,156.4411921875,91.44925625,50.55080743212826,0.0128078125,Bacterial Blight
augmented_Bacterial Blight0347.jpg,139.783928125,156.4244359375,91.424928125,50.56270476585071,0.01271875,Bacterial Blight
augmented_Bacterial Blight0348.jpg,150.0474328125,165.0763625,107.786775,59.63179522230192,0.012453125,Bacterial Blight
augmented_Bacterial Blight0349.jpg,139.530446875,156.5557578125,88.268984375,46.48751063485988,0.0061265625,Bacterial Blight
augmented_Bacterial Blight0350.jpg,160.8842921875,175.0374796875,138.63485,55.8728981683294,0.0233625,Bacterial Blight
augmented_Bacterial Blight0351.jpg,157.6482609375,171.45089375,135.6178265625,54.831156770780126,0.0228203125,Bacterial Blight
augmented_Bacterial Blight0352.jpg,155.871090625,169.367775,139.257665625,60.68850125635961,0.3526015625,Bacterial Blight
augmented_Bacterial Blight0353.jpg,155.9634,169.2233140625,139.2760046875,60.74015130748533,0.3539984375,Bacterial Blight
augmented_Bacterial Blight0354.jpg,155.8867171875,169.297440625,139.1786953125,60.729269452245155,0.3534171875,Bacterial Blight
augmented_Bacterial Blight0355.jpg,156.0049140625,169.2467015625,139.180578125,60.748941442364654,0.3530515625,Bacterial Blight
augmented_Bacterial Blight0356.jpg,161.7576671875,175.246465625,138.667771875,59.911550152065,0.023278125,Bacterial Blight
augmented_Bacterial Blight0357.jpg,183.7829125,198.334875,137.07833125,62.96156576247459,0.0469546875,Bacterial Blight
augmented_Bacterial Blight0358.jpg,151.1819765625,165.817675,118.7346484375,57.05362786600032,0.0334171875,Bacterial Blight
augmented_Bacterial Blight0359.jpg,151.1819765625,165.817675,118.7346484375,57.05362786600032,0.0334171875,Bacterial Blight
augmented_Bacterial Blight0360.jpg,148.4951390625,162.7684203125,122.8053453125,62.27898262084458,0.357146875,Bacterial Blight
augmented_Bacterial Blight0361.jpg,162.2987984375,175.41993125,127.5561921875,67.54958705002137,0.0280921875,Bacterial Blight
augmented_Bacterial Blight0362.jpg,159.8148984375,173.6898171875,132.18548125,54.37826589620264,0.0114078125,Bacterial Blight
augmented_Bacterial Blight0363.jpg,159.8148984375,173.6898171875,132.18548125,54.37826589620264,0.0114078125,Bacterial Blight
augmented_Bacterial Blight0364.jpg,170.566309375,182.5944984375,142.3492828125,64.88155834973777,0.0124265625,Bacterial Blight
augmented_Bacterial Blight0365.jpg,164.7427953125,177.9683984375,136.6951234375,59.440950532581816,0.0117578125,Bacterial Blight
augmented_Bacterial Blight0366.jpg,116.0146296875,127.6366859375,97.5894203125,39.39158008631381,0.0072359375,Bacterial Blight
augmented_Bacterial Blight0367.jpg,152.943703125,166.4597734375,128.697434375,52.73346825654186,0.0098578125,Bacterial Blight
augmented_Bacterial Blight0368.jpg,156.922865625,170.8418890625,132.3115390625,54.09454379957445,0.01014375,Bacterial Blight
augmented_Bacterial Blight0369.jpg,161.78341875,174.79105,136.039640625,58.680475324007084,0.0106875,Bacterial Blight
augmented_Bacterial Blight0370.jpg,161.78341875,174.79105,136.039640625,58.680475324007084,0.0106875,Bacterial Blight
augmented_Bacterial Blight0371.jpg,156.1370046875,169.9830515625,131.3254484375,54.185978046464484,0.01095,Bacterial Blight
augmented_Bacterial Blight0372.jpg,158.6414265625,168.5714640625,136.43609375,67.60701257935868,0.0141109375,Bacterial Blight
augmented_Bacterial Blight0373.jpg,157.1350296875,166.2527375,156.144378125,72.33488202561747,0.362575,Bacterial Blight
augmented_Bacterial Blight0374.jpg,142.4943546875,152.1790890625,131.52375,73.2912215901986,0.3645203125,Bacterial Blight
augmented_Bacterial Blight0375.jpg,148.189,158.4849765625,115.5032359375,71.5149775462212,0.014803125,Bacterial Blight
augmented_Bacterial Blight0376.jpg,147.307946875,157.62145,114.8219046875,71.5785400015781,0.01516875,Bacterial Blight
augmented_Bacterial Blight0377.jpg,172.097809375,183.5613265625,155.53869375,73.47700125203585,0.0107171875,Bacterial Blight
augmented_Bacterial Blight0378.jpg,160.201303125,169.254003125,158.2256578125,77.54170219338302,0.3757109375,Bacterial Blight
augmented_Bacterial Blight0379.jpg,176.146190625,186.4338203125,158.25760625,76.95544724460444,0.01193125,Bacterial Blight
augmented_Bacterial Blight0380.jpg,129.9342625,141.364684375,82.33189375,64.9849944422522,0.0145984375,Bacterial Blight
augmented_Bacterial Blight0381.jpg,128.5835703125,139.6484375,112.594809375,68.11442635718744,0.359365625,Bacterial Blight
augmented_Bacterial Blight0382.jpg,128.6954078125,139.66766875,112.65024375,68.1379381033748,0.360409375,Bacterial Blight
augmented_Bacterial Blight0383.jpg,139.4442390625,150.3342390625,92.0054390625,71.84737859941511,0.0146578125,Bacterial Blight
augmented_Bacterial Blight0384.jpg,146.169975,156.245196875,101.50085,75.92544014749966,0.0139484375,Bacterial Blight
augmented_Bacterial Blight0385.jpg,136.3212,147.5556640625,87.913725,69.45285610032084,0.01485625,Bacterial Blight
augmented_Bacterial Blight0386.jpg,123.3927640625,132.887340625,103.6997375,65.46585738332305,0.3571171875,Bacterial Blight
augmented_Bacterial Blight0387.jpg,126.79840625,136.4591484375,74.1981421875,62.93296416308271,0.0163171875,Bacterial Blight
augmented_Bacterial Blight0388.jpg,126.79840625,136.4591484375,74.1981421875,62.93296416308271,0.0163171875,Bacterial Blight
augmented_Bacterial Blight0389.jpg,126.79840625,136.4591484375,74.1981421875,62.93296416308271,0.0163171875,Bacterial Blight
augmented_Bacterial Blight0390.jpg,140.0518234375,148.471865625,94.7923859375,72.89159762314753,0.0163140625,Bacterial Blight
augmented_Bacterial Blight0391.jpg,96.91330625,103.5564359375,42.0012375,37.11215308048531,0.008028125,Bacterial Blight
augmented_Bacterial Blight0392.jpg,126.9551984375,133.9143734375,53.64841875,49.03893836944621,0.01779375,Bacterial Blight
augmented_Bacterial Blight0393.jpg,128.2730140625,137.117078125,98.5861171875,63.746983468553246,0.3602359375,Bacterial Blight
augmented_Bacterial Blight0394.jpg,135.2756296875,143.9896765625,82.613759375,63.818224929436404,0.0098984375,Bacterial Blight
augmented_Bacterial Blight0395.jpg,136.85541875,145.2741015625,83.02599375,66.74397630250562,0.0103046875,Bacterial Blight
augmented_Bacterial Blight0396.jpg,143.184425,153.3818890625,126.419290625,73.207397434316,0.367084375,Bacterial Blight
augmented_Bacterial Blight0397.jpg,151.6691390625,163.4483140625,114.3942140625,72.07024766710086,0.0145375,Bacterial Blight
augmented_Bacterial Blight0398.jpg,151.6691390625,163.4483140625,114.3942140625,72.07024766710086,0.0145375,Bacterial Blight
augmented_Bacterial Blight0399.jpg,156.108853125,167.051140625,118.8610625,75.5490256774067,0.0149796875,Bacterial Blight
augmented_Bacterial Blight0400.jpg,150.7195078125,162.594653125,113.6675296875,72.15570500118888,0.0143671875,Bacterial Blight
augmented_Bacterial Blight0401.jpg,168.6195390625,174.085609375,119.573,76.5574192469633,0.0594234375,Bacterial Blight
augmented_Bacterial Blight0402.jpg,160.31619375,168.1024078125,117.4304640625,75.69574801543486,0.0543859375,Bacterial Blight
augmented_Bacterial Blight0403.jpg,150.8497796875,158.295665625,112.4477515625,71.11280014398832,0.05126875,Bacterial Blight
augmented_Bacterial Blight0404.jpg,150.8540796875,158.3004984375,112.3700484375,71.10501676395069,0.049571875,Bacterial Blight
augmented_Bacterial Blight0405.jpg,150.0476171875,157.503790625,111.8296453125,71.18735990413674,0.0470375,Bacterial Blight
augmented_Bacterial Blight0406.jpg,149.973715625,157.4413421875,111.60890625,71.14135031295707,0.04405,Bacterial Blight
augmented_Bacterial Blight0407.jpg,151.7787640625,158.9175515625,132.8472875,74.07084017894627,0.370303125,Bacterial Blight
augmented_Bacterial Blight0408.jpg,163.9880546875,171.84818125,135.1970625,74.49703434514078,0.055159375,Bacterial Blight
augmented_Bacterial Blight0409.jpg,163.9880546875,171.84818125,135.1970625,74.49703434514078,0.055159375,Bacterial Blight
augmented_Bacterial Blight0410.jpg,77.7780015625,85.34095625,60.770271875,39.43995401615766,0.007228125,Bacterial Blight
augmented_Bacterial Blight0411.jpg,79.0892484375,86.79488125,61.6172265625,40.19400254421926,0.007253125,Bacterial Blight
augmented_Bacterial Blight0412.jpg,145.7753703125,155.03458125,113.3916390625,76.56390466093438,0.03538125,Bacterial Blight
augmented_Bacterial Blight0413.jpg,150.9498109375,158.8848859375,117.1899890625,81.22227964251574,0.03194375,Bacterial Blight
augmented_Bacterial Blight0414.jpg,144.96810625,154.2311,112.669859375,76.61358837596778,0.0307703125,Bacterial Blight
augmented_Bacterial Blight0415.jpg,103.249175,111.248103125,84.9369140625,48.97062805273518,0.0100875,Bacterial Blight
augmented_Bacterial Blight0416.jpg,148.457325,158.11753125,122.7197484375,71.70533736277594,0.0248046875,Bacterial Blight
augmented_Bacterial Blight0417.jpg,148.4678109375,158.1315828125,122.713709375,71.69822061869472,0.02460625,Bacterial Blight
augmented_Bacterial Blight0418.jpg,158.4133859375,166.5218125,130.5837140625,80.40597812593732,0.02286875,Bacterial Blight
augmented_Bacterial Blight0419.jpg,147.5672046875,157.4151015625,122.1626875,71.83597527283936,0.0227796875,Bacterial Blight
augmented_Bacterial Blight0420.jpg,147.041753125,156.31318125,135.7666375,71.23425422170057,0.0197921875,Bacterial Blight
augmented_Bacterial Blight0421.jpg,148.7077828125,156.2618125,153.367884375,71.77006598631031,0.3525578125,Bacterial Blight
augmented_Bacterial Blight0422.jpg,156.156303125,164.228703125,144.77734375,74.20342123262488,0.02066875,Bacterial Blight
augmented_Bacterial Blight0423.jpg,156.156303125,164.228703125,144.77734375,74.20342123262488,0.02066875,Bacterial Blight
augmented_Bacterial Blight0424.jpg,169.8041609375,179.7159984375,144.515446875,78.8276815366911,0.0329828125,Bacterial Blight
augmented_Bacterial Blight0425.jpg,176.21154375,184.163284375,145.7458828125,79.7259553159875,0.0346,Bacterial Blight
augmented_Bacterial Blight0426.jpg,150.29941875,160.392653125,130.632034375,69.87392395561629,0.0281625,Bacterial Blight
augmented_Bacterial Blight0427.jpg,150.29941875,160.392653125,130.632034375,69.87392395561629,0.0281625,Bacterial Blight
augmented_Bacterial Blight0428.jpg,158.55085625,167.405653125,136.6906375,77.56328995478466,0.0261765625,Bacterial Blight
augmented_Bacterial Blight0429.jpg,152.7514046875,162.3388953125,132.27320625,72.40887015066616,0.0272203125,Bacterial Blight
augmented_Bacterial Blight0430.jpg,149.4055359375,159.7105640625,130.102809375,70.02384752801042,0.0267828125,Bacterial Blight
augmented_Bacterial Blight0431.jpg,190.0565703125,195.2754578125,149.1957640625,75.5606451964377,0.0416609375,Bacterial Blight
augmented_Bacterial Blight0432.jpg,155.4863140625,164.136828125,133.8871609375,76.56477962652119,0.02594375,Bacterial Blight
augmented_Bacterial Blight0433.jpg,155.4863140625,164.136828125,133.8871609375,76.56477962652119,0.02594375,Bacterial Blight
augmented_Bacterial Blight0434.jpg,155.4863140625,164.136828125,133.8871609375,76.56477962652119,0.02594375,Bacterial Blight
augmented_Bacterial Blight0435.jpg,155.4863140625,164.136828125,133.8871609375,76.56477962652119,0.02594375,Bacterial Blight
augmented_Bacterial Blight0436.jpg,157.1277890625,166.092853125,127.1691140625,73.90731487642451,0.040725,Bacterial Blight
augmented_Bacterial Blight0437.jpg,156.1509390625,165.1393546875,126.4907625,73.94890695403073,0.0370890625,Bacterial Blight
augmented_Bacterial Blight0438.jpg,162.966703125,171.9515734375,138.750475,76.57764972944129,0.0545578125,Bacterial Blight
augmented_Bacterial Blight0439.jpg,149.8983015625,157.2515765625,134.3514796875,75.27749829699367,0.3709390625,Bacterial Blight
augmented_Bacterial Blight0440.jpg,149.80990625,157.3196109375,134.57581875,75.26864083882617,0.3694640625,Bacterial Blight
augmented_Bacterial Blight0441.jpg,160.574665625,168.664940625,135.998796875,76.66119468987046,0.0532421875,Bacterial Blight
augmented_Bacterial Blight0442.jpg,157.747971875,166.4541609375,134.3946078125,74.38888081256431,0.047203125,Bacterial Blight
augmented_Bacterial Blight0443.jpg,146.449515625,155.8587453125,107.2637703125,75.89127714627043,0.090246875,Bacterial Blight
augmented_Bacterial Blight0444.jpg,146.449515625,155.8587453125,107.2637703125,75.89127714627043,0.090246875,Bacterial Blight
augmented_Bacterial Blight0445.jpg,154.9393484375,162.6775046875,117.3432234375,80.57679521630293,0.0772265625,Bacterial Blight
augmented_Bacterial Blight0446.jpg,149.7726,158.4899796875,110.9170078125,77.79216738354123,0.0791828125,Bacterial Blight
augmented_Bacterial Blight0447.jpg,149.983203125,158.8618109375,110.941709375,77.80526720742311,0.08736875,Bacterial Blight
augmented_Bacterial Blight0448.jpg,149.983203125,158.8618109375,110.941709375,77.80526720742311,0.08736875,Bacterial Blight
augmented_Bacterial Blight0449.jpg,156.00495625,181.0092625,135.0467515625,69.35894793410549,0.0997859375,Bacterial Blight
augmented_Bacterial Blight0450.jpg,177.74654375,207.282534375,148.9990203125,59.24602156068127,0.1170296875,Bacterial Blight
augmented_Bacterial Blight0451.jpg,157.7777171875,183.0389015625,136.4052703125,69.59000704373902,0.1001875,Bacterial Blight
augmented_Bacterial Blight0452.jpg,132.83395,157.8446625,112.55813125,68.95934951248069,0.3648234375,Bacterial Blight
augmented_Bacterial Blight0453.jpg,132.756134375,157.6926671875,112.573215625,69.02764320555914,0.3648734375,Bacterial Blight
augmented_Bacterial Blight0454.jpg,157.7722390625,183.0309453125,136.378059375,69.54434263340544,0.0993390625,Bacterial Blight
augmented_Bacterial Blight0455.jpg,157.0675203125,182.340625,135.744784375,69.71728267375217,0.0954515625,Bacterial Blight
augmented_Bacterial Blight0456.jpg,157.0472546875,182.338671875,135.7678765625,69.80992992448145,0.0999046875,Bacterial Blight
augmented_Bacterial Blight0457.jpg,140.24806875,165.8428375,123.187103125,68.1862790564499,0.1993875,Bacterial Blight
augmented_Bacterial Blight0458.jpg,140.24806875,165.8428375,123.187103125,68.1862790564499,0.1993875,Bacterial Blight
augmented_Bacterial Blight0459.jpg,134.2014578125,158.16264375,121.603865625,69.16803633349856,0.370390625,Bacterial Blight
augmented_Bacterial Blight0460.jpg,134.114946875,158.1533265625,121.63600625,69.15229849635381,0.3706703125,Bacterial Blight
augmented_Bacterial Blight0461.jpg,139.422540625,165.032415625,122.3204625,67.9872611430581,0.1999234375,Bacterial Blight
augmented_Bacterial Blight0462.jpg,110.6272546875,143.4034875,77.823146875,56.75570268167181,0.28996875,Bacterial Blight
augmented_Bacterial Blight0463.jpg,105.0093921875,136.4109078125,81.789109375,55.815651470204635,0.3696484375,Bacterial Blight
augmented_Bacterial Blight0464.jpg,110.2455203125,142.2479515625,77.6055703125,51.6436225312723,0.20125625,Bacterial Blight
augmented_Bacterial Blight0465.jpg,110.2455203125,142.2479515625,77.6055703125,51.6436225312723,0.20125625,Bacterial Blight
augmented_Bacterial Blight0466.jpg,105.9011875,137.3605640625,79.892675,52.69405199187117,0.3645421875,Bacterial Blight
augmented_Bacterial Blight0467.jpg,105.8395796875,137.2873859375,80.027303125,52.69681746227917,0.364678125,Bacterial Blight
augmented_Bacterial Blight0468.jpg,110.2364625,142.245109375,77.533103125,51.458375372498324,0.20148125,Bacterial Blight
augmented_Bacterial Blight0469.jpg,121.07358125,150.7338296875,92.67861875,63.04927606634348,0.174,Bacterial Blight
augmented_Bacterial Blight0470.jpg,122.5780171875,151.5699515625,93.565103125,63.650590406834176,0.190675,Bacterial Blight
augmented_Bacterial Blight0471.jpg,160.92966875,184.924828125,138.669003125,74.57513747731628,0.1843203125,Bacterial Blight
augmented_Bacterial Blight0472.jpg,140.152534375,161.6992515625,127.362928125,75.47754402527609,0.3735234375,Bacterial Blight
augmented_Bacterial Blight0473.jpg,140.24365625,161.7396359375,127.4245953125,75.4553859504896,0.3734640625,Bacterial Blight
augmented_Bacterial Blight0474.jpg,164.4784625,187.7810171875,143.5254640625,74.39241960379321,0.1711328125,Bacterial Blight
augmented_Bacterial Blight0475.jpg,177.8128171875,197.609096875,161.9224421875,74.45366773457901,0.1390265625,Bacterial Blight
augmented_Bacterial Blight0476.jpg,111.8149796875,132.1339296875,96.9561484375,53.065731904295006,0.086028125,Bacterial Blight
augmented_Bacterial Blight0477.jpg,152.86144375,178.20454375,131.2635,70.50299150954399,0.10855625,Bacterial Blight
augmented_Bacterial Blight0478.jpg,133.686921875,156.1189484375,120.0307296875,71.07418767768623,0.365434375,Bacterial Blight
augmented_Bacterial Blight0479.jpg,120.8903390625,143.412546875,110.75003125,62.48470729876895,0.11333125,Bacterial Blight
augmented_Bacterial Blight0480.jpg,131.2615046875,152.3397984375,126.2407234375,70.83800491734382,0.362521875,Bacterial Blight
augmented_Bacterial Blight0481.jpg,122.5908796875,141.16615625,113.0784890625,74.01379691772804,0.36300625,Bacterial Blight
augmented_Bacterial Blight0482.jpg,161.203465625,180.5464921875,142.7240828125,82.36122413139877,0.0762984375,Bacterial Blight
augmented_Bacterial Blight0483.jpg,154.8550109375,175.4412734375,136.9766390625,78.48676469850801,0.0816203125,Bacterial Blight
augmented_Bacterial Blight0484.jpg,166.072903125,192.9918859375,145.4494703125,71.61794623154432,0.1212984375,Bacterial Blight
augmented_Bacterial Blight0485.jpg,140.9152953125,165.4495375,125.8349359375,68.84705761571017,0.1122671875,Bacterial Blight
augmented_Bacterial Blight0486.jpg,140.9152953125,165.4495375,125.8349359375,68.84705761571017,0.1122671875,Bacterial Blight
augmented_Bacterial Blight0487.jpg,140.8697953125,165.4460375,125.6761265625,68.68581562843409,0.1119375,Bacterial Blight
augmented_Bacterial Blight0488.jpg,140.8697953125,165.4460375,125.6761265625,68.68581562843409,0.1119375,Bacterial Blight
augmented_Bacterial Blight0489.jpg,142.99490625,167.31539375,128.4717046875,69.77839234780028,0.1066,Bacterial Blight
augmented_Bacterial Blight0490.jpg,139.9844125,164.587253125,124.865525,68.81006751047128,0.11284375,Bacterial Blight
augmented_Bacterial Blight0491.jpg,140.1677375,164.763096875,124.8969421875,68.61022249084968,0.1107734375,Bacterial Blight
augmented_Bacterial Blight0492.jpg,133.1351359375,156.8478890625,113.655228125,72.06177500682422,0.1158875,Bacterial Blight
augmented_Bacterial Blight0493.jpg,133.1351359375,156.8478890625,113.655228125,72.06177500682422,0.1158875,Bacterial Blight
augmented_Bacterial Blight0494.jpg,117.8662984375,137.8147109375,112.7913359375,67.21327765760947,0.3613125,Bacterial Blight
augmented_Bacterial Blight0495.jpg,135.6606140625,158.980184375,116.619175,73.42735644282104,0.110740625,Bacterial Blight
augmented_Bacterial Blight0496.jpg,148.8314046875,169.378403125,135.897809375,79.002472606181,0.0888421875,Bacterial Blight
augmented_Bacterial Blight0497.jpg,132.38631875,156.1583890625,112.70074375,71.83541885408034,0.116003125,Bacterial Blight
augmented_Bacterial Blight0498.jpg,168.50455625,196.963278125,142.170028125,71.84162690899102,0.1183125,Bacterial Blight
augmented_Bacterial Blight0499.jpg,129.89358125,152.2875546875,120.2551671875,70.36926232068525,0.36229375,Bacterial Blight
augmented_Bacterial Blight0500.jpg,170.4846625,188.1647375,160.8391671875,74.90529891536404,0.0748609375,Bacterial Blight
augmented_Bacterial Blight0501.jpg,161.232809375,181.2614015625,149.4047578125,75.0234877910666,0.083509375,Bacterial Blight
augmented_Bacterial Blight0502.jpg,140.64145625,165.21298125,122.8478578125,70.10615373672084,0.1014265625,Bacterial Blight
augmented_Bacterial Blight0503.jpg,138.5660234375,155.0137484375,116.2568421875,53.421929315732456,0.1727828125,Bacterial Blight
augmented_Bacterial Blight0504.jpg,161.927965625,180.24481875,135.9316890625,62.2926671191722,0.177640625,Bacterial Blight
augmented_Bacterial Blight0505.jpg,154.8312359375,171.621584375,134.8894421875,66.78009545621735,0.36775625,Bacterial Blight
augmented_Bacterial Blight0506.jpg,154.7424515625,171.5750953125,134.8023046875,66.84264128057151,0.36749375,Bacterial Blight
augmented_Bacterial Blight0507.jpg,163.28920625,181.2368453125,136.583334375,62.26854307048065,0.1748421875,Bacterial Blight
augmented_Bacterial Blight0508.jpg,161.018125,179.4228265625,134.62366875,61.82519276539665,0.1794359375,Bacterial Blight
augmented_Bacterial Blight0509.jpg,137.0757390625,154.653871875,111.949,75.12006485154345,0.06725,Bacterial Blight
augmented_Bacterial Blight0510.jpg,137.0757390625,154.653871875,111.949,75.12006485154345,0.06725,Bacterial Blight
augmented_Bacterial Blight0511.jpg,135.3939765625,153.306471875,110.5711234375,73.54624301222194,0.064409375,Bacterial Blight
augmented_Bacterial Blight0512.jpg,134.4922515625,154.3335453125,101.3492921875,65.26734604593088,0.1105375,Bacterial Blight
augmented_Bacterial Blight0513.jpg,134.4922515625,154.3335453125,101.3492921875,65.26734604593088,0.1105375,Bacterial Blight
augmented_Bacterial Blight0514.jpg,134.4922515625,154.3335453125,101.3492921875,65.26734604593088,0.1105375,Bacterial Blight
augmented_Bacterial Blight0515.jpg,134.44475,154.2876484375,101.364296875,65.34887611035109,0.11118125,Bacterial Blight
augmented_Bacterial Blight0516.jpg,136.686703125,155.916665625,104.4992328125,67.51530343342102,0.1107015625,Bacterial Blight
augmented_Bacterial Blight0517.jpg,133.57361875,153.4556625,100.284853125,65.20341924978115,0.10296875,Bacterial Blight
augmented_Bacterial Blight0518.jpg,159.3222859375,177.4519328125,135.09329375,57.93343828551842,0.1132453125,Bacterial Blight
augmented_Bacterial Blight0519.jpg,103.3877421875,120.954446875,75.0243890625,40.25770394969828,0.1233734375,Bacterial Blight
augmented_Bacterial Blight0520.jpg,148.311325,166.8590046875,117.452946875,64.14716996599493,0.1196015625,Bacterial Blight
augmented_Bacterial Blight0521.jpg,133.8183828125,154.83340625,99.2948765625,60.2603067064528,0.251840625,Bacterial Blight
augmented_Bacterial Blight0522.jpg,129.3076625,149.733978125,98.7069890625,61.52009258284925,0.374478125,Bacterial Blight
augmented_Bacterial Blight0523.jpg,133.843278125,154.819415625,99.479978125,60.598152470500814,0.2515984375,Bacterial Blight
augmented_Bacterial Blight0524.jpg,133.843278125,154.819415625,99.479978125,60.598152470500814,0.2515984375,Bacterial Blight
augmented_Bacterial Blight0525.jpg,153.5082953125,170.9798265625,126.44040625,72.03164682588833,0.2023703125,Bacterial Blight
augmented_Bacterial Blight0526.jpg,132.90230625,153.8256609375,97.9461734375,59.48730630299186,0.2498,Bacterial Blight
augmented_Bacterial Blight0527.jpg,132.882109375,153.827415625,97.8249390625,59.234119357070945,0.245725,Bacterial Blight
augmented_Bacterial Blight0528.jpg,88.1892625,106.95693125,59.785896875,40.23926613364375,0.2744859375,Bacterial Blight
augmented_Bacterial Blight0529.jpg,162.89883125,190.6237578125,108.119271875,59.04867622888412,0.30954375,Bacterial Blight
augmented_Bacterial Blight0530.jpg,123.37845625,147.568528125,82.758978125,56.52741036253829,0.3018875,Bacterial Blight
augmented_Bacterial Blight0531.jpg,123.3743140625,147.6021828125,82.52528125,55.7279000413706,0.2987296875,Bacterial Blight
augmented_Bacterial Blight0532.jpg,134.7532546875,157.466259375,86.5691046875,60.92840296221982,0.3701265625,Bacterial Blight
augmented_Bacterial Blight0533.jpg,134.762903125,157.4662375,86.600425,60.905234817458215,0.3692578125,Bacterial Blight
augmented_Bacterial Blight0534.jpg,142.4125921875,163.7605375,96.8704265625,64.53377474753259,0.3401296875,Bacterial Blight
augmented_Bacterial Blight0535.jpg,102.9059078125,120.023990625,84.0425828125,42.02244431268061,0.0561046875,Bacterial Blight
augmented_Bacterial Blight0536.jpg,156.9673609375,180.50575625,128.7252625,65.0203636294766,0.0912765625,Bacterial Blight
augmented_Bacterial Blight0537.jpg,159.1318140625,182.4040390625,130.611375,67.20289607634544,0.0861359375,Bacterial Blight
augmented_Bacterial Blight0538.jpg,161.2362328125,183.9646265625,133.9779546875,67.85963949835562,0.08968125,Bacterial Blight
augmented_Bacterial Blight0539.jpg,127.3474453125,155.6224390625,91.934996875,66.32869939047228,0.194028125,Bacterial Blight
augmented_Bacterial Blight0540.jpg,129.3601375,153.95546875,116.4860921875,69.99925336944727,0.372015625,Bacterial Blight
augmented_Bacterial Blight0541.jpg,129.418303125,153.8865890625,116.60825,70.05715002956956,0.37245625,Bacterial Blight
augmented_Bacterial Blight0542.jpg,138.716215625,164.9357328125,110.61681875,70.185901792243,0.1855609375,Bacterial Blight
augmented_Bacterial Blight0543.jpg,121.9792703125,150.26334375,90.1508671875,73.2570147048378,0.2455,Bacterial Blight
augmented_Bacterial Blight0544.jpg,121.9792703125,150.26334375,90.1508671875,73.2570147048378,0.2455,Bacterial Blight
augmented_Bacterial Blight0545.jpg,112.0116640625,137.1059953125,102.33613125,67.9979540480951,0.3728296875,Bacterial Blight
augmented_Bacterial Blight0546.jpg,136.75300625,162.149340625,107.04220625,78.9462237003651,0.2228421875,Bacterial Blight
augmented_Bacterial Blight0547.jpg,140.4115734375,165.057475,111.588803125,80.02307970171104,0.218396875,Bacterial Blight
augmented_Bacterial Blight0548.jpg,121.1566609375,149.510290625,88.8670984375,72.65020308458625,0.2403875,Bacterial Blight
augmented_Bacterial Blight0549.jpg,102.9455,133.3924125,83.8950234375,57.32102420627312,0.3731984375,Bacterial Blight
augmented_Bacterial Blight0550.jpg,107.274446875,139.7622484375,63.285171875,58.68390261774104,0.2877484375,Bacterial Blight
augmented_Bacterial Blight0551.jpg,107.274446875,139.7622484375,63.285171875,58.68390261774104,0.2877484375,Bacterial Blight
augmented_Bacterial Blight0552.jpg,120.180628125,150.3641078125,79.004765625,67.12248400242828,0.2660046875,Bacterial Blight
augmented_Bacterial Blight0553.jpg,106.3160109375,138.911165625,61.8252984375,57.402971819637955,0.2858828125,Bacterial Blight
augmented_Bacterial Blight0554.jpg,106.3160640625,138.906509375,61.8480125,57.5417179845142,0.282071875,Bacterial Blight
augmented_Bacterial Blight0555.jpg,127.7084265625,157.75710625,93.4826828125,67.9046264347326,0.2264875,Bacterial Blight
augmented_Bacterial Blight0556.jpg,127.7341453125,157.7748734375,93.490825,67.90586956765368,0.2268296875,Bacterial Blight
augmented_Bacterial Blight0557.jpg,129.1958234375,158.844821875,94.1543296875,70.44360332350536,0.2269875,Bacterial Blight
augmented_Bacterial Blight0558.jpg,126.698221875,156.79100625,92.536915625,67.88645046925022,0.2246484375,Bacterial Blight
augmented_Bacterial Blight0559.jpg,174.3500234375,201.3084125,110.8622359375,58.63267262497139,0.2768953125,Bacterial Blight
augmented_Bacterial Blight0560.jpg,149.3898890625,176.3015625,97.8036,61.0542558582085,0.274328125,Bacterial Blight
augmented_Bacterial Blight0561.jpg,90.84570625,109.5974921875,60.1707328125,37.844595477062505,0.2440890625,Bacterial Blight
augmented_Bacterial Blight0562.jpg,152.92433125,175.3599625,113.1452859375,65.40302437968407,0.2442390625,Bacterial Blight
augmented_Bacterial Blight0563.jpg,145.211075,168.4096203125,106.2330046875,63.980918615776325,0.2408375,Bacterial Blight
augmented_Bacterial Blight0564.jpg,132.0156515625,157.5562484375,87.7410859375,56.39026265133921,0.269646875,Bacterial Blight
augmented_Bacterial Blight0565.jpg,132.0152109375,157.5790625,87.3577859375,55.61164180823132,0.2602671875,Bacterial Blight
augmented_Bacterial Blight0566.jpg,143.590628125,168.14556875,101.016546875,61.30660622840674,0.213084375,Bacterial Blight
augmented_Bacterial Blight0567.jpg,170.5882546875,198.38319375,114.703415625,57.86595921584993,0.227346875,Bacterial Blight
augmented_Bacterial Blight0568.jpg,140.0855390625,164.3022484375,99.2977171875,60.0912698574413,0.2117359375,Bacterial Blight
augmented_Bacterial Blight0569.jpg,140.0782828125,164.2877796875,99.5482,60.51356573116426,0.21251875,Bacterial Blight
augmented_Bacterial Blight0570.jpg,140.0782828125,164.2877796875,99.5482,60.51356573116426,0.21251875,Bacterial Blight
augmented_Bacterial Blight0571.jpg,164.692521875,184.9540078125,129.6157875,66.42057027978865,0.1852375,Bacterial Blight
augmented_Bacterial Blight0572.jpg,142.5112484375,166.356425,100.806178125,63.39795443394735,0.2112125,Bacterial Blight
augmented_Bacterial Blight0573.jpg,139.1800546875,163.4350875,98.2810515625,59.755042184579345,0.2073765625,Bacterial Blight
augmented_Bacterial Blight0574.jpg,139.1469015625,163.411890625,98.4212796875,60.09545407742798,0.20955,Bacterial Blight
augmented_Bacterial Blight0575.jpg,143.5578109375,167.24405,102.3936671875,55.34956611006107,0.216109375,Bacterial Blight
augmented_Bacterial Blight0576.jpg,118.970053125,135.7754140625,91.488975,42.70761223881767,0.1194453125,Bacterial Blight
augmented_Bacterial Blight0577.jpg,146.5737046875,166.5746390625,112.0416578125,52.614033510002905,0.129359375,Bacterial Blight
augmented_Bacterial Blight0578.jpg,146.587940625,166.5799390625,112.0894359375,52.617833446481406,0.130584375,Bacterial Blight
augmented_Bacterial Blight0579.jpg,144.732253125,164.7432140625,112.596321875,64.02273336093401,0.0868953125,Bacterial Blight
augmented_Bacterial Blight0580.jpg,150.2888546875,168.9951828125,119.0770421875,68.50158636146568,0.081140625,Bacterial Blight
augmented_Bacterial Blight0581.jpg,146.0001375,165.1878453125,113.4630765625,65.37785231775668,0.0874796875,Bacterial Blight
augmented_Bacterial Blight0582.jpg,144.990090625,164.5967953125,116.7154828125,70.82706890289604,0.0988109375,Bacterial Blight
augmented_Bacterial Blight0583.jpg,134.1291140625,152.17420625,114.1512046875,69.79978274901481,0.365084375,Bacterial Blight
augmented_Bacterial Blight0584.jpg,134.21860625,152.248440625,113.852225,69.759860014834,0.364109375,Bacterial Blight
augmented_Bacterial Blight0585.jpg,159.8972296875,177.5135609375,130.32475,77.21016690425041,0.089584375,Bacterial Blight
augmented_Bacterial Blight0586.jpg,124.72075,144.1025390625,101.29044375,66.76795475897492,0.36534375,Bacterial Blight
augmented_Bacterial Blight0587.jpg,142.048859375,160.9415890625,108.9033796875,72.30442459887358,0.100565625,Bacterial Blight
augmented_Bacterial Blight0588.jpg,132.091734375,152.146271875,97.109215625,67.91467001361848,0.10456875,Bacterial Blight
augmented_Bacterial Blight0589.jpg,132.217834375,152.11664375,97.3516734375,68.04091606247364,0.1061125,Bacterial Blight
augmented_Bacterial Blight0590.jpg,131.3531140625,152.0850171875,99.3667609375,68.92482182263188,0.141853125,Bacterial Blight
augmented_Bacterial Blight0591.jpg,125.267146875,144.600153125,106.86718125,68.34473545841165,0.367484375,Bacterial Blight
augmented_Bacterial Blight0592.jpg,132.8826234375,153.3480203125,100.2886546875,71.68406457308625,0.1421546875,Bacterial Blight
augmented_Bacterial Blight0593.jpg,130.339496875,151.1356,98.2610953125,68.8080784016117,0.1416484375,Bacterial Blight
augmented_Bacterial Blight0594.jpg,175.97795,198.4881984375,129.8130765625,69.28219925053278,0.1452953125,Bacterial Blight
augmented_Bacterial Blight0595.jpg,141.127671875,161.4867203125,111.008634375,71.53610940468512,0.131765625,Bacterial Blight
augmented_Bacterial Blight0596.jpg,141.8275015625,161.8422953125,111.2616203125,72.8208605499787,0.13306875,Bacterial Blight
augmented_Bacterial Blight0597.jpg,141.8275015625,161.8422953125,111.2616203125,72.8208605499787,0.13306875,Bacterial Blight
augmented_Bacterial Blight0598.jpg,173.824046875,200.6764890625,110.42128125,47.72536385237469,0.0265421875,Bacterial Blight
augmented_Bacterial Blight0599.jpg,133.176546875,155.3672359375,90.2494625,51.64119141628849,0.35144375,Bacterial Blight
augmented_Bacterial Blight0600.jpg,135.3883109375,157.9766328125,88.467028125,46.24299155759432,0.018471875,Bacterial Blight
augmented_Bacterial Blight0601.jpg,152.7779125,166.4897640625,110.6170078125,54.40724274740178,0.1880515625,Bacterial Blight
augmented_Bacterial Blight0602.jpg,152.7779125,166.4897640625,110.6170078125,54.40724274740178,0.1880515625,Bacterial Blight
augmented_Bacterial Blight0603.jpg,152.7779125,166.4897640625,110.6170078125,54.40724274740178,0.1880515625,Bacterial Blight
augmented_Bacterial Blight0604.jpg,151.9300234375,165.654028125,109.582628125,54.07692017441948,0.1822078125,Bacterial Blight
augmented_Bacterial Blight0605.jpg,151.9378671875,165.644525,109.4876546875,53.770717576437455,0.182090625,Bacterial Blight
augmented_Bacterial Blight0606.jpg,147.142009375,160.696790625,109.941840625,57.653246868224464,0.184090625,Bacterial Blight
augmented_Bacterial Blight0607.jpg,167.8716328125,179.5326125,137.3951078125,66.29468839294655,0.1518671875,Bacterial Blight
augmented_Bacterial Blight0608.jpg,170.6338125,183.644478125,130.5840671875,48.81538154621688,0.0210296875,Bacterial Blight
augmented_Bacterial Blight0609.jpg,151.93159375,166.324603125,110.532621875,39.588547381683334,0.017375,Bacterial Blight
augmented_Bacterial Blight0610.jpg,142.4203359375,160.7789140625,116.2307296875,48.36384474314841,0.059459375,Bacterial Blight
augmented_Bacterial Blight0611.jpg,140.0519234375,156.97815625,114.43093125,54.159049178328296,0.3537359375,Bacterial Blight
augmented_Bacterial Blight0612.jpg,149.9574203125,168.16511875,123.6054046875,57.085341105063755,0.0587359375,Bacterial Blight
augmented_Bacterial Blight0613.jpg,167.1653734375,186.353353125,102.1996859375,50.60215626661736,0.1759203125,Bacterial Blight
augmented_Bacterial Blight0614.jpg,146.262703125,163.8894703125,90.523003125,51.254319994357786,0.161684375,Bacterial Blight
augmented_Bacterial Blight0615.jpg,134.7800703125,151.573709375,84.5711921875,50.63553733796155,0.153484375,Bacterial Blight
augmented_Bacterial Blight0616.jpg,148.40729375,164.0658765625,102.8427484375,58.923806012798394,0.1427328125,Bacterial Blight
augmented_Bacterial Blight0617.jpg,159.0035453125,173.3477515625,117.6559640625,63.62536137390235,0.128446875,Bacterial Blight
augmented_Bacterial Blight0618.jpg,149.313265625,164.854215625,104.1742265625,59.41888928992488,0.1413203125,Bacterial Blight
augmented_Bacterial Blight0619.jpg,133.8564234375,150.689396875,83.487165625,50.315699955628595,0.151071875,Bacterial Blight
augmented_Bacterial Blight0620.jpg,110.6507375,122.84144375,84.592546875,50.88135561157047,0.13728125,Bacterial Blight
augmented_Bacterial Blight0621.jpg,147.5210375,161.3587359375,110.2124765625,67.82695319874182,0.157059375,Bacterial Blight
augmented_Bacterial Blight0622.jpg,147.573003125,161.4136421875,110.23898125,67.73363206929099,0.1561625,Bacterial Blight
augmented_Bacterial Blight0623.jpg,154.960784375,168.07335625,119.144771875,71.6383493443526,0.147621875,Bacterial Blight
augmented_Bacterial Blight0624.jpg,146.761090625,160.669834375,109.094521875,67.45649572113098,0.1545859375,Bacterial Blight
augmented_Bacterial Blight0625.jpg,146.7490546875,160.6634765625,109.276271875,67.67574406870666,0.156759375,Bacterial Blight
augmented_Bacterial Blight0626.jpg,132.2151375,146.9405359375,93.3211953125,49.669841753666645,0.1582734375,Bacterial Blight
augmented_Bacterial Blight0627.jpg,94.518303125,106.55045625,66.8886984375,34.896236481522095,0.1261765625,Bacterial Blight
augmented_Bacterial Blight0628.jpg,140.902809375,155.8060546875,98.092128125,52.246276725138564,0.1617859375,Bacterial Blight
augmented_Bacterial Blight0629.jpg,140.92801875,155.833990625,98.1379046875,52.27193946228442,0.1611953125,Bacterial Blight
augmented_Bacterial Blight0630.jpg,140.92801875,155.833990625,98.1379046875,52.27193946228442,0.1611953125,Bacterial Blight
augmented_Bacterial Blight0631.jpg,150.522771875,165.023240625,107.4166625,60.344584959003974,0.1619359375,Bacterial Blight
augmented_Bacterial Blight0632.jpg,154.3241328125,169.3754796875,107.6477390625,46.829372893062704,0.200871875,Bacterial Blight
augmented_Bacterial Blight0633.jpg,154.3457453125,169.37669375,107.6805234375,47.0382636851231,0.1998890625,Bacterial Blight
augmented_Bacterial Blight0634.jpg,154.3457453125,169.37669375,107.6805234375,47.0382636851231,0.1998890625,Bacterial Blight
augmented_Bacterial Blight0635.jpg,154.3457453125,169.37669375,107.6805234375,47.0382636851231,0.1998890625,Bacterial Blight
augmented_Bacterial Blight0636.jpg,153.4051796875,168.4999328125,106.5640171875,46.15000523279588,0.1976421875,Bacterial Blight
augmented_Bacterial Blight0637.jpg,170.815509375,186.6594140625,118.4002546875,57.74016233023147,0.2001,Bacterial Blight
augmented_Bacterial Blight0638.jpg,146.055453125,162.1442234375,106.700315625,54.64982719669738,0.188753125,Bacterial Blight
augmented_Bacterial Blight0639.jpg,146.055453125,162.1442234375,106.700315625,54.64982719669738,0.188753125,Bacterial Blight
augmented_Bacterial Blight0640.jpg,146.055453125,162.1442234375,106.700315625,54.64982719669738,0.188753125,Bacterial Blight
augmented_Bacterial Blight0641.jpg,156.764496875,171.3492609375,120.7451515625,60.583880088402985,0.17166875,Bacterial Blight
augmented_Bacterial Blight0642.jpg,144.451996875,159.860003125,132.0859875,74.23995776512375,0.0332796875,Bacterial Blight
augmented_Bacterial Blight0643.jpg,158.6573796875,172.48260625,148.7582328125,76.11735507593671,0.0259234375,Bacterial Blight
augmented_Bacterial Blight0644.jpg,158.6573796875,172.48260625,148.7582328125,76.11735507593671,0.0259234375,Bacterial Blight
augmented_Bacterial Blight0645.jpg,160.7956328125,174.83778125,145.340671875,70.99295369425961,0.0390921875,Bacterial Blight
augmented_Bacterial Blight0646.jpg,145.0129453125,160.64441875,125.2029515625,69.30533992462169,0.040053125,Bacterial Blight
augmented_Bacterial Blight0647.jpg,107.6407875,122.8627265625,72.4956953125,44.74791481950409,0.1242359375,Bacterial Blight
augmented_Bacterial Blight0648.jpg,125.380071875,141.9703140625,82.918734375,50.64136008959978,0.13636875,Bacterial Blight
augmented_Bacterial Blight0649.jpg,125.380071875,141.9703140625,82.918734375,50.64136008959978,0.13636875,Bacterial Blight
augmented_Bacterial Blight0650.jpg,125.380071875,141.9703140625,82.918734375,50.64136008959978,0.13636875,Bacterial Blight
augmented_Bacterial Blight0651.jpg,131.5365015625,147.43534375,90.54694375,58.57019062533663,0.1244734375,Bacterial Blight
augmented_Bacterial Blight0652.jpg,127.9208734375,144.2628390625,85.4819265625,53.729280724186395,0.1305734375,Bacterial Blight
augmented_Bacterial Blight0653.jpg,128.761834375,141.833903125,88.5104484375,62.98367895887602,0.0956984375,Bacterial Blight
augmented_Bacterial Blight0654.jpg,129.0196390625,139.8940171875,87.730584375,63.53497149940398,0.36169375,Bacterial Blight
augmented_Bacterial Blight0655.jpg,129.0690359375,139.879478125,87.766703125,63.48457142567438,0.3610796875,Bacterial Blight
augmented_Bacterial Blight0656.jpg,154.3489640625,165.3251078125,115.0877296875,75.19399936751284,0.0838109375,Bacterial Blight
augmented_Bacterial Blight0657.jpg,133.915409375,148.91934375,102.721790625,47.855516841823416,0.086528125,Bacterial Blight
augmented_Bacterial Blight0658.jpg,132.864540625,147.178325,103.616003125,53.551620326741094,0.357196875,Bacterial Blight
augmented_Bacterial Blight0659.jpg,157.296634375,169.7563765625,132.487840625,60.79739226114567,0.0840515625,Bacterial Blight
augmented_Bacterial Blight0660.jpg,142.1448296875,156.3191,113.2912484375,53.540703995648464,0.0824578125,Bacterial Blight
augmented_Bacterial Blight0661.jpg,156.660659375,173.699240625,111.2894859375,36.31057170535217,0.0523359375,Bacterial Blight
augmented_Bacterial Blight0662.jpg,156.6701109375,173.71056875,111.297903125,36.32672715990454,0.051959375,Bacterial Blight
augmented_Bacterial Blight0663.jpg,126.423853125,140.73809375,78.1718328125,48.24067552438402,0.093696875,Bacterial Blight
augmented_Bacterial Blight0664.jpg,124.229065625,138.1410265625,82.384025,52.73078809660493,0.3584234375,Bacterial Blight
augmented_Bacterial Blight0665.jpg,126.6692203125,141.026103125,78.4059109375,48.71827442727861,0.09471875,Bacterial Blight
augmented_Bacterial Blight0666.jpg,139.5312515625,152.5443953125,94.67106875,60.31107621623289,0.0906,Bacterial Blight
augmented_Bacterial Blight0667.jpg,139.5312515625,152.5443953125,94.67106875,60.31107621623289,0.0906,Bacterial Blight
augmented_Bacterial Blight0668.jpg,139.5312515625,152.5443953125,94.67106875,60.31107621623289,0.0906,Bacterial Blight
augmented_Bacterial Blight0669.jpg,125.8126859375,139.98004375,77.452909375,48.45014707426148,0.0890375,Bacterial Blight
augmented_Bacterial Blight0670.jpg,151.608315625,169.2069953125,143.4196796875,58.24877727765482,0.3548890625,Bacterial Blight
augmented_Bacterial Blight0671.jpg,151.627909375,169.2448703125,143.4493640625,58.29344292819554,0.3538625,Bacterial Blight
augmented_Bacterial Blight0672.jpg,151.6659734375,169.2049390625,143.3914359375,58.30031881953906,0.354903125,Bacterial Blight
augmented_Bacterial Blight0673.jpg,160.129175,177.97496875,143.2392578125,59.06596623651312,0.08661875,Bacterial Blight
augmented_Bacterial Blight0674.jpg,160.129175,177.97496875,143.2392578125,59.06596623651312,0.08661875,Bacterial Blight
augmented_Bacterial Blight0675.jpg,160.129175,177.97496875,143.2392578125,59.06596623651312,0.08661875,Bacterial Blight
augmented_Bacterial Blight0676.jpg,156.036059375,184.1913625,133.0858375,74.91110464474136,0.0452703125,Bacterial Blight
augmented_Bacterial Blight0677.jpg,143.9805515625,174.64863125,121.3452234375,65.65880144430817,0.0484171875,Bacterial Blight
augmented_Bacterial Blight0678.jpg,144.06768125,174.7038890625,121.3549109375,65.59717899931874,0.0443671875,Bacterial Blight
augmented_Bacterial Blight0679.jpg,143.996315625,171.1241578125,112.69658125,76.41809049212162,0.039084375,Bacterial Blight
augmented_Bacterial Blight0680.jpg,128.5702703125,159.6216125,104.567484375,67.15001164718272,0.082165625,Bacterial Blight
augmented_Bacterial Blight0681.jpg,128.5027109375,159.5814859375,104.473965625,67.1439118691326,0.0809515625,Bacterial Blight
augmented_Bacterial Blight0682.jpg,133.3253703125,157.293990625,132.7215609375,68.00886834237646,0.357925,Bacterial Blight
augmented_Bacterial Blight0683.jpg,153.0490140625,177.8160265625,131.081121875,78.97284161013881,0.090903125,Bacterial Blight
augmented_Bacterial Blight0684.jpg,112.0699171875,136.1382453125,94.5705921875,74.02169958394563,0.0225578125,Bacterial Blight
augmented_Bacterial Blight0685.jpg,128.892625,155.253925,108.3405,85.0061536056193,0.026728125,Bacterial Blight
augmented_Bacterial Blight0686.jpg,125.5068046875,141.971259375,135.51280625,80.55058078836144,0.3652,Bacterial Blight
augmented_Bacterial Blight0687.jpg,128.94265,155.301190625,108.3548625,84.98896943608858,0.0263046875,Bacterial Blight
augmented_Bacterial Blight0688.jpg,147.5015,171.4625125,129.9440234375,84.88234783474728,0.026334375,Bacterial Blight
augmented_Bacterial Blight0689.jpg,105.9766453125,143.03154375,72.08306875,62.14242105116419,0.0825171875,Bacterial Blight
augmented_Bacterial Blight0690.jpg,105.9766453125,143.03154375,72.08306875,62.14242105116419,0.0825171875,Bacterial Blight
augmented_Bacterial Blight0691.jpg,127.3802578125,159.605434375,98.2482140625,72.91726548093574,0.0708546875,Bacterial Blight
augmented_Bacterial Blight0692.jpg,126.8611140625,159.23093125,97.584171875,72.70018009784421,0.0709265625,Bacterial Blight
augmented_Bacterial Blight0693.jpg,112.5896625,148.8932765625,78.4754234375,71.47965700518229,0.0827640625,Bacterial Blight
augmented_Bacterial Blight0694.jpg,105.095940625,142.237675,71.2167984375,62.09925982438724,0.0780375,Bacterial Blight
augmented_Bacterial Blight0695.jpg,105.093621875,142.24496875,71.26614375,62.11420145795968,0.078165625,Bacterial Blight
augmented_Bacterial Blight0696.jpg,105.5283484375,139.67466875,68.93764375,70.02187524758236,0.085778125,Bacterial Blight
augmented_Bacterial Blight0697.jpg,105.5283484375,139.67466875,68.93764375,70.02187524758236,0.085778125,Bacterial Blight
augmented_Bacterial Blight0698.jpg,105.472196875,139.6251828125,68.800340625,69.9702069763914,0.0843703125,Bacterial Blight
augmented_Bacterial Blight0699.jpg,105.472196875,139.6251828125,68.800340625,69.9702069763914,0.0843703125,Bacterial Blight
augmented_Bacterial Blight0700.jpg,86.65625625,107.4489390625,53.870384375,47.72278218829908,0.006075,Bacterial Blight
augmented_Bacterial Blight0701.jpg,135.7047578125,165.2706015625,77.4943796875,62.16335147676409,0.0060515625,Bacterial Blight
augmented_Bacterial Blight0702.jpg,64.2671703125,81.3989421875,37.616821875,31.16706887110667,0.0013984375,Bacterial Blight
augmented_Bacterial Blight0703.jpg,114.242996875,139.37684375,95.9881734375,61.12339801536802,0.3547484375,Bacterial Blight
augmented_Bacterial Blight0704.jpg,118.3098109375,145.4167765625,69.0410265625,59.82395015844408,0.006084375,Bacterial Blight
augmented_Bacterial Blight0705.jpg,162.376775,192.893134375,102.3921234375,60.52562432394368,0.050871875,Bacterial Blight
augmented_Bacterial Blight0706.jpg,120.3220203125,143.297671875,103.1495515625,63.08981174984514,0.35645,Bacterial Blight
augmented_Bacterial Blight0707.jpg,124.58348125,149.25395625,83.2274890625,60.98294455849801,0.034071875,Bacterial Blight
augmented_Bacterial Blight0708.jpg,133.648690625,156.1193296875,95.509965625,69.73520776137285,0.0251828125,Bacterial Blight
augmented_Bacterial Blight0709.jpg,137.514253125,159.090190625,101.3002015625,72.62475469243957,0.0240828125,Bacterial Blight
augmented_Bacterial Blight0710.jpg,130.461921875,153.6430703125,90.576059375,67.03272273093813,0.0260078125,Bacterial Blight
augmented_Bacterial Blight0711.jpg,127.5995859375,151.7694296875,86.1780203125,65.76643483664488,0.0323890625,Bacterial Blight
augmented_Bacterial Blight0712.jpg,132.2041421875,156.2658390625,92.4329640625,62.14198797675468,0.09508125,Bacterial Blight
augmented_Bacterial Blight0713.jpg,135.2226203125,158.3943296875,95.170978125,65.17656358072901,0.085303125,Bacterial Blight
augmented_Bacterial Blight0714.jpg,131.305334375,155.3809265625,91.3845703125,62.01328072353135,0.08961875,Bacterial Blight
augmented_Bacterial Blight0715.jpg,120.1254265625,145.064178125,84.6732359375,63.42308350733582,0.0488453125,Bacterial Blight
augmented_Bacterial Blight0716.jpg,68.5370703125,84.3180453125,52.3429828125,36.618050936785586,0.0097703125,Bacterial Blight
augmented_Bacterial Blight0717.jpg,130.599271875,154.7978375,98.5824765625,71.59510138408942,0.0298328125,Bacterial Blight
augmented_Bacterial Blight0718.jpg,123.6279125,143.769903125,116.9944203125,70.12339842310863,0.36063125,Bacterial Blight
augmented_Bacterial Blight0719.jpg,129.70940625,153.9421109375,97.8828046875,71.63143599459693,0.0281609375,Bacterial Blight
augmented_Bacterial Blight0720.jpg,117.20376875,143.3005578125,83.0207828125,54.019371941418136,0.148765625,Bacterial Blight
augmented_Bacterial Blight0721.jpg,125.7473375,149.4884,96.0741265625,64.0725558514665,0.140671875,Bacterial Blight
augmented_Bacterial Blight0722.jpg,125.7473375,149.4884,96.0741265625,64.0725558514665,0.140671875,Bacterial Blight
augmented_Bacterial Blight0723.jpg,125.2479,147.006909375,103.462696875,43.56017275670186,0.1097515625,Bacterial Blight
augmented_Bacterial Blight0724.jpg,149.2571625,172.7604046875,129.4492359375,58.81087633919147,0.3603390625,Bacterial Blight
augmented_Bacterial Blight0725.jpg,151.5225625,176.516390625,125.052225,52.92630878153169,0.1271015625,Bacterial Blight
augmented_Bacterial Blight0726.jpg,150.7261390625,175.7031109375,124.1673265625,52.934619484506015,0.12574375,Bacterial Blight
augmented_Bacterial Blight0727.jpg,115.7535984375,139.7991921875,98.160215625,61.12105708964963,0.3646953125,Bacterial Blight
augmented_Bacterial Blight0728.jpg,116.2413421875,141.7411546875,79.02169375,58.06956953252765,0.2054875,Bacterial Blight
augmented_Bacterial Blight0729.jpg,134.0124484375,156.8836890625,100.9745765625,71.45321821100899,0.1787859375,Bacterial Blight
augmented_Bacterial Blight0730.jpg,120.106425,145.445140625,82.439525,61.623456912683636,0.1996234375,Bacterial Blight
augmented_Bacterial Blight0731.jpg,120.0817890625,145.4291125,82.426246875,61.608262638930675,0.1995046875,Bacterial Blight
augmented_Bacterial Blight0732.jpg,125.448178125,149.87666875,89.23995,65.83113672262843,0.1940734375,Bacterial Blight
augmented_Bacterial Blight0733.jpg,151.307784375,174.580115625,122.802803125,67.29889334414757,0.114284375,Bacterial Blight
augmented_Bacterial Blight0734.jpg,130.2124109375,151.6517484375,107.4131265625,60.38434772239719,0.1061125,Bacterial Blight
augmented_Bacterial Blight0735.jpg,130.264165625,151.6879328125,107.4721984375,60.35616056643336,0.106209375,Bacterial Blight
augmented_Bacterial Blight0736.jpg,132.4137046875,159.1576421875,90.6087171875,67.02944024697975,0.1010765625,Bacterial Blight
augmented_Bacterial Blight0737.jpg,114.0793875,136.4940796875,106.3904984375,63.90709404197047,0.3586234375,Bacterial Blight
augmented_Bacterial Blight0738.jpg,164.849053125,182.1123546875,119.98900625,59.94860472483241,0.0903296875,Bacterial Blight
augmented_Bacterial Blight0739.jpg,157.0119515625,172.9571875,133.9799796875,65.09430358512736,0.36625625,Bacterial Blight
augmented_Bacterial Blight0740.jpg,164.84780625,182.116990625,119.9899421875,59.967086095956304,0.089625,Bacterial Blight
augmented_Bacterial Blight0741.jpg,178.910025,193.8559578125,143.079153125,64.65731695308715,0.06905625,Bacterial Blight
augmented_Bacterial Blight0742.jpg,170.0006234375,186.72398125,127.271778125,63.06349989095145,0.0781453125,Bacterial Blight
augmented_Bacterial Blight0743.jpg,163.8975828125,181.3376453125,119.2469390625,59.84435994630821,0.0849671875,Bacterial Blight
augmented_Bacterial Blight0744.jpg,163.9123734375,181.3502578125,119.0690453125,59.75323456631833,0.0829953125,Bacterial Blight
augmented_Bacterial Blight0745.jpg,149.2045328125,168.5112484375,97.164996875,58.9124277698077,0.0577140625,Bacterial Blight
augmented_Bacterial Blight0746.jpg,151.51991875,171.1031078125,98.69205625,59.885015228626045,0.058825,Bacterial Blight
augmented_Bacterial Blight0747.jpg,158.8543796875,176.82295,111.419871875,63.97432610464604,0.0544625,Bacterial Blight
augmented_Bacterial Blight0748.jpg,158.8543796875,176.82295,111.419871875,63.97432610464604,0.0544625,Bacterial Blight
augmented_Bacterial Blight0749.jpg,121.978928125,141.323884375,72.3369546875,54.10595361154301,0.05413125,Bacterial Blight
augmented_Bacterial Blight0750.jpg,121.108478125,140.3161765625,71.731784375,54.15577936987072,0.051690625,Bacterial Blight
augmented_Bacterial Blight0751.jpg,150.5230890625,169.6925609375,95.5862625,68.06809482921712,0.0746984375,Bacterial Blight
augmented_Bacterial Blight0752.jpg,131.8954515625,149.3699203125,85.898034375,66.00052088998918,0.0669765625,Bacterial Blight
augmented_Bacterial Blight0753.jpg,124.0638875,140.97485,81.180778125,63.712240440710445,0.0642,Bacterial Blight
augmented_Bacterial Blight0754.jpg,119.5935484375,135.5397046875,116.134425,63.641084242609445,0.3580703125,Bacterial Blight
augmented_Bacterial Blight0755.jpg,123.93659375,140.9524140625,81.0464703125,63.670593435943054,0.0636234375,Bacterial Blight
augmented_Bacterial Blight0756.jpg,123.11909375,140.1481828125,80.456784375,63.69976099332974,0.059378125,Bacterial Blight
augmented_Bacterial Blight0757.jpg,130.2858125,146.19419375,92.6775671875,66.64107728474667,0.0410203125,Bacterial Blight
augmented_Bacterial Blight0758.jpg,138.4686359375,153.7518890625,105.5712875,71.36964279468583,0.038184375,Bacterial Blight
augmented_Bacterial Blight0759.jpg,129.4615578125,145.4448421875,92.1977921875,66.76391807442246,0.0400234375,Bacterial Blight
augmented_Bacterial Blight0760.jpg,129.500840625,145.458925,92.19243125,66.72560744762247,0.0395671875,Bacterial Blight
augmented_Bacterial Blight0761.jpg,125.36936875,144.1504828125,71.5747078125,57.72272058579847,0.0482375,Bacterial Blight
augmented_Bacterial Blight0762.jpg,130.261553125,148.4095125,79.4469171875,64.24662491551533,0.0460609375,Bacterial Blight
augmented_Bacterial Blight0763.jpg,115.3098859375,136.2297640625,63.865725,59.520542774537404,0.1132140625,Bacterial Blight
augmented_Bacterial Blight0764.jpg,121.4410546875,142.7475,66.6689140625,62.30754426592492,0.1172484375,Bacterial Blight
augmented_Bacterial Blight0765.jpg,116.446771875,137.1624640625,100.8573390625,62.4898029066471,0.361515625,Bacterial Blight
augmented_Bacterial Blight0766.jpg,116.515596875,137.1604890625,100.8681125,62.46003808884525,0.3609703125,Bacterial Blight
augmented_Bacterial Blight0767.jpg,126.820621875,147.2858671875,71.3762390625,69.7176830261741,0.10631875,Bacterial Blight
augmented_Bacterial Blight0768.jpg,88.23261875,102.07009375,47.91741875,33.68987011797917,0.0820828125,Bacterial Blight
augmented_Bacterial Blight0769.jpg,137.5315046875,156.5604328125,75.110359375,53.877241470539715,0.1390171875,Bacterial Blight
augmented_Bacterial Blight0770.jpg,140.427190625,159.2483078125,93.070140625,59.48102512746775,0.3634953125,Bacterial Blight
augmented_Bacterial Blight0771.jpg,156.6649515625,174.6039703125,97.06740625,64.18729976400714,0.1274734375,Bacterial Blight
augmented_Bacterial Blight0772.jpg,156.8286609375,174.7577515625,98.3330296875,64.70599352051451,0.13029375,Bacterial Blight
augmented_Bacterial Blight0773.jpg,146.8783375,166.49805625,78.9537828125,57.01048164659853,0.1319421875,Bacterial Blight
augmented_Bacterial Blight0774.jpg,123.2323125,147.3563390625,45.2194234375,51.00782582981118,0.0532046875,Bacterial Blight
augmented_Bacterial Blight0775.jpg,115.7417671875,138.75260625,42.93405625,49.89203450316493,0.0465109375,Bacterial Blight
augmented_Bacterial Blight0776.jpg,121.736646875,143.8054484375,54.8685296875,59.21501942950832,0.0479125,Bacterial Blight
augmented_Bacterial Blight0777.jpg,121.736646875,143.8054484375,54.8685296875,59.21501942950832,0.0479125,Bacterial Blight
augmented_Bacterial Blight0778.jpg,138.4423625,155.2475578125,103.2450140625,68.7332672857034,0.0471921875,Bacterial Blight
augmented_Bacterial Blight0779.jpg,143.7365328125,160.013325,111.0909953125,73.08775948829636,0.049109375,Bacterial Blight
augmented_Bacterial Blight0780.jpg,152.70881875,167.6018203125,119.9349484375,48.146160815871944,0.066390625,Bacterial Blight
augmented_Bacterial Blight0781.jpg,161.7993234375,176.412221875,127.6983234375,54.83678998993249,0.0681828125,Bacterial Blight
augmented_Bacterial Blight0782.jpg,161.7993234375,176.412221875,127.6983234375,54.83678998993249,0.0681828125,Bacterial Blight
augmented_Bacterial Blight0783.jpg,157.1479265625,172.3509,123.489790625,49.85771094531849,0.0649015625,Bacterial Blight
augmented_Bacterial Blight0784.jpg,144.932746875,162.2624765625,102.1315484375,55.59368538208688,0.159734375,Bacterial Blight
augmented_Bacterial Blight0785.jpg,144.932746875,162.2624765625,102.1315484375,55.59368538208688,0.159734375,Bacterial Blight
augmented_Bacterial Blight0786.jpg,150.8527015625,167.7075234375,106.70818125,60.67677554622599,0.1549875,Bacterial Blight
augmented_Bacterial Blight0787.jpg,144.11885,161.4681578125,101.27893125,55.60844177100712,0.16075,Bacterial Blight
augmented_Bacterial Blight0788.jpg,150.5126953125,167.172475,111.7334234375,56.07187577265941,0.3615328125,Bacterial Blight
augmented_Bacterial Blight0789.jpg,173.97273125,189.36263125,134.380375,59.822743047277775,0.126009375,Bacterial Blight
augmented_Bacterial Blight0790.jpg,152.437521875,169.9814765625,110.089128125,49.83126981375204,0.135596875,Bacterial Blight
augmented_Bacterial Blight0791.jpg,79.3492421875,90.39503125,63.50925,27.250765351723206,0.040434375,Bacterial Blight
augmented_Bacterial Blight0792.jpg,150.7175953125,166.6703984375,119.6191015625,53.55110736567705,0.105825,Bacterial Blight
augmented_Bacterial Blight0793.jpg,147.02966875,163.6153390625,104.2379671875,57.558902996903356,0.1172671875,Bacterial Blight
augmented_Bacterial Blight0794.jpg,139.071159375,154.6364078125,105.99398125,59.59694094317899,0.358859375,Bacterial Blight
augmented_Bacterial Blight0795.jpg,158.3004515625,174.229603125,115.71089375,64.02693277201925,0.111059375,Bacterial Blight
augmented_Bacterial Blight0796.jpg,137.2383421875,152.1654171875,115.6073046875,64.62014745033022,0.359634375,Bacterial Blight
augmented_Bacterial Blight0797.jpg,137.23811875,152.275865625,115.540340625,64.59714530625008,0.360315625,Bacterial Blight
augmented_Bacterial Blight0798.jpg,159.2011046875,173.879625,126.9186015625,56.7464659568047,0.050475,Bacterial Blight
augmented_Bacterial Blight0799.jpg,167.01820625,181.499925,132.657065625,57.46163183470292,0.05245,Bacterial Blight
augmented_Bacterial Blight0800.jpg,164.82015625,177.28480625,134.2095140625,66.4887619772095,0.0451203125,Bacterial Blight
augmented_Bacterial Blight0801.jpg,149.94135625,164.708334375,119.791725,54.43636740688527,0.044725,Bacterial Blight
augmented_Bacterial Blight0802.jpg,157.574765625,173.9442515625,121.5570890625,54.139120390689,0.114165625,Bacterial Blight
augmented_Bacterial Blight0803.jpg,157.574765625,173.9442515625,121.5570890625,54.139120390689,0.114165625,Bacterial Blight
augmented_Bacterial Blight0804.jpg,157.574765625,173.9442515625,121.5570890625,54.139120390689,0.114165625,Bacterial Blight
augmented_Bacterial Blight0805.jpg,156.7489203125,173.10971875,120.4222,53.82616730133555,0.1062859375,Bacterial Blight
augmented_Bacterial Blight0806.jpg,165.4314328125,181.726378125,136.45175,49.4899329429901,0.0831140625,Bacterial Blight
augmented_Bacterial Blight0807.jpg,171.6585890625,187.018765625,141.1416453125,55.63731457545171,0.0772421875,Bacterial Blight
augmented_Bacterial Blight0808.jpg,168.8876421875,184.704346875,139.067090625,53.128239355556175,0.0777640625,Bacterial Blight
augmented_Bacterial Blight0809.jpg,172.229409375,187.8582296875,143.720746875,54.65982069516524,0.0824234375,Bacterial Blight
augmented_Bacterial Blight0810.jpg,164.6949453125,180.995540625,135.4034859375,49.43454941968564,0.0795484375,Bacterial Blight
augmented_Bacterial Blight0811.jpg,163.586365625,181.37088125,145.9123953125,52.419112609708804,0.3539015625,Bacterial Blight
augmented_Bacterial Blight0812.jpg,164.8644359375,184.4713015625,143.8808703125,43.08115725656882,0.02840625,Bacterial Blight
augmented_Bacterial Blight0813.jpg,175.071053125,192.6052671875,151.451059375,52.98005823076402,0.025128125,Bacterial Blight
augmented_Bacterial Blight0814.jpg,170.8297125,189.5799421875,148.6930078125,49.54100074740453,0.029090625,Bacterial Blight
augmented_Bacterial Blight0815.jpg,164.100128125,183.788675,143.2643359375,43.13452161452862,0.0256078125,Bacterial Blight
augmented_Bacterial Blight0816.jpg,134.3785171875,160.88184375,137.6763609375,70.47258739841227,0.3591125,Bacterial Blight
augmented_Bacterial Blight0817.jpg,138.7712390625,168.941553125,120.5650125,70.64444653228041,0.0805828125,Bacterial Blight
augmented_Bacterial Blight0818.jpg,122.20221875,152.484215625,88.1181640625,63.34781897806811,0.1275109375,Bacterial Blight
augmented_Bacterial Blight0819.jpg,118.5539671875,146.9013546875,110.9173546875,64.91981419086821,0.357578125,Bacterial Blight
augmented_Bacterial Blight0820.jpg,118.56195,146.8295203125,111.2700171875,64.91321254952646,0.3585609375,Bacterial Blight
augmented_Bacterial Blight0821.jpg,122.1767515625,152.460871875,88.059665625,63.31342577699754,0.127078125,Bacterial Blight
augmented_Bacterial Blight0822.jpg,132.3133359375,160.4471015625,101.2532734375,67.8591081043885,0.110225,Bacterial Blight
augmented_Bacterial Blight0823.jpg,97.4194546875,134.302171875,54.0943375,53.715698042696395,0.077771875,Bacterial Blight
augmented_Bacterial Blight0824.jpg,93.9146390625,129.931915625,52.2050609375,52.13009068543295,0.07536875,Bacterial Blight
augmented_Bacterial Blight0825.jpg,93.5436234375,126.3398265625,91.112571875,55.84811203526676,0.356853125,Bacterial Blight
augmented_Bacterial Blight0826.jpg,93.9291296875,129.9374625,52.2782046875,52.20855234645224,0.076365625,Bacterial Blight
augmented_Bacterial Blight0827.jpg,93.00848125,129.0592328125,51.29515625,52.09968223496462,0.069728125,Bacterial Blight
augmented_Bacterial Blight0828.jpg,93.049075,129.0799015625,51.32466875,52.11496778139424,0.06948125,Bacterial Blight
augmented_Bacterial Blight0829.jpg,93.040609375,129.073778125,51.320840625,52.117824002820775,0.06981875,Bacterial Blight
augmented_Bacterial Blight0830.jpg,107.011121875,138.63955,81.447209375,80.36288953947795,0.0279984375,Bacterial Blight
augmented_Bacterial Blight0831.jpg,107.011121875,138.63955,81.447209375,80.36288953947795,0.0279984375,Bacterial Blight
augmented_Bacterial Blight0832.jpg,106.351521875,127.621203125,118.63318125,74.62558496627342,0.362084375,Bacterial Blight
augmented_Bacterial Blight0833.jpg,106.419165625,127.555990625,118.6212375,74.63335620550957,0.36149375,Bacterial Blight
augmented_Bacterial Blight0834.jpg,107.06364375,138.6757109375,81.5000390625,80.38152769189401,0.027371875,Bacterial Blight
augmented_Bacterial Blight0835.jpg,106.162146875,137.8132375,80.9873546875,80.5306357755933,0.024390625,Bacterial Blight
augmented_Bacterial Blight0836.jpg,124.605453125,155.3251765625,97.5892828125,78.62129694413076,0.07875625,Bacterial Blight
augmented_Bacterial Blight0837.jpg,124.478846875,155.1299671875,97.2347046875,78.59610823298252,0.0717484375,Bacterial Blight
augmented_Bacterial Blight0838.jpg,133.9553109375,162.5723671875,110.758846875,82.54688291960116,0.0744546875,Bacterial Blight
augmented_Bacterial Blight0839.jpg,104.5598875,136.5052671875,66.634825,70.86712248108442,0.0943109375,Bacterial Blight
augmented_Bacterial Blight0840.jpg,104.5598875,136.5052671875,66.634825,70.86712248108442,0.0943109375,Bacterial Blight
augmented_Bacterial Blight0841.jpg,104.5598875,136.5052671875,66.634825,70.86712248108442,0.0943109375,Bacterial Blight
augmented_Bacterial Blight0842.jpg,104.623640625,136.5660109375,66.76723125,70.90298545563833,0.095071875,Bacterial Blight
augmented_Bacterial Blight0843.jpg,103.725515625,135.698115625,65.9132234375,70.8737261767472,0.09045625,Bacterial Blight
augmented_Bacterial Blight0844.jpg,103.6474796875,135.800640625,66.085778125,70.99094255056248,0.0929359375,Bacterial Blight
augmented_Bacterial Blight0845.jpg,111.6481796875,142.855771875,78.400978125,62.84818243042668,0.0829375,Bacterial Blight
augmented_Bacterial Blight0846.jpg,110.8703109375,142.104396875,77.5402765625,62.673640101288996,0.078703125,Bacterial Blight
augmented_Bacterial Blight0847.jpg,76.077734375,96.950128125,65.5424140625,55.443930254186476,0.028446875,Bacterial Blight
augmented_Bacterial Blight0848.jpg,114.7735078125,142.4470828125,97.510209375,84.1475210677963,0.0525671875,Bacterial Blight
augmented_Bacterial Blight0849.jpg,114.04585625,141.74388125,97.0158515625,84.16616122262052,0.0492171875,Bacterial Blight
augmented_Bacterial Blight0850.jpg,126.5446296875,144.33235625,135.7482984375,78.40786300335714,0.36505,Bacterial Blight
augmented_Bacterial Blight0851.jpg,129.62443125,156.7802046875,116.8183296875,83.02899002545337,0.0252,Bacterial Blight
augmented_Bacterial Blight0852.jpg,131.1514828125,157.029396875,117.3234078125,84.46817033664979,0.0230875,Bacterial Blight
augmented_Bacterial Blight0853.jpg,131.350853125,157.2019703125,117.5030078125,84.73899400898553,0.023428125,Bacterial Blight
augmented_Bacterial Blight0854.jpg,119.649409375,153.10068125,79.3504296875,58.82788306969874,0.000165625,Bacterial Blight
augmented_Bacterial Blight0855.jpg,116.74545,148.8246421875,107.190621875,62.35131231796538,0.353571875,Bacterial Blight
augmented_Bacterial Blight0856.jpg,127.2737578125,158.7726375,90.9954359375,65.93423725906206,0.00140625,Bacterial Blight
augmented_Bacterial Blight0857.jpg,135.8794,164.9828890625,103.2783265625,71.21807330885447,0.00155,Bacterial Blight
augmented_Bacterial Blight0858.jpg,124.435625,156.863225,86.27989375,64.98090053226694,0.001459375,Bacterial Blight
augmented_Bacterial Blight0859.jpg,118.67791875,152.3395875,78.684053125,58.94252397704365,9.84375e-05,Bacterial Blight
augmented_Bacterial Blight0860.jpg,142.111803125,166.6530265625,101.98608125,49.71862887408227,0.103234375,Bacterial Blight
augmented_Bacterial Blight0861.jpg,148.9344421875,172.177971875,110.57746875,56.25785224536835,0.100984375,Bacterial Blight
augmented_Bacterial Blight0862.jpg,145.5819640625,170.44264375,102.275253125,59.511872489295975,0.049775,Bacterial Blight
augmented_Bacterial Blight0863.jpg,123.7416265625,145.633628125,98.780540625,58.03320230680751,0.3533421875,Bacterial Blight
augmented_Bacterial Blight0864.jpg,125.3217265625,147.7419046875,90.6218796875,52.927519842269376,0.0412609375,Bacterial Blight
augmented_Bacterial Blight0865.jpg,89.5338859375,112.31005625,49.9703765625,36.243139772130206,0.271271875,Bacterial Blight
augmented_Bacterial Blight0866.jpg,116.725596875,144.5330015625,76.253034375,50.59169790546364,0.365778125,Bacterial Blight
augmented_Bacterial Blight0867.jpg,116.81349375,144.5387640625,76.2438703125,50.65460731098654,0.3651859375,Bacterial Blight
augmented_Bacterial Blight0868.jpg,118.51029375,147.4551453125,65.0856609375,46.81140981947972,0.297990625,Bacterial Blight
augmented_Bacterial Blight0869.jpg,143.013934375,167.6821375,97.1494234375,62.96643445166955,0.2544203125,Bacterial Blight
augmented_Bacterial Blight0870.jpg,148.8796046875,172.000025,114.4121875,70.48199398667302,0.1725546875,Bacterial Blight
augmented_Bacterial Blight0871.jpg,133.17054375,158.9269828125,93.5709203125,68.85883541864807,0.1922234375,Bacterial Blight
augmented_Bacterial Blight0872.jpg,129.11831875,155.2547890625,89.4689234375,63.552736583141815,0.17931875,Bacterial Blight
augmented_Bacterial Blight0873.jpg,97.5425375,113.8184359375,74.440103125,34.61842557323596,0.000440625,Bacterial Blight
augmented_Bacterial Blight0874.jpg,160.423728125,180.6314203125,126.0954296875,65.02469526255936,0.002775,Bacterial Blight
augmented_Bacterial Blight0875.jpg,164.936021875,184.32500625,132.028303125,66.06878071954134,0.0023359375,Bacterial Blight
augmented_Bacterial Blight0876.jpg,158.9647171875,179.36035625,124.14084375,64.54814559897741,0.0027734375,Bacterial Blight
augmented_Bacterial Blight0877.jpg,157.2518078125,177.046746875,127.485565625,58.105553836956,0.0042,Bacterial Blight
augmented_Bacterial Blight0878.jpg,138.955071875,161.3819734375,103.16496875,60.83106815773927,0.167803125,Bacterial Blight
augmented_Bacterial Blight0879.jpg,138.955071875,161.3819734375,103.16496875,60.83106815773927,0.167803125,Bacterial Blight
augmented_Bacterial Blight0880.jpg,138.955071875,161.3819734375,103.16496875,60.83106815773927,0.167803125,Bacterial Blight
augmented_Bacterial Blight0881.jpg,138.955071875,161.3819734375,103.16496875,60.83106815773927,0.167803125,Bacterial Blight
augmented_Bacterial Blight0882.jpg,138.955071875,161.3819734375,103.16496875,60.83106815773927,0.167803125,Bacterial Blight
augmented_Bacterial Blight0883.jpg,143.2241078125,165.25974375,107.175009375,64.23821003270383,0.159534375,Bacterial Blight
augmented_Bacterial Blight0884.jpg,152.53458125,172.547396875,122.1909015625,66.18553401148849,0.1531234375,Bacterial Blight
augmented_Bacterial Blight0885.jpg,133.573859375,159.028446875,90.7063234375,46.06399828918973,0.0181828125,Bacterial Blight
augmented_Bacterial Blight0886.jpg,133.573859375,159.028446875,90.7063234375,46.06399828918973,0.0181828125,Bacterial Blight
augmented_Bacterial Blight0887.jpg,140.852028125,165.2383015625,99.3507828125,54.47969701099988,0.0188578125,Bacterial Blight
augmented_Bacterial Blight0888.jpg,132.7865953125,158.2104703125,89.9103984375,46.26205072909213,0.017865625,Bacterial Blight
augmented_Bacterial Blight0889.jpg,132.5398375,158.8937765625,110.0547703125,54.65341170948902,0.3541828125,Bacterial Blight
augmented_Bacterial Blight0890.jpg,134.0407453125,161.799553125,97.8364390625,48.98055268281844,0.1161828125,Bacterial Blight
augmented_Bacterial Blight0891.jpg,117.9375875,144.5078125,76.7746125,58.426833675389595,0.0102078125,Bacterial Blight
augmented_Bacterial Blight0892.jpg,112.913171875,137.5102875,95.568334375,58.35388593147128,0.352275,Bacterial Blight
augmented_Bacterial Blight0893.jpg,117.895746875,144.6110015625,76.6950171875,58.34626116403497,0.0098984375,Bacterial Blight
augmented_Bacterial Blight0894.jpg,119.2925734375,145.235621875,79.0163375,60.7980223507927,0.0109078125,Bacterial Blight
augmented_Bacterial Blight0895.jpg,117.13085,143.6798984375,76.09734375,58.54478456889829,0.01004375,Bacterial Blight
augmented_Bacterial Blight0896.jpg,117.069046875,143.6387546875,76.01358125,58.51889025799066,0.010234375,Bacterial Blight
augmented_Bacterial Blight0897.jpg,117.1280859375,143.68285,76.090775,58.546668208886345,0.0104609375,Bacterial Blight
augmented_Bacterial Blight0898.jpg,87.582,104.554596875,82.738940625,37.17953275853879,0.061296875,Bacterial Blight
augmented_Bacterial Blight0899.jpg,150.0194671875,174.68530625,140.5207578125,64.86566506740522,0.09561875,Bacterial Blight
augmented_Bacterial Blight0900.jpg,150.0194671875,174.68530625,140.5207578125,64.86566506740522,0.09561875,Bacterial Blight
augmented_Bacterial Blight0901.jpg,137.19030625,152.1098140625,114.516659375,75.62715131584585,0.1552921875,Bacterial Blight
augmented_Bacterial Blight0902.jpg,151.7809765625,164.896115625,133.700125,79.22175488562127,0.1410203125,Bacterial Blight
augmented_Bacterial Blight0903.jpg,114.88095,129.9892375,89.471725,69.56030658630297,0.1787140625,Bacterial Blight
augmented_Bacterial Blight0904.jpg,114.9193890625,130.0229109375,89.47238125,69.48018477256466,0.1776609375,Bacterial Blight
augmented_Bacterial Blight0905.jpg,114.9193890625,130.0229109375,89.47238125,69.48018477256466,0.1776609375,Bacterial Blight
augmented_Bacterial Blight0906.jpg,119.59166875,134.7155625,93.9594015625,73.83225290946369,0.1670234375,Bacterial Blight
augmented_Bacterial Blight0907.jpg,130.10219375,143.85430625,109.1353140625,78.68795736887527,0.1676203125,Bacterial Blight
augmented_Bacterial Blight0908.jpg,96.9522734375,121.4116234375,59.4705734375,38.864520017885745,0.1788484375,Bacterial Blight
augmented_Bacterial Blight0909.jpg,107.61488125,130.7373953125,71.723075,52.44877178701038,0.1607046875,Bacterial Blight
augmented_Bacterial Blight0910.jpg,118.967921875,141.131578125,84.933065625,61.939571379737856,0.151115625,Bacterial Blight
augmented_Bacterial Blight0911.jpg,95.9870109375,120.4636953125,58.4093609375,38.24900543822821,0.1679,Bacterial Blight
augmented_Bacterial Blight0912.jpg,131.91505,154.1095453125,115.8397296875,51.23772180444792,0.364678125,Bacterial Blight
augmented_Bacterial Blight0913.jpg,122.830490625,148.0559375,84.55026875,70.806025462209,0.1770734375,Bacterial Blight
augmented_Bacterial Blight0914.jpg,136.46710625,154.53305,110.65831875,86.39789763715837,0.1216484375,Bacterial Blight
augmented_Bacterial Blight0915.jpg,105.3362296875,127.0956984375,75.3109765625,70.6920549395735,0.144409375,Bacterial Blight
augmented_Bacterial Blight0916.jpg,144.29325625,171.682828125,90.2295625,60.88970711142544,0.1214640625,Bacterial Blight
augmented_Bacterial Blight0917.jpg,110.760046875,131.455721875,77.122609375,65.05468378540162,0.086015625,Bacterial Blight
augmented_Bacterial Blight0918.jpg,136.8458984375,154.9952421875,120.13059375,72.63874912956427,0.075696875,Bacterial Blight
augmented_Bacterial Blight0919.jpg,153.3329203125,169.662059375,134.202303125,76.52262031368731,0.0819234375,Bacterial Blight
augmented_Bacterial Blight0920.jpg,139.887984375,155.2541359375,123.8573453125,75.98110909933042,0.369065625,Bacterial Blight
augmented_Bacterial Blight0921.jpg,157.6926375,173.3743390625,137.5354828125,80.81036041077088,0.07815,Bacterial Blight
augmented_Bacterial Blight0922.jpg,137.2248828125,153.2644921875,123.9172828125,78.45169660740197,0.052390625,Bacterial Blight
augmented_Bacterial Blight0923.jpg,148.2882484375,164.153478125,132.6481609375,84.40753802449537,0.0552984375,Bacterial Blight
augmented_Bacterial Blight0924.jpg,148.3264234375,164.1937265625,132.678425,84.38552581496037,0.0546140625,Bacterial Blight
augmented_Bacterial Blight0925.jpg,111.6147203125,131.4421953125,105.1451796875,66.47118829307733,0.35531875,Bacterial Blight
augmented_Bacterial Blight0926.jpg,110.9731734375,133.36803125,86.0718015625,63.710220116776284,0.0792828125,Bacterial Blight
augmented_Bacterial Blight0927.jpg,110.1504703125,132.5374421875,85.2910359375,63.77317782340179,0.0755765625,Bacterial Blight
augmented_Bacterial Blight0928.jpg,109.9769703125,132.572090625,85.40903125,63.84328101370434,0.078253125,Bacterial Blight
augmented_Bacterial Blight0929.jpg,95.229934375,114.005759375,71.1034234375,54.59236894939469,0.0607703125,Bacterial Blight
augmented_Bacterial Blight0930.jpg,102.491740625,121.9746640625,75.9813265625,58.27115433854658,0.0641828125,Bacterial Blight
augmented_Bacterial Blight0931.jpg,102.463090625,121.964953125,75.9232625,58.15400587827721,0.063790625,Bacterial Blight
augmented_Bacterial Blight0932.jpg,66.0933828125,81.8070265625,61.9833859375,30.743490342348505,0.0590890625,Bacterial Blight
augmented_Bacterial Blight0933.jpg,140.8010609375,164.2549109375,135.2293390625,68.97272815786553,0.1093953125,Bacterial Blight
augmented_Bacterial Blight0934.jpg,81.5597609375,99.518640625,71.62858125,48.27974847672022,0.031178125,Bacterial Blight
augmented_Bacterial Blight0935.jpg,106.536528125,128.006909375,92.8388203125,63.46064887894718,0.0465484375,Bacterial Blight
augmented_Bacterial Blight0936.jpg,109.8622734375,126.6415578125,112.4117859375,65.31605863422612,0.3557296875,Bacterial Blight
augmented_Bacterial Blight0937.jpg,115.6085421875,136.07315625,106.577234375,72.87683240566513,0.04549375,Bacterial Blight
augmented_Bacterial Blight0938.jpg,109.411190625,125.0057015625,106.73423125,67.77208995483946,0.3570875,Bacterial Blight
augmented_Bacterial Blight0939.jpg,109.5089109375,128.1992859375,88.4139234375,67.02556987307973,0.065659375,Bacterial Blight
augmented_Bacterial Blight0940.jpg,135.8484609375,150.743375,119.1617515625,79.9524969967943,0.05928125,Bacterial Blight
augmented_Bacterial Blight0941.jpg,162.4753609375,178.61685,141.379334375,65.53357360009271,0.0977,Bacterial Blight
augmented_Bacterial Blight0942.jpg,147.120628125,164.591175,120.453771875,61.25321268145204,0.125765625,Bacterial Blight
augmented_Bacterial Blight0943.jpg,147.120628125,164.591175,120.453771875,61.25321268145204,0.125765625,Bacterial Blight
augmented_Bacterial Blight0944.jpg,147.120628125,164.591175,120.453771875,61.25321268145204,0.125765625,Bacterial Blight
augmented_Bacterial Blight0945.jpg,147.120628125,164.591175,120.453771875,61.25321268145204,0.125765625,Bacterial Blight
augmented_Bacterial Blight0946.jpg,140.3128421875,157.5360796875,115.7471859375,64.42580878273105,0.3626140625,Bacterial Blight
augmented_Bacterial Blight0947.jpg,140.2683921875,157.5283828125,115.7747203125,64.4099792391735,0.3624125,Bacterial Blight
augmented_Bacterial Blight0948.jpg,160.061340625,177.4165671875,135.8526609375,68.78724299729603,0.1303640625,Bacterial Blight
augmented_Bacterial Blight0949.jpg,147.469578125,166.2424671875,120.315796875,64.75153219555844,0.155028125,Bacterial Blight
augmented_Bacterial Blight0950.jpg,142.3793046875,161.9039984375,115.709790625,60.37449687631688,0.1451734375,Bacterial Blight
augmented_Bacterial Blight0951.jpg,147.918575,166.2023078125,122.0731125,67.23878615167935,0.114596875,Bacterial Blight
augmented_Bacterial Blight0952.jpg,125.353828125,141.8090734375,96.807778125,55.116480091888384,0.07004375,Bacterial Blight
augmented_Bacterial Blight0953.jpg,125.3616953125,141.8082484375,96.7834296875,55.068558865310294,0.068290625,Bacterial Blight
augmented_Bacterial Blight0954.jpg,131.0856484375,147.0742359375,103.49125,61.132777191778445,0.065103125,Bacterial Blight
augmented_Bacterial Blight0955.jpg,124.4053078125,140.8838984375,95.863296875,55.12128044377877,0.068571875,Bacterial Blight
augmented_Bacterial Blight0956.jpg,165.58229375,182.58435625,122.215090625,65.66761038466844,0.1522546875,Bacterial Blight
augmented_Bacterial Blight0957.jpg,131.6949640625,147.58354375,101.10953125,60.92157751332206,0.1326734375,Bacterial Blight
augmented_Bacterial Blight0958.jpg,131.7082,147.5923890625,101.1073578125,60.93844725201166,0.1323640625,Bacterial Blight
augmented_Bacterial Blight0959.jpg,141.3861265625,157.41293125,114.4333390625,68.10885176112849,0.108990625,Bacterial Blight
augmented_Bacterial Blight0960.jpg,137.5786578125,152.953746875,106.5188578125,68.05140970081892,0.129709375,Bacterial Blight
augmented_Bacterial Blight0961.jpg,162.2889296875,180.5333125,136.8577125,63.54088509392295,0.1158828125,Bacterial Blight
augmented_Bacterial Blight0962.jpg,136.85741875,153.644971875,124.36744375,60.16846495637056,0.3560671875,Bacterial Blight
augmented_Bacterial Blight0963.jpg,136.89221875,153.7333890625,124.4081875,60.15335902762282,0.3550515625,Bacterial Blight
augmented_Bacterial Blight0964.jpg,136.4328421875,154.3976265625,117.3110921875,54.75007375884647,0.0998640625,Bacterial Blight
augmented_Bacterial Blight0965.jpg,135.839778125,151.519003125,108.1975625,59.106481064690875,0.083984375,Bacterial Blight
augmented_Bacterial Blight0966.jpg,111.044053125,125.5178515625,89.2685125,49.9303012700104,0.0730703125,Bacterial Blight
augmented_Bacterial Blight0967.jpg,156.1921671875,172.216153125,121.480878125,63.46773276790408,0.0916546875,Bacterial Blight
augmented_Bacterial Blight0968.jpg,126.5860515625,141.8387546875,101.11130625,56.27197620876666,0.0803046875,Bacterial Blight
augmented_Bacterial Blight0969.jpg,126.5860515625,141.8387546875,101.11130625,56.27197620876666,0.0803046875,Bacterial Blight
augmented_Bacterial Blight0970.jpg,145.29774375,160.6067796875,120.919846875,68.0326626768521,0.0732125,Bacterial Blight
augmented_Bacterial Blight0971.jpg,137.5358390625,152.7026578125,112.47931875,65.11404902602024,0.080771875,Bacterial Blight
augmented_Bacterial Blight0972.jpg,131.4546515625,145.0380765625,90.3763625,61.10285521765707,0.13300625,Bacterial Blight
augmented_Bacterial Blight0973.jpg,131.392253125,144.97904375,90.315228125,61.11953852958459,0.133721875,Bacterial Blight
augmented_Bacterial Blight0974.jpg,138.49828125,154.5419484375,102.6967984375,48.745005729239516,0.3713546875,Bacterial Blight
augmented_Bacterial Blight0975.jpg,138.0079671875,154.0419421875,101.563384375,39.82689433503709,0.287709375,Bacterial Blight
augmented_Bacterial Blight0976.jpg,138.0369421875,154.039653125,101.5775796875,39.2617506701058,0.2876765625,Bacterial Blight
augmented_Bacterial Blight0977.jpg,116.0343078125,128.132440625,95.0389546875,56.788181796356916,0.2046625,Bacterial Blight
augmented_Bacterial Blight0978.jpg,135.05645,148.1954,109.493321875,65.90002877641605,0.2142765625,Bacterial Blight
augmented_Bacterial Blight0979.jpg,135.05645,148.1954,109.493321875,65.90002877641605,0.2142765625,Bacterial Blight
augmented_Bacterial Blight0980.jpg,137.621990625,150.046909375,110.1199609375,68.9211673653267,0.2101921875,Bacterial Blight
augmented_Bacterial Blight0981.jpg,134.144025,147.300840625,108.1877640625,65.37658596174636,0.208453125,Bacterial Blight
augmented_Bacterial Blight0982.jpg,83.181303125,94.057121875,60.5512203125,41.19442182682026,0.25110625,Bacterial Blight
augmented_Bacterial Blight0983.jpg,121.1912640625,134.670340625,91.9006828125,62.29548675591472,0.369721875,Bacterial Blight
augmented_Bacterial Blight0984.jpg,121.273771875,134.6661828125,91.8479984375,62.27467708440686,0.370196875,Bacterial Blight
augmented_Bacterial Blight0985.jpg,125.8153328125,139.31333125,90.2944078125,62.85460609710769,0.2845921875,Bacterial Blight
augmented_Bacterial Blight0986.jpg,125.8153328125,139.31333125,90.2944078125,62.85460609710769,0.2845921875,Bacterial Blight
augmented_Bacterial Blight0987.jpg,133.9603921875,147.711340625,101.199565625,68.98741276830755,0.257659375,Bacterial Blight
augmented_Bacterial Blight0988.jpg,145.1056921875,158.7308609375,116.0914640625,75.96001941838486,0.2263875,Bacterial Blight
augmented_Bacterial Blight0989.jpg,82.5762859375,93.036334375,63.503696875,22.840144294182547,0.1373984375,Bacterial Blight
augmented_Bacterial Blight0990.jpg,153.4714609375,168.9320453125,117.59366875,42.3551656850374,0.2202234375,Bacterial Blight
augmented_Bacterial Blight0991.jpg,116.327621875,132.71895625,75.7027453125,49.18332403882553,0.240609375,Bacterial Blight
augmented_Bacterial Blight0992.jpg,115.7739328125,132.0607796875,84.78309375,54.56566101102232,0.359728125,Bacterial Blight
augmented_Bacterial Blight0993.jpg,116.3094296875,132.7075390625,75.622878125,49.03133755030701,0.2397921875,Bacterial Blight
augmented_Bacterial Blight0994.jpg,126.741896875,142.184159375,90.0507640625,61.2349179271266,0.2057296875,Bacterial Blight
augmented_Bacterial Blight0995.jpg,115.369059375,131.7932015625,74.0424796875,46.90769884838491,0.2244875,Bacterial Blight
augmented_Bacterial Blight0996.jpg,182.9977359375,204.5699890625,159.541809375,38.32397341355514,0.1635578125,Bacterial Blight
augmented_Bacterial Blight0997.jpg,190.55984375,214.45024375,169.9833421875,33.57247209243278,0.144340625,Bacterial Blight
augmented_Bacterial Blight0998.jpg,192.4834765625,216.09406875,172.3838515625,32.69651878233928,0.142496875,Bacterial Blight
augmented_Bacterial Blight0999.jpg,182.073378125,203.5995546875,158.597315625,38.01671808494896,0.1473328125,Bacterial Blight
augmented_Bacterial Blight1000.jpg,182.0648921875,203.5910828125,158.586059375,38.11107985841762,0.1519546875,Bacterial Blight
augmented_Curl Virus0001.jpg,80.1953765625,89.3738125,66.032259375,15.832496099427168,0.0146140625,Curl Virus
augmented_Curl Virus0002.jpg,155.6345359375,168.7839375,129.4745890625,31.171563825023284,0.034440625,Curl Virus
augmented_Curl Virus0003.jpg,157.755396875,175.2592515625,132.057978125,42.76885822286468,0.0518171875,Curl Virus
augmented_Curl Virus0004.jpg,167.3782875,175.56914375,135.118671875,39.55207860174473,0.0195171875,Curl Virus
augmented_Curl Virus0005.jpg,170.497534375,179.2372234375,139.5882390625,42.72730109301044,0.0198609375,Curl Virus
augmented_Curl Virus0006.jpg,148.1314734375,171.3365015625,128.9938328125,43.64779061082738,0.35525625,Curl Virus
augmented_Curl Virus0007.jpg,156.522796875,173.00595,128.997153125,30.746352656699734,0.0314734375,Curl Virus
augmented_Curl Virus0008.jpg,114.2532234375,122.570540625,90.8024375,22.49658337734391,0.0223609375,Curl Virus
augmented_Curl Virus0009.jpg,149.2689453125,160.2434015625,121.994125,42.12045328515415,0.3519359375,Curl Virus
augmented_Curl Virus0010.jpg,149.3444,160.142803125,122.0131484375,42.091646343068604,0.35176875,Curl Virus
augmented_Curl Virus0011.jpg,152.462865625,162.0960609375,122.19521875,29.78440953595597,0.031084375,Curl Virus
augmented_Curl Virus0012.jpg,158.1326171875,171.147509375,132.4483109375,41.316578946696346,0.031478125,Curl Virus
augmented_Curl Virus0013.jpg,141.169765625,149.100690625,113.8722,31.757726304076755,0.03111875,Curl Virus
augmented_Curl Virus0014.jpg,150.2220703125,159.6334984375,124.753940625,45.80437152109137,0.3526546875,Curl Virus
augmented_Curl Virus0015.jpg,143.08756875,148.0231296875,114.246484375,37.42596417279311,0.011878125,Curl Virus
augmented_Curl Virus0016.jpg,148.83995,154.6341265625,121.881146875,46.568387232421,0.01274375,Curl Virus
augmented_Curl Virus0017.jpg,157.248071875,165.2415015625,134.3478265625,56.55423350410001,0.0132265625,Curl Virus
augmented_Curl Virus0018.jpg,148.429184375,156.9471,123.1953875,48.65889186060596,0.0120828125,Curl Virus
augmented_Curl Virus0019.jpg,150.686190625,167.2067296875,125.655340625,32.88334259676308,0.05149375,Curl Virus
augmented_Curl Virus0020.jpg,143.8655171875,163.5361328125,114.965475,36.3679586956657,0.07639375,Curl Virus
augmented_Curl Virus0021.jpg,143.8655171875,163.5361328125,114.965475,36.3679586956657,0.07639375,Curl Virus
augmented_Curl Virus0022.jpg,163.6005125,179.6144046875,132.974171875,39.71949599864536,0.057421875,Curl Virus
augmented_Curl Virus0023.jpg,145.2244078125,158.075578125,108.86236875,29.21879246734844,0.0157984375,Curl Virus
augmented_Curl Virus0024.jpg,150.356021875,164.6224453125,116.4219171875,39.20491253951964,0.01610625,Curl Virus
augmented_Curl Virus0025.jpg,163.1387796875,177.7882109375,132.010071875,36.729959316465845,0.0334859375,Curl Virus
augmented_Curl Virus0026.jpg,81.43728125,90.78153125,64.764675,19.75369714888737,0.01846875,Curl Virus
augmented_Curl Virus0027.jpg,140.5080828125,153.676828125,112.6825921875,34.035352531223836,0.032475,Curl Virus
augmented_Curl Virus0028.jpg,140.5080828125,153.676828125,112.6825921875,34.035352531223836,0.032475,Curl Virus
augmented_Curl Virus0029.jpg,159.552696875,178.3630546875,141.1340109375,58.37998696715398,0.0325984375,Curl Virus
augmented_Curl Virus0030.jpg,179.1503546875,198.1536,145.310925,38.06060265440219,0.03890625,Curl Virus
augmented_Curl Virus0031.jpg,140.713034375,159.0386203125,114.70781875,46.4001226480561,0.3534671875,Curl Virus
augmented_Curl Virus0032.jpg,160.6050265625,159.8983359375,137.544509375,43.42695642212066,0.0192109375,Curl Virus
augmented_Curl Virus0033.jpg,148.1671171875,148.9026046875,124.725859375,30.237651736720743,0.017678125,Curl Virus
augmented_Curl Virus0034.jpg,138.4371609375,166.7611078125,115.943609375,35.984295347989594,0.0758234375,Curl Virus
augmented_Curl Virus0035.jpg,136.669009375,170.733328125,121.683578125,47.93854381859725,0.3510515625,Curl Virus
augmented_Curl Virus0036.jpg,147.159871875,181.5210640625,134.0964953125,46.610658475727725,0.0532015625,Curl Virus
augmented_Curl Virus0037.jpg,147.159871875,181.5210640625,134.0964953125,46.610658475727725,0.0532015625,Curl Virus
augmented_Curl Virus0038.jpg,151.0160109375,179.7352515625,133.869459375,30.481988346987773,0.0345578125,Curl Virus
augmented_Curl Virus0039.jpg,151.03358125,179.738009375,133.879221875,30.456647400117244,0.0341734375,Curl Virus
augmented_Curl Virus0040.jpg,151.03358125,179.738009375,133.879221875,30.456647400117244,0.0341734375,Curl Virus
augmented_Curl Virus0041.jpg,161.4989359375,188.8825921875,146.15515,36.40999005201567,0.0330828125,Curl Virus
augmented_Curl Virus0042.jpg,150.0702390625,178.77301875,132.9100484375,30.45065752855074,0.0333,Curl Virus
augmented_Curl Virus0043.jpg,145.2359078125,173.127878125,132.3478796875,32.98077426248642,0.036484375,Curl Virus
augmented_Curl Virus0044.jpg,148.51169375,175.7528625,135.2500234375,30.852915081945024,0.0295203125,Curl Virus
augmented_Curl Virus0045.jpg,148.5297484375,175.7687796875,135.277284375,30.832218574005882,0.0292890625,Curl Virus
augmented_Curl Virus0046.jpg,147.52598125,174.783078125,134.2725796875,30.81159107815343,0.0286015625,Curl Virus
augmented_Curl Virus0047.jpg,147.5259484375,174.7854640625,134.2838203125,30.834808930937328,0.0297640625,Curl Virus
augmented_Curl Virus0048.jpg,149.5860375,171.417925,131.44471875,30.9905812111405,0.0363796875,Curl Virus
augmented_Curl Virus0049.jpg,140.9915671875,175.1634953125,133.8500140625,33.30010799234813,0.0281453125,Curl Virus
augmented_Curl Virus0050.jpg,165.163253125,209.1553359375,168.7931625,38.51637576153676,0.028765625,Curl Virus
augmented_Curl Virus0051.jpg,71.502384375,93.9336265625,72.5215859375,16.870267582898432,0.0040984375,Curl Virus
augmented_Curl Virus0052.jpg,138.233121875,176.43103125,140.266546875,33.40306455111791,0.0253359375,Curl Virus
augmented_Curl Virus0053.jpg,136.618296875,176.241215625,138.4795375,33.4296934071571,0.0190359375,Curl Virus
augmented_Curl Virus0054.jpg,136.596746875,176.2408171875,138.4648109375,33.375418473028255,0.0176984375,Curl Virus
augmented_Curl Virus0055.jpg,156.3253609375,189.783740625,158.670021875,50.42242926258338,0.0181765625,Curl Virus
augmented_Curl Virus0056.jpg,135.6243109375,175.2304921875,137.46294375,33.39707862164488,0.0170859375,Curl Virus
augmented_Curl Virus0057.jpg,124.942325,164.5293953125,130.636940625,35.51727322108537,0.0137328125,Curl Virus
augmented_Curl Virus0058.jpg,133.1277484375,174.371084375,142.0168796875,46.90231020200547,0.0143828125,Curl Virus
augmented_Curl Virus0059.jpg,126.59055,165.2827921875,130.4055484375,36.85624307445975,0.0597109375,Curl Virus
augmented_Curl Virus0060.jpg,126.9700125,164.088640625,133.239653125,46.35815621499841,0.353175,Curl Virus
augmented_Curl Virus0061.jpg,126.576703125,165.286565625,130.397384375,36.771462152998154,0.0578390625,Curl Virus
augmented_Curl Virus0062.jpg,67.368865625,98.4834484375,61.0229109375,16.428265424288607,0.0184515625,Curl Virus
augmented_Curl Virus0063.jpg,140.179865625,170.788684375,118.9573171875,43.672101849229136,0.3556859375,Curl Virus
augmented_Curl Virus0064.jpg,141.2864046875,169.3366,113.2414328125,29.315151974517548,0.035253125,Curl Virus
augmented_Curl Virus0065.jpg,150.7922265625,174.6374265625,138.91340625,36.767971040388574,0.0262046875,Curl Virus
augmented_Curl Virus0066.jpg,149.8384328125,173.69199375,137.9355484375,36.768996042012084,0.027140625,Curl Virus
augmented_Curl Virus0067.jpg,125.1403984375,166.3835984375,119.60599375,39.07770142646164,0.0242953125,Curl Virus
augmented_Curl Virus0068.jpg,145.2225203125,165.522015625,133.2813609375,50.04795323389693,0.0216265625,Curl Virus
augmented_Curl Virus0069.jpg,145.2057203125,165.50275,133.2604859375,50.105825508127054,0.022084375,Curl Virus
augmented_Curl Virus0070.jpg,151.1531671875,171.6101828125,140.3883609375,56.02524280177718,0.019896875,Curl Virus
augmented_Curl Virus0071.jpg,158.8351359375,180.281215625,150.138615625,63.75586168155414,0.0224625,Curl Virus
augmented_Curl Virus0072.jpg,144.262734375,164.5920734375,132.3636296875,50.153724885848526,0.0237609375,Curl Virus
augmented_Curl Virus0073.jpg,176.9365578125,188.0706734375,166.03123125,37.60476834768933,0.019296875,Curl Virus
augmented_Curl Virus0074.jpg,176.95735625,188.0917734375,166.0468484375,37.61459309925987,0.019378125,Curl Virus
augmented_Curl Virus0075.jpg,165.1130171875,179.2551390625,152.2104109375,49.18111145546948,0.0391859375,Curl Virus
augmented_Curl Virus0076.jpg,174.44438125,187.5871984375,162.832578125,53.75313885286977,0.040215625,Curl Virus
augmented_Curl Virus0077.jpg,183.2815578125,194.6024671875,168.2925296875,49.7487090274942,0.038215625,Curl Virus
augmented_Curl Virus0078.jpg,164.291859375,177.01645625,151.5893625,47.26122755460899,0.0367109375,Curl Virus
augmented_Curl Virus0079.jpg,179.631503125,188.1730671875,170.4827453125,40.50476332908046,0.0693984375,Curl Virus
augmented_Curl Virus0080.jpg,179.631503125,188.1730671875,170.4827453125,40.50476332908046,0.0693984375,Curl Virus
augmented_Curl Virus0081.jpg,174.111915625,181.2242625,166.2833515625,53.04327056923278,0.3629171875,Curl Virus
augmented_Curl Virus0082.jpg,179.6531484375,188.1873546875,170.488215625,40.47477627514963,0.066271875,Curl Virus
augmented_Curl Virus0083.jpg,144.0544796875,153.7509078125,124.01641875,57.347837566964486,0.0143359375,Curl Virus
augmented_Curl Virus0084.jpg,143.2861078125,152.9294296875,128.843578125,62.12241889090586,0.354346875,Curl Virus
augmented_Curl Virus0085.jpg,143.22849375,152.934096875,128.81434375,62.13122787164565,0.3544734375,Curl Virus
augmented_Curl Virus0086.jpg,157.5093875,164.455090625,138.904128125,60.38042755568184,0.0154296875,Curl Virus
augmented_Curl Virus0087.jpg,161.4039453125,169.1490984375,149.504803125,53.535322126762146,0.355578125,Curl Virus
augmented_Curl Virus0088.jpg,202.1610953125,208.144984375,185.2500890625,50.773993856852485,0.0230421875,Curl Virus
augmented_Curl Virus0089.jpg,155.26058125,166.1818609375,146.1268171875,45.236065380422566,0.091409375,Curl Virus
augmented_Curl Virus0090.jpg,89.7404078125,98.4907734375,84.473565625,25.805189485655514,0.029496875,Curl Virus
augmented_Curl Virus0091.jpg,164.3442828125,175.7410546875,154.6434703125,47.341602073295,0.09586875,Curl Virus
augmented_Curl Virus0092.jpg,163.39995625,174.82984375,153.8381890625,47.175144520806946,0.08673125,Curl Virus
augmented_Curl Virus0093.jpg,181.694940625,201.81079375,165.6273921875,39.592976098814866,0.0183328125,Curl Virus
augmented_Curl Virus0094.jpg,179.246921875,196.3943765625,172.867603125,46.70920773368131,0.0597015625,Curl Virus
augmented_Curl Virus0095.jpg,162.274775,174.88636875,152.9260671875,58.95898570827827,0.0440671875,Curl Virus
augmented_Curl Virus0096.jpg,162.274775,174.88636875,152.9260671875,58.95898570827827,0.0440671875,Curl Virus
augmented_Curl Virus0097.jpg,162.274775,174.88636875,152.9260671875,58.95898570827827,0.0440671875,Curl Virus
augmented_Curl Virus0098.jpg,173.8123484375,183.6242875,165.2411171875,66.30266185706229,0.035028125,Curl Virus
augmented_Curl Virus0099.jpg,169.7044125,180.220665625,162.07513125,63.256402208423204,0.0347390625,Curl Virus
augmented_Curl Virus0100.jpg,161.267921875,173.9146,151.916559375,58.95253736879673,0.038984375,Curl Virus
augmented_Curl Virus0101.jpg,108.0659375,122.1144296875,97.000403125,56.776279249732724,0.02705,Curl Virus
augmented_Curl Virus0102.jpg,108.07749375,122.136115625,97.0298171875,56.76312071362454,0.026615625,Curl Virus
augmented_Curl Virus0103.jpg,119.03623125,132.764353125,110.184121875,68.24273084767074,0.0206859375,Curl Virus
augmented_Curl Virus0104.jpg,189.58716875,212.5873796875,179.6272859375,34.96384725567736,0.006659375,Curl Virus
augmented_Curl Virus0105.jpg,136.6342484375,151.21999375,119.452965625,69.64631618588349,0.031775,Curl Virus
augmented_Curl Virus0106.jpg,127.9782140625,140.195453125,120.015025,73.02406770847774,0.0238203125,Curl Virus
augmented_Curl Virus0107.jpg,243.240109375,241.2233859375,229.9537953125,26.275239620368882,0.009153125,Curl Virus
augmented_Curl Virus0108.jpg,79.094025,90.9322859375,50.2602015625,38.04241150417551,0.004075,Curl Virus
augmented_Curl Virus0109.jpg,160.03733125,181.0213875,147.2219515625,41.02336140025304,0.037784375,Curl Virus
augmented_Curl Virus0110.jpg,167.507978125,186.661321875,157.6968234375,46.5005958061069,0.027925,Curl Virus
augmented_Curl Virus0111.jpg,159.0675296875,180.0472765625,146.22688125,40.85574961044508,0.0314890625,Curl Virus
augmented_Curl Virus0112.jpg,159.3327578125,173.3636734375,155.0011734375,56.13606083032193,0.361059375,Curl Virus
augmented_Curl Virus0113.jpg,161.8805828125,178.022365625,156.923234375,47.53974003307151,0.10765,Curl Virus
augmented_Curl Virus0114.jpg,174.300825,189.8808296875,169.1736328125,47.53367305261083,0.108846875,Curl Virus
augmented_Curl Virus0115.jpg,185.4952140625,200.894975,180.12735,51.34480468417961,0.075509375,Curl Virus
augmented_Curl Virus0116.jpg,173.0492375,188.090090625,165.378025,49.49182180224315,0.084584375,Curl Virus
augmented_Curl Virus0117.jpg,200.5923078125,209.971440625,177.508740625,48.165019084430895,0.003415625,Curl Virus
augmented_Curl Virus0118.jpg,164.42126875,178.6573359375,144.42660625,47.19766766198404,0.002034375,Curl Virus
augmented_Curl Virus0119.jpg,170.6507671875,183.712725,153.5241734375,52.80062559453713,0.002778125,Curl Virus
augmented_Curl Virus0120.jpg,199.072715625,204.14913125,156.4638390625,59.31082835305948,0.0144875,Curl Virus
augmented_Curl Virus0121.jpg,151.2713578125,160.69599375,118.4360125,59.533964325250935,0.0131578125,Curl Virus
augmented_Curl Virus0122.jpg,151.2829875,160.72950625,118.6170640625,59.518719545691596,0.0126828125,Curl Virus
augmented_Curl Virus0123.jpg,136.234721875,147.0596171875,117.757075,65.30274822634314,0.00906875,Curl Virus
augmented_Curl Virus0124.jpg,95.97089375,118.285271875,82.9033921875,66.88211518595975,0.0128390625,Curl Virus
augmented_Curl Virus0125.jpg,110.179678125,119.7856171875,115.9758953125,65.18934186812989,0.3567265625,Curl Virus
augmented_Curl Virus0126.jpg,95.9946890625,118.3115703125,82.93219375,66.86109194332448,0.011621875,Curl Virus
augmented_Curl Virus0127.jpg,203.2300484375,214.41679375,168.6714078125,47.56314485345336,0.0190875,Curl Virus
augmented_Curl Virus0128.jpg,170.549453125,178.503946875,143.7203515625,60.35832733601505,0.3619109375,Curl Virus
augmented_Curl Virus0129.jpg,177.86594375,193.0275796875,146.9636765625,45.9956744794287,0.019675,Curl Virus
augmented_Curl Virus0130.jpg,177.86594375,193.0275796875,146.9636765625,45.9956744794287,0.019675,Curl Virus
augmented_Curl Virus0131.jpg,120.174315625,134.3415109375,90.3054171875,61.16192964777352,0.043078125,Curl Virus
augmented_Curl Virus0132.jpg,120.20948125,134.3851359375,90.327778125,61.09747259320373,0.03955625,Curl Virus
augmented_Curl Virus0133.jpg,127.00486875,142.4391265625,100.1525015625,69.28139095075846,0.042959375,Curl Virus
augmented_Curl Virus0134.jpg,119.223815625,133.4298578125,89.4568328125,61.15286794528905,0.0418515625,Curl Virus
augmented_Curl Virus0135.jpg,79.1163109375,92.53626875,35.6723109375,36.08475823954805,0.0050984375,Curl Virus
augmented_Curl Virus0136.jpg,105.1421765625,116.3051796875,69.1031140625,76.72134512998831,0.0064234375,Curl Virus
augmented_Curl Virus0137.jpg,161.023765625,170.4538171875,146.823815625,56.07657199872017,0.3547109375,Curl Virus
augmented_Curl Virus0138.jpg,177.1117953125,189.6211578125,164.91299375,49.91659525731904,0.009025,Curl Virus
augmented_Curl Virus0139.jpg,151.081278125,157.944053125,133.2779015625,66.65639153646416,0.3634359375,Curl Virus
augmented_Curl Virus0140.jpg,152.4265203125,167.56533125,122.486090625,66.2461859914638,0.0469734375,Curl Virus
augmented_Curl Virus0141.jpg,163.90784375,177.413034375,136.210384375,72.01935337573359,0.041384375,Curl Virus
augmented_Curl Virus0142.jpg,137.4455875,150.741546875,120.1835234375,60.575984876350425,0.355284375,Curl Virus
augmented_Curl Virus0143.jpg,141.67930625,158.56301875,122.697115625,56.38007906721469,0.0213546875,Curl Virus
augmented_Curl Virus0144.jpg,67.408653125,76.869453125,48.8435328125,31.19773664531182,0.010075,Curl Virus
augmented_Curl Virus0145.jpg,119.2559421875,131.6911984375,86.890065625,56.47312291074133,0.03076875,Curl Virus
augmented_Curl Virus0146.jpg,132.356153125,145.662153125,103.4935109375,66.83286558615985,0.0354140625,Curl Virus
augmented_Curl Virus0147.jpg,128.8081203125,143.469096875,107.7006265625,55.022276687149215,0.009153125,Curl Virus
augmented_Curl Virus0148.jpg,127.1538953125,138.0391078125,111.2588734375,58.672790591199,0.3539640625,Curl Virus
augmented_Curl Virus0149.jpg,180.7655265625,192.9801390625,168.4905734375,44.3250165586083,0.0237453125,Curl Virus
augmented_Curl Virus0150.jpg,180.7655265625,192.9801390625,168.4905734375,44.3250165586083,0.0237453125,Curl Virus
augmented_Curl Virus0151.jpg,194.483978125,206.7245578125,185.091059375,49.88041375904059,0.01905625,Curl Virus
augmented_Curl Virus0152.jpg,186.3553203125,199.2584,175.470640625,47.56638415669683,0.0245390625,Curl Virus
augmented_Curl Virus0153.jpg,179.795925,192.0508671875,167.48600625,44.3839173536985,0.022734375,Curl Virus
augmented_Curl Virus0154.jpg,114.2982203125,125.2097515625,93.983215625,43.20279457098434,0.0276859375,Curl Virus
augmented_Curl Virus0155.jpg,151.60220625,160.63149375,132.2653984375,61.849162736966065,0.3568,Curl Virus
augmented_Curl Virus0156.jpg,152.6507921875,165.191878125,125.6302078125,58.45035698344055,0.0374109375,Curl Virus
augmented_Curl Virus0157.jpg,176.369090625,186.651528125,130.08424375,65.66698489305242,0.0065640625,Curl Virus
augmented_Curl Virus0158.jpg,132.7502375,142.906878125,108.1061546875,68.41179834642968,0.3581390625,Curl Virus
augmented_Curl Virus0159.jpg,155.5153890625,182.3417015625,140.044559375,59.10884804307793,0.010740625,Curl Virus
augmented_Curl Virus0160.jpg,169.3774203125,195.8560640625,157.5779421875,59.17536127568459,0.0091578125,Curl Virus
augmented_Curl Virus0161.jpg,208.469884375,221.48968125,167.266221875,47.324967194329616,0.02194375,Curl Virus
augmented_Curl Virus0162.jpg,146.7563265625,159.8115671875,122.636990625,58.2602168745963,0.35665625,Curl Virus
augmented_Curl Virus0163.jpg,146.7602015625,159.7464265625,122.7123375,58.30579153196232,0.3563640625,Curl Virus
augmented_Curl Virus0164.jpg,154.7617921875,169.9298359375,127.276728125,53.172368353752184,0.0291671875,Curl Virus
augmented_Curl Virus0165.jpg,171.2595484375,203.4983390625,167.0191890625,50.405075619781854,0.005384375,Curl Virus
augmented_Curl Virus0166.jpg,156.4902734375,189.7257,147.5358828125,53.723850991155075,0.0070671875,Curl Virus
augmented_Curl Virus0167.jpg,182.5938921875,204.8546328125,158.1851859375,33.96357418170056,0.023634375,Curl Virus
augmented_Curl Virus0168.jpg,176.9962203125,189.809484375,156.568675,56.7713623491621,0.366565625,Curl Virus
augmented_Curl Virus0169.jpg,181.6322171875,203.9044125,157.2030640625,33.98849210306738,0.024065625,Curl Virus
augmented_Curl Virus0170.jpg,181.65828125,203.9261640625,157.2401375,33.989815587120724,0.0233859375,Curl Virus
augmented_Curl Virus0171.jpg,178.723703125,197.7573375,151.1549984375,36.36145214840974,0.0262546875,Curl Virus
augmented_Curl Virus0172.jpg,184.7727625,206.1445421875,160.9703078125,38.55723721177742,0.0233921875,Curl Virus
augmented_Curl Virus0173.jpg,187.052671875,204.772628125,163.4355234375,38.70376806523178,0.024340625,Curl Virus
augmented_Curl Virus0174.jpg,177.7574296875,196.8673078125,150.1801125,36.361512290369944,0.0248578125,Curl Virus
augmented_Curl Virus0175.jpg,182.747596875,197.0907421875,151.1002109375,35.280354350747864,0.017346875,Curl Virus
augmented_Curl Virus0176.jpg,177.4098875,185.39873125,149.3636765625,53.25274924490071,0.3613265625,Curl Virus
augmented_Curl Virus0177.jpg,177.5325109375,185.46290625,149.3358734375,53.12329860077874,0.3609328125,Curl Virus
augmented_Curl Virus0178.jpg,168.716125,196.0909546875,148.7110765625,34.53568523280485,0.029621875,Curl Virus
augmented_Curl Virus0179.jpg,168.7456125,196.1188640625,148.744184375,34.52667714838578,0.02930625,Curl Virus
augmented_Curl Virus0180.jpg,167.7542140625,195.2055796875,147.76943125,34.52070447303681,0.02818125,Curl Virus
augmented_Curl Virus0181.jpg,213.09473125,228.411275,190.4225984375,40.491445372814844,0.007490625,Curl Virus
augmented_Curl Virus0182.jpg,166.9320453125,182.8810078125,149.5181640625,57.75673571791453,0.3620375,Curl Virus
augmented_Curl Virus0183.jpg,173.386334375,198.031784375,155.30480625,43.598925939152814,0.0114,Curl Virus
augmented_Curl Virus0184.jpg,178.9299578125,203.0672375,162.4790640625,44.091020565858685,0.0118734375,Curl Virus
augmented_Curl Virus0185.jpg,161.6479609375,185.33789375,127.3516046875,42.57798470016308,0.01445,Curl Virus
augmented_Curl Virus0186.jpg,166.7048,191.29100625,136.0563796875,48.914744436212686,0.0144921875,Curl Virus
augmented_Curl Virus0187.jpg,166.7048,191.29100625,136.0563796875,48.914744436212686,0.0144921875,Curl Virus
augmented_Curl Virus0188.jpg,170.5606296875,192.039875,145.64495625,32.9994478206729,0.022034375,Curl Virus
augmented_Curl Virus0189.jpg,182.7631578125,208.1709203125,165.7256796875,44.16351794666684,0.0206453125,Curl Virus
augmented_Curl Virus0190.jpg,182.7087546875,208.1318734375,165.6560046875,44.14837617971752,0.0208421875,Curl Virus
augmented_Curl Virus0191.jpg,170.4155140625,181.1760578125,148.046528125,52.45527451415371,0.359890625,Curl Virus
augmented_Curl Virus0192.jpg,170.4285265625,181.1048234375,147.9759625,52.52469799176538,0.35960625,Curl Virus
augmented_Curl Virus0193.jpg,180.3535859375,197.76151875,159.237084375,42.558279091570796,0.0219265625,Curl Virus
augmented_Curl Virus0194.jpg,156.6308140625,181.4036671875,117.0197328125,50.499583808204335,0.0094765625,Curl Virus
augmented_Curl Virus0195.jpg,147.5669046875,168.9514109375,108.224403125,52.91168121272197,0.3534203125,Curl Virus
augmented_Curl Virus0196.jpg,168.118475,184.1769546875,151.4092359375,57.1868767008804,0.01864375,Curl Virus
augmented_Curl Virus0197.jpg,173.8042671875,189.64066875,160.17528125,59.549372896312946,0.019071875,Curl Virus
augmented_Curl Virus0198.jpg,167.13421875,183.28236875,150.507696875,57.265221846668794,0.0203859375,Curl Virus
augmented_Curl Virus0199.jpg,167.1415375,183.2859125,150.522815625,57.257668540900674,0.020975,Curl Virus
augmented_Curl Virus0200.jpg,154.8549578125,181.8979265625,148.3661328125,40.18115984131808,0.073346875,Curl Virus
augmented_Curl Virus0201.jpg,171.83555,194.5870765625,163.047128125,49.691150836178245,0.0641765625,Curl Virus
augmented_Curl Virus0202.jpg,172.5440828125,194.9431015625,163.490434375,49.91541319398359,0.0640890625,Curl Virus
augmented_Curl Virus0203.jpg,196.426396875,214.142809375,192.7912765625,50.501986293175584,0.0566078125,Curl Virus
augmented_Curl Virus0204.jpg,161.751084375,184.389996875,161.178965625,47.51990723597084,0.061803125,Curl Virus
augmented_Curl Virus0205.jpg,174.223884375,194.1302140625,172.0553859375,51.730933634282316,0.0514140625,Curl Virus
augmented_Curl Virus0206.jpg,152.25081875,167.3212765625,141.443346875,61.135732586321495,0.3621859375,Curl Virus
augmented_Curl Virus0207.jpg,155.6474671875,176.5257609375,147.523096875,52.889017541343904,0.0430125,Curl Virus
augmented_Curl Virus0208.jpg,155.258578125,175.5115546875,147.2207078125,57.38758886789288,0.0466296875,Curl Virus
augmented_Curl Virus0209.jpg,149.8188265625,173.5361828125,145.4248046875,46.91721402711389,0.039009375,Curl Virus
augmented_Curl Virus0210.jpg,149.8188265625,173.5361828125,145.4248046875,46.91721402711389,0.039009375,Curl Virus
augmented_Curl Virus0211.jpg,164.5052015625,189.36215,151.9711078125,55.48492815506857,0.08226875,Curl Virus
augmented_Curl Virus0212.jpg,152.8674828125,175.506125,142.1149,56.4408484081625,0.075253125,Curl Virus
augmented_Curl Virus0213.jpg,152.8674828125,175.506125,142.1149,56.4408484081625,0.075253125,Curl Virus
augmented_Curl Virus0214.jpg,158.2362859375,173.8932484375,143.1652359375,54.001188394400806,0.362,Curl Virus
augmented_Curl Virus0215.jpg,159.371290625,178.2795421875,142.8754796875,43.6617818743292,0.0595125,Curl Virus
augmented_Curl Virus0216.jpg,153.3770640625,170.497640625,147.89976875,52.99728848088706,0.0718828125,Curl Virus
augmented_Curl Virus0217.jpg,172.64488125,194.6665203125,155.501725,56.4114570058356,0.0432953125,Curl Virus
augmented_Curl Virus0218.jpg,141.61689375,159.1062578125,129.8079140625,57.390965876355274,0.3585859375,Curl Virus
augmented_Curl Virus0219.jpg,144.31461875,164.8797890625,130.446490625,52.396865035683724,0.0360375,Curl Virus
augmented_Curl Virus0220.jpg,195.0202234375,213.750965625,191.454625,51.6152177225181,0.0356984375,Curl Virus
augmented_Curl Virus0221.jpg,163.7249578125,183.564246875,162.762525,54.302445475663994,0.035034375,Curl Virus
augmented_Curl Virus0222.jpg,153.8383203125,173.2553609375,153.7547125,52.231277343066,0.032428125,Curl Virus
augmented_Curl Virus0223.jpg,153.8383203125,173.2553609375,153.7547125,52.231277343066,0.032428125,Curl Virus
augmented_Curl Virus0224.jpg,153.84424375,173.2566484375,153.7719171875,52.29896986300545,0.0332859375,Curl Virus
augmented_Curl Virus0225.jpg,152.9105015625,172.321271875,152.8643796875,52.28169914963203,0.032934375,Curl Virus
augmented_Curl Virus0226.jpg,148.3611234375,167.4191875,142.5820546875,62.687471928042356,0.361896875,Curl Virus
augmented_Curl Virus0227.jpg,165.01481875,187.3398328125,162.14195,61.64244716413173,0.037775,Curl Virus
augmented_Curl Virus0228.jpg,147.1004203125,162.455846875,140.0223859375,60.71901293143099,0.360759375,Curl Virus
augmented_Curl Virus0229.jpg,162.690884375,180.3718921875,156.5643984375,57.38824529009721,0.052925,Curl Virus
augmented_Curl Virus0230.jpg,173.4233375,192.5005515625,159.7414109375,54.2064733071965,0.05569375,Curl Virus
augmented_Curl Virus0231.jpg,173.4233375,192.5005515625,159.7414109375,54.2064733071965,0.05569375,Curl Virus
augmented_Curl Virus0232.jpg,133.5994140625,158.7279578125,116.4876296875,60.694108550457884,0.359940625,Curl Virus
augmented_Curl Virus0233.jpg,215.4357890625,224.36733125,186.99959375,40.58318772750214,0.0148484375,Curl Virus
augmented_Curl Virus0234.jpg,174.578153125,193.677125,159.5716328125,58.57295486452457,0.0186640625,Curl Virus
augmented_Curl Virus0235.jpg,167.9240546875,186.5785390625,157.3209140625,42.1805675464249,0.0495078125,Curl Virus
augmented_Curl Virus0236.jpg,165.96916875,184.3611,144.5273421875,44.18955104666455,0.038778125,Curl Virus
augmented_Curl Virus0237.jpg,165.9884890625,184.3757859375,144.53045,44.194675659606034,0.0386890625,Curl Virus
augmented_Curl Virus0238.jpg,165.9884890625,184.3757859375,144.53045,44.194675659606034,0.0386890625,Curl Virus
augmented_Curl Virus0239.jpg,158.8090265625,178.3569078125,149.3369,48.33982087409496,0.0502796875,Curl Virus
augmented_Curl Virus0240.jpg,157.838671875,177.410490625,148.3657640625,48.357661775429285,0.051665625,Curl Virus
augmented_Curl Virus0241.jpg,159.8640171875,172.755796875,144.78744375,43.32856949273614,0.0210078125,Curl Virus
augmented_Curl Virus0242.jpg,183.90390625,197.447534375,171.9050953125,51.407012580730544,0.0154734375,Curl Virus
augmented_Curl Virus0243.jpg,163.2076609375,181.128684375,157.6061671875,58.13355599144867,0.0543859375,Curl Virus
augmented_Curl Virus0244.jpg,153.622715625,170.065159375,145.3581234375,53.37986052041853,0.0500046875,Curl Virus
augmented_Curl Virus0245.jpg,153.6426890625,170.106975,145.396484375,53.3573945805568,0.0497375,Curl Virus
augmented_Curl Virus0246.jpg,137.9505296875,165.8344765625,120.598121875,61.594869477691915,0.0275625,Curl Virus
augmented_Curl Virus0247.jpg,148.25555625,175.8728578125,133.1835703125,65.51451695504566,0.025771875,Curl Virus
augmented_Curl Virus0248.jpg,136.936475,164.8822640625,119.5991796875,61.64520024075273,0.0319640625,Curl Virus
augmented_Curl Virus0249.jpg,157.9877078125,180.453334375,142.3628953125,65.5067622790814,0.050321875,Curl Virus
augmented_Curl Virus0250.jpg,149.7064140625,172.833984375,132.4668875,61.56282104435195,0.0523734375,Curl Virus
augmented_Curl Virus0251.jpg,162.2796203125,185.6621859375,151.747615625,52.917112490996296,0.030390625,Curl Virus
augmented_Curl Virus0252.jpg,166.5697078125,189.5137671875,156.8793796875,54.4140100996503,0.029321875,Curl Virus
augmented_Curl Virus0253.jpg,155.983584375,174.875075,135.5500953125,53.600477321778,0.05393125,Curl Virus
augmented_Curl Virus0254.jpg,155.983584375,174.875075,135.5500953125,53.600477321778,0.05393125,Curl Virus
augmented_Curl Virus0255.jpg,173.6135546875,190.2560859375,155.6191234375,63.131306009192826,0.0485796875,Curl Virus
augmented_Curl Virus0256.jpg,151.594403125,173.7984890625,133.885346875,43.6739394922528,0.0470453125,Curl Virus
augmented_Curl Virus0257.jpg,151.605903125,173.7875078125,133.89333125,43.666057012048725,0.0470953125,Curl Virus
augmented_Curl Virus0258.jpg,149.8931859375,166.9415125,114.7116265625,50.35588248276731,0.040290625,Curl Virus
augmented_Curl Virus0259.jpg,145.343009375,158.5010484375,111.5200640625,57.246182719732104,0.35689375,Curl Virus
augmented_Curl Virus0260.jpg,170.7856015625,189.7276921875,153.6114171875,57.36842132410186,0.0375578125,Curl Virus
augmented_Curl Virus0261.jpg,162.1594875,182.7974046875,144.2302359375,56.49775249434739,0.0385328125,Curl Virus
augmented_Curl Virus0262.jpg,156.75155,176.318378125,132.998553125,54.48517185122765,0.0225015625,Curl Virus
augmented_Curl Virus0263.jpg,163.6023796875,183.7850109375,141.415034375,55.55601420830753,0.050890625,Curl Virus
augmented_Curl Virus0264.jpg,153.3060890625,175.4304515625,126.0212765625,48.24274425122861,0.046340625,Curl Virus
augmented_Curl Virus0265.jpg,160.5848609375,182.2172328125,136.6366,54.18867521564087,0.0435734375,Curl Virus
augmented_Curl Virus0266.jpg,152.3635296875,174.5524328125,125.0931,48.29992910926916,0.046940625,Curl Virus
augmented_Curl Virus0267.jpg,140.1422609375,159.9478765625,119.991946875,57.19884910253297,0.35894375,Curl Virus
augmented_Curl Virus0268.jpg,140.185475,160.035421875,120.0123375,57.19296399265076,0.35988125,Curl Virus
augmented_Curl Virus0269.jpg,155.6844296875,182.60461875,129.5981171875,50.336368814401425,0.057890625,Curl Virus
augmented_Curl Virus0270.jpg,156.087725,180.676671875,138.0720703125,54.86118594056327,0.04605,Curl Virus
augmented_Curl Virus0271.jpg,156.087725,180.676671875,138.0720703125,54.86118594056327,0.04605,Curl Virus
augmented_Curl Virus0272.jpg,146.2957125,171.8616625,126.2375234375,48.934654366479755,0.0474203125,Curl Virus
augmented_Curl Virus0273.jpg,153.08519375,172.247775,131.5090359375,54.01864718353429,0.35858125,Curl Virus
augmented_Curl Virus0274.jpg,153.092446875,172.2035390625,131.537646875,54.07035363125838,0.35935625,Curl Virus
augmented_Curl Virus0275.jpg,165.34436875,187.3126046875,143.53685,50.907524544823566,0.047653125,Curl Virus
augmented_Curl Virus0276.jpg,165.34436875,187.3126046875,143.53685,50.907524544823566,0.047653125,Curl Virus
augmented_Curl Virus0277.jpg,156.256871875,178.562271875,132.176584375,44.85096174814506,0.048928125,Curl Virus
augmented_Curl Virus0278.jpg,168.09449375,191.5283421875,142.8392859375,53.43646847663652,0.0495921875,Curl Virus
augmented_Curl Virus0279.jpg,157.500596875,181.3544828125,134.122965625,51.635310287838735,0.04843125,Curl Virus
augmented_Curl Virus0280.jpg,178.71436875,197.835175,159.7009359375,56.09709634638721,0.0431421875,Curl Virus
augmented_Curl Virus0281.jpg,148.724203125,173.110375,127.5491375,55.911668615398895,0.0579875,Curl Virus
augmented_Curl Virus0282.jpg,165.13649375,184.4567421875,139.4528921875,56.443850056660274,0.065809375,Curl Virus
augmented_Curl Virus0283.jpg,151.7674203125,169.9574828125,127.58101875,53.93684024681685,0.0644171875,Curl Virus
augmented_Curl Virus0284.jpg,163.580325,176.490053125,136.1833984375,53.741582730492375,0.047921875,Curl Virus
augmented_Curl Virus0285.jpg,170.015953125,182.639671875,145.0225734375,58.68746353564362,0.04843125,Curl Virus
augmented_Curl Virus0286.jpg,152.65871875,171.5622609375,131.1058640625,54.425133230290406,0.04446875,Curl Virus
augmented_Curl Virus0287.jpg,147.4530359375,164.594875,129.0482453125,59.62493369372326,0.359071875,Curl Virus
augmented_Curl Virus0288.jpg,160.852796875,177.218053125,141.357078125,60.15824433707013,0.04104375,Curl Virus
augmented_Curl Virus0289.jpg,159.847965625,173.3858125,136.240646875,55.76918841348043,0.0543765625,Curl Virus
augmented_Curl Virus0290.jpg,148.916125,167.7726109375,121.1603625,51.79323263834614,0.06505625,Curl Virus
augmented_Curl Virus0291.jpg,148.916125,167.7726109375,121.1603625,51.79323263834614,0.06505625,Curl Virus
augmented_Curl Virus0292.jpg,145.9645390625,161.051346875,121.887378125,57.71392175872157,0.3595546875,Curl Virus
augmented_Curl Virus0293.jpg,157.49895625,177.458853125,132.6389390625,57.70214775420532,0.0612203125,Curl Virus
augmented_Curl Virus0294.jpg,147.96301875,166.8396875,120.216925,51.74739527690015,0.0636875,Curl Virus
augmented_Curl Virus0295.jpg,177.5636640625,201.7332203125,162.7067515625,58.6557971054205,0.038165625,Curl Virus
augmented_Curl Virus0296.jpg,165.375609375,191.920540625,146.4111,54.41810133471214,0.0313828125,Curl Virus
augmented_Curl Virus0297.jpg,147.081565625,178.9472484375,145.023875,51.07078757521919,0.071396875,Curl Virus
augmented_Curl Virus0298.jpg,144.9289453125,169.8223546875,140.0519046875,59.721631640479174,0.3628546875,Curl Virus
augmented_Curl Virus0299.jpg,145.0182921875,169.8430734375,140.009734375,59.658855867065895,0.3626375,Curl Virus
augmented_Curl Virus0300.jpg,147.0797375,178.9373765625,145.0234296875,51.07497948824232,0.0712453125,Curl Virus
augmented_Curl Virus0301.jpg,148.430578125,181.160625,148.36464375,47.7146060469907,0.0473859375,Curl Virus
augmented_Curl Virus0302.jpg,148.430578125,181.160625,148.36464375,47.7146060469907,0.0473859375,Curl Virus
augmented_Curl Virus0303.jpg,164.85399375,193.8151484375,167.933803125,54.02328191733056,0.040584375,Curl Virus
augmented_Curl Virus0304.jpg,154.6800625,187.2588984375,157.9976296875,53.62620876772403,0.04495,Curl Virus
augmented_Curl Virus0305.jpg,151.613146875,172.672128125,140.00745,45.34968598208148,0.0528046875,Curl Virus
augmented_Curl Virus0306.jpg,149.7606546875,167.1619671875,136.50198125,54.59511179695945,0.3602875,Curl Virus
augmented_Curl Virus0307.jpg,149.7941265625,167.144115625,136.6670203125,54.570773021296276,0.3587484375,Curl Virus
augmented_Curl Virus0308.jpg,167.4226234375,186.5035296875,157.495025,55.1431175004128,0.048959375,Curl Virus
augmented_Curl Virus0309.jpg,167.6221,185.84778125,148.1920703125,50.697266161024466,0.0427421875,Curl Virus
augmented_Curl Virus0310.jpg,153.812759375,168.7098859375,135.38570625,57.3675478508562,0.3601875,Curl Virus
augmented_Curl Virus0311.jpg,180.1307046875,195.874940625,166.532821875,56.58406842469188,0.033946875,Curl Virus
augmented_Curl Virus0312.jpg,149.52596875,153.793178125,111.0627796875,58.5421625077885,0.0225890625,Curl Virus
augmented_Curl Virus0313.jpg,127.853834375,138.604584375,86.1760953125,67.44351611228744,0.03458125,Curl Virus
augmented_Curl Virus0314.jpg,115.823378125,127.1223203125,78.020846875,63.05719394934468,0.0320296875,Curl Virus
augmented_Curl Virus0315.jpg,115.8601640625,127.1740875,78.06038125,63.05502444373128,0.0321953125,Curl Virus
augmented_Curl Virus0316.jpg,115.8601640625,127.1740875,78.06038125,63.05502444373128,0.0321953125,Curl Virus
augmented_Curl Virus0317.jpg,137.717140625,149.672828125,108.1230390625,81.8134695187487,0.0336859375,Curl Virus
augmented_Curl Virus0318.jpg,130.4751484375,141.67343125,95.882934375,72.25850990956079,0.0308625,Curl Virus
augmented_Curl Virus0319.jpg,186.763046875,195.6391390625,145.5583578125,52.85741533939296,0.0356859375,Curl Virus
augmented_Curl Virus0320.jpg,158.5510484375,172.4964609375,146.458015625,56.887542232343186,0.357903125,Curl Virus
augmented_Curl Virus0321.jpg,176.1953046875,187.9239734375,163.647375,52.56618619419236,0.0077921875,Curl Virus
augmented_Curl Virus0322.jpg,169.5466875,181.3415734375,153.987415625,47.9967881099509,0.0080296875,Curl Virus
augmented_Curl Virus0323.jpg,141.0200640625,159.32024375,126.7881546875,58.92459004726449,0.01506875,Curl Virus
augmented_Curl Virus0324.jpg,165.1962125,171.1836375,134.5093984375,61.59526522715201,0.053571875,Curl Virus
augmented_Curl Virus0325.jpg,160.8747921875,167.153503125,130.9645203125,60.62477123220167,0.0531171875,Curl Virus
augmented_Curl Virus0326.jpg,160.9218390625,167.19310625,131.01044375,60.63126944154076,0.0537078125,Curl Virus
augmented_Curl Virus0327.jpg,171.87025625,179.659409375,145.3871734375,62.48501401283415,0.0496453125,Curl Virus
augmented_Curl Virus0328.jpg,167.0179984375,175.261040625,133.7547046875,58.37433535396666,0.046384375,Curl Virus
augmented_Curl Virus0329.jpg,151.39385,157.1164578125,131.44876875,59.51357071544158,0.3569421875,Curl Virus
augmented_Curl Virus0330.jpg,151.4304421875,157.1494359375,131.57044375,59.46954270812639,0.3571453125,Curl Virus
augmented_Curl Virus0331.jpg,167.2706140625,189.5955,140.129871875,59.00538010905623,0.025671875,Curl Virus
augmented_Curl Virus0332.jpg,138.5334421875,156.97926875,134.5438390625,67.2666452269697,0.3611953125,Curl Virus
augmented_Curl Virus0333.jpg,150.0473359375,171.247409375,139.5707296875,63.60695583778382,0.0233828125,Curl Virus
augmented_Curl Virus0334.jpg,150.0473359375,171.247409375,139.5707296875,63.60695583778382,0.0233828125,Curl Virus
augmented_Curl Virus0335.jpg,149.1335125,170.3523875,138.6502921875,63.71604266831745,0.0240890625,Curl Virus
augmented_Curl Virus0336.jpg,135.1067953125,137.075890625,116.789265625,64.73755262505554,0.358859375,Curl Virus
augmented_Curl Virus0337.jpg,135.05945625,137.083846875,116.79260625,64.75125465067846,0.3593359375,Curl Virus
augmented_Curl Virus0338.jpg,136.8646015625,142.1469421875,102.7095328125,63.935154765544574,0.0517625,Curl Virus
augmented_Curl Virus0339.jpg,145.2312890625,175.952109375,113.655384375,43.50302708236566,0.0534859375,Curl Virus
augmented_Curl Virus0340.jpg,143.9188109375,170.0422875,116.6241765625,53.56555743237724,0.357603125,Curl Virus
augmented_Curl Virus0341.jpg,152.3509578125,182.6550859375,124.6872421875,51.24651230912036,0.0550484375,Curl Virus
augmented_Curl Virus0342.jpg,152.3509578125,182.6550859375,124.6872421875,51.24651230912036,0.0550484375,Curl Virus
augmented_Curl Virus0343.jpg,144.23994375,175.0057421875,112.6574203125,43.4741211994352,0.05230625,Curl Virus
augmented_Curl Virus0344.jpg,140.51035625,176.9364265625,92.3421015625,40.36392603350979,0.3520265625,Curl Virus
augmented_Curl Virus0345.jpg,140.4268625,176.98644375,92.34390625,40.33153401137115,0.35241875,Curl Virus
augmented_Curl Virus0346.jpg,142.3861546875,178.9226265625,86.4244625,27.616442425860175,0.0457484375,Curl Virus
augmented_Curl Virus0347.jpg,157.30789375,190.29759375,106.6102390625,43.94141911684172,0.0407125,Curl Virus
augmented_Curl Virus0348.jpg,150.940328125,181.09421875,116.6503984375,46.41008383656617,0.357425,Curl Virus
augmented_Curl Virus0349.jpg,152.2289796875,181.2271203125,108.9194375,39.12205761257754,0.0353875,Curl Virus
augmented_Curl Virus0350.jpg,165.6581484375,189.60233125,124.5855234375,45.62152143972826,0.038315625,Curl Virus
augmented_Curl Virus0351.jpg,69.1485625,88.017996875,38.535434375,25.125788716961203,0.05825625,Curl Virus
augmented_Curl Virus0352.jpg,126.180665625,152.9379140625,85.553809375,52.65275987797296,0.3599703125,Curl Virus
augmented_Curl Virus0353.jpg,159.328409375,178.7411390625,109.3176265625,65.7937327294879,0.0946375,Curl Virus
augmented_Curl Virus0354.jpg,137.97809375,163.8340828125,86.438109375,57.85373534849337,0.1020015625,Curl Virus
augmented_Curl Virus0355.jpg,137.97809375,163.8340828125,86.438109375,57.85373534849337,0.1020015625,Curl Virus
augmented_Curl Virus0356.jpg,227.0096171875,236.694928125,143.0621046875,33.5997308809814,0.0174515625,Curl Virus
augmented_Curl Virus0357.jpg,183.915990625,204.8232390625,110.0990609375,37.55047100474395,0.05248125,Curl Virus
augmented_Curl Virus0358.jpg,163.8021828125,184.2000734375,97.3244703125,34.58546271089567,0.05755,Curl Virus
augmented_Curl Virus0359.jpg,143.998421875,158.20174375,89.0864265625,42.99433287145226,0.037540625,Curl Virus
augmented_Curl Virus0360.jpg,142.7329734375,154.609315625,100.350878125,50.80607227261052,0.3534796875,Curl Virus
augmented_Curl Virus0361.jpg,144.0027140625,158.2278734375,89.0813859375,42.9768744433016,0.0371828125,Curl Virus
augmented_Curl Virus0362.jpg,156.27165625,166.0031578125,91.0468453125,37.86126916055557,0.0500796875,Curl Virus
augmented_Curl Virus0363.jpg,156.27165625,166.0031578125,91.0468453125,37.86126916055557,0.0500796875,Curl Virus
augmented_Curl Virus0364.jpg,166.2673640625,175.77173125,105.878328125,45.86036276379263,0.0482703125,Curl Virus
augmented_Curl Virus0365.jpg,161.1575296875,172.99774375,102.099078125,48.14048725347357,0.0511671875,Curl Virus
augmented_Curl Virus0366.jpg,161.1575296875,172.99774375,102.099078125,48.14048725347357,0.0511671875,Curl Virus
augmented_Curl Virus0367.jpg,147.5126203125,173.882884375,96.1610953125,39.611308789068154,0.061309375,Curl Virus
augmented_Curl Virus0368.jpg,153.5762828125,174.22936875,103.5787015625,43.30008866395253,0.35329375,Curl Virus
augmented_Curl Virus0369.jpg,161.4084359375,187.2338078125,110.70114375,46.605753714598904,0.0345578125,Curl Virus
augmented_Curl Virus0370.jpg,174.6448625,197.6000140625,131.5123609375,52.78844553737847,0.0283875,Curl Virus
augmented_Curl Virus0371.jpg,176.61391875,198.7593,134.1395078125,53.51004460673111,0.02696875,Curl Virus
augmented_Curl Virus0372.jpg,86.4071390625,103.669175,49.97080625,28.613301286254718,0.03051875,Curl Virus
augmented_Curl Virus0373.jpg,126.714384375,149.159834375,73.622771875,42.356353553480716,0.043940625,Curl Virus
augmented_Curl Virus0374.jpg,176.7064328125,200.2036390625,112.52759375,44.66008879913682,0.0463921875,Curl Virus
augmented_Curl Virus0375.jpg,82.631340625,97.150528125,51.43704375,20.993152121025638,0.0110015625,Curl Virus
augmented_Curl Virus0376.jpg,152.7332046875,174.5614546875,96.3425296875,39.731006450134416,0.0476453125,Curl Virus
augmented_Curl Virus0377.jpg,160.3000484375,184.1232734375,112.2399375,51.665913769999854,0.0444859375,Curl Virus
augmented_Curl Virus0378.jpg,141.7273859375,160.5518046875,102.8974671875,55.3597472302825,0.3587890625,Curl Virus
augmented_Curl Virus0379.jpg,143.017565625,166.77456875,82.7946453125,47.721448592801615,0.0743265625,Curl Virus
augmented_Curl Virus0380.jpg,143.017565625,166.77456875,82.7946453125,47.721448592801615,0.0743265625,Curl Virus
augmented_Curl Virus0381.jpg,127.741440625,145.0966109375,100.40438125,65.7269251106564,0.36018125,Curl Virus
augmented_Curl Virus0382.jpg,156.333559375,174.9660640625,114.195396875,75.10589587767385,0.0465046875,Curl Virus
augmented_Curl Virus0383.jpg,128.251075,153.171703125,74.4364546875,61.89406111340016,0.0522328125,Curl Virus
augmented_Curl Virus0384.jpg,74.0025703125,86.654559375,48.7734390625,29.57220318313776,0.0196390625,Curl Virus
augmented_Curl Virus0385.jpg,138.0168859375,148.4127046875,106.82695625,61.528761783682874,0.3580609375,Curl Virus
augmented_Curl Virus0386.jpg,150.9431390625,167.8132296875,109.586815625,67.1576415693094,0.04080625,Curl Virus
augmented_Curl Virus0387.jpg,139.1651078125,167.831859375,71.06585625,36.35283102853166,0.075021875,Curl Virus
augmented_Curl Virus0388.jpg,139.1651078125,167.831859375,71.06585625,36.35283102853166,0.075021875,Curl Virus
augmented_Curl Virus0389.jpg,138.766925,163.73628125,88.567540625,46.65888707992662,0.355309375,Curl Virus
augmented_Curl Virus0390.jpg,152.39224375,181.676275,104.1873828125,38.88377838013268,0.1403890625,Curl Virus
augmented_Curl Virus0391.jpg,152.39224375,181.676275,104.1873828125,38.88377838013268,0.1403890625,Curl Virus
augmented_Curl Virus0392.jpg,151.4168515625,180.7238875,103.2684421875,38.83774932888869,0.138346875,Curl Virus
augmented_Curl Virus0393.jpg,151.4549484375,180.75573125,103.2486921875,38.81059802849464,0.1373546875,Curl Virus
augmented_Curl Virus0394.jpg,178.92509375,193.8064125,132.2502609375,30.320908758943897,0.0566015625,Curl Virus
augmented_Curl Virus0395.jpg,184.6207078125,197.4653296875,138.7089828125,36.441145426218185,0.0577578125,Curl Virus
augmented_Curl Virus0396.jpg,184.6207078125,197.4653296875,138.7089828125,36.441145426218185,0.0577578125,Curl Virus
augmented_Curl Virus0397.jpg,150.8843,169.3249984375,105.7361984375,55.58033471134364,0.076590625,Curl Virus
augmented_Curl Virus0398.jpg,124.6789453125,146.2447890625,80.417090625,63.60985746155139,0.1555828125,Curl Virus
augmented_Curl Virus0399.jpg,124.6789453125,146.2447890625,80.417090625,63.60985746155139,0.1555828125,Curl Virus
augmented_Curl Virus0400.jpg,177.3742546875,184.9056078125,125.518153125,34.171490323110284,0.0460765625,Curl Virus
augmented_Curl Virus0401.jpg,184.91684375,190.3436203125,136.1468625,40.14758260535868,0.0414953125,Curl Virus
augmented_Curl Virus0402.jpg,184.91684375,190.3436203125,136.1468625,40.14758260535868,0.0414953125,Curl Virus
augmented_Curl Virus0403.jpg,100.79650625,111.6466171875,67.6148140625,31.241762729010215,0.0787890625,Curl Virus
augmented_Curl Virus0404.jpg,153.2991515625,166.828628125,103.4885125,47.9512696713662,0.1089953125,Curl Virus
augmented_Curl Virus0405.jpg,163.9579,170.4649140625,110.0234140625,40.50510079119232,0.089165625,Curl Virus
augmented_Curl Virus0406.jpg,163.40766875,168.0250515625,115.2146421875,48.61270860073526,0.3534953125,Curl Virus
augmented_Curl Virus0407.jpg,141.5138,165.67604375,94.49461875,40.46076283554692,0.1168328125,Curl Virus
augmented_Curl Virus0408.jpg,141.492071875,165.6695890625,94.46779375,40.44235038641763,0.1163765625,Curl Virus
augmented_Curl Virus0409.jpg,141.507209375,165.674165625,94.4525046875,40.32961113562324,0.1143984375,Curl Virus
augmented_Curl Virus0410.jpg,141.524659375,165.69473125,94.471271875,40.29754571401872,0.1135171875,Curl Virus
augmented_Curl Virus0411.jpg,148.6134875,171.051615625,107.0163,59.659891693266765,0.36093125,Curl Virus
augmented_Curl Virus0412.jpg,153.9877984375,182.9840765625,95.6031234375,51.57517781006273,0.04893125,Curl Virus
augmented_Curl Virus0413.jpg,158.068940625,176.79745625,130.0264265625,72.12019994681552,0.3683921875,Curl Virus
augmented_Curl Virus0414.jpg,172.7357921875,207.57219375,132.334440625,58.58084036796795,0.0373234375,Curl Virus
augmented_Curl Virus0415.jpg,175.0011828125,215.6667875,136.5088265625,37.91450458308664,0.04839375,Curl Virus
augmented_Curl Virus0416.jpg,175.0011828125,215.6667875,136.5088265625,37.91450458308664,0.04839375,Curl Virus
augmented_Curl Virus0417.jpg,175.0077921875,215.6768296875,136.5115734375,37.84285473112675,0.0479484375,Curl Virus
augmented_Curl Virus0418.jpg,174.0605890625,214.7578296875,135.559475,37.879886244274765,0.0474,Curl Virus
augmented_Curl Virus0419.jpg,165.0496234375,193.20435,126.697734375,62.998036876948596,0.0242640625,Curl Virus
augmented_Curl Virus0420.jpg,151.8489359375,180.0841671875,102.7752828125,57.261079540952174,0.0262671875,Curl Virus
augmented_Curl Virus0421.jpg,82.53198125,100.8241359375,53.398815625,30.35403497674937,0.0162734375,Curl Virus
augmented_Curl Virus0422.jpg,165.5956484375,190.9543140625,114.304696875,62.26979967432923,0.022665625,Curl Virus
augmented_Curl Virus0423.jpg,165.04200625,190.662309375,113.399375,61.88676308194019,0.02281875,Curl Virus
augmented_Curl Virus0424.jpg,167.4223578125,191.8834640625,115.674209375,62.09857199051385,0.028659375,Curl Virus
augmented_Curl Virus0425.jpg,158.29990625,186.2618453125,103.5825078125,58.48163741071447,0.027878125,Curl Virus
augmented_Curl Virus0426.jpg,163.3893359375,188.9938046875,123.7712796875,66.01153981676202,0.043034375,Curl Virus
augmented_Curl Virus0427.jpg,134.2290046875,161.1266109375,89.9387546875,52.227758778925285,0.0393953125,Curl Virus
augmented_Curl Virus0428.jpg,146.5211515625,170.6142296875,107.08785625,58.1349299944074,0.030871875,Curl Virus
augmented_Curl Virus0429.jpg,152.944353125,178.959334375,120.6463203125,57.197328575248335,0.0402203125,Curl Virus
augmented_Curl Virus0430.jpg,173.9279203125,193.8107984375,133.519759375,49.445370461353455,0.041471875,Curl Virus
augmented_Curl Virus0431.jpg,173.9279203125,193.8107984375,133.519759375,49.445370461353455,0.041471875,Curl Virus
augmented_Curl Virus0432.jpg,100.7886421875,126.3061796875,79.3338390625,25.383405087975326,0.0290203125,Curl Virus
augmented_Curl Virus0433.jpg,157.344540625,193.28006875,125.0305765625,40.11145396090405,0.0543875,Curl Virus
augmented_Curl Virus0434.jpg,85.626290625,110.0306515625,62.0977890625,19.868327390739335,0.03901875,Curl Virus
augmented_Curl Virus0435.jpg,208.108034375,231.5452359375,169.0899921875,43.58045937238609,0.0335140625,Curl Virus
augmented_Curl Virus0436.jpg,162.8468734375,194.525128125,130.43020625,39.95666938939549,0.0576171875,Curl Virus
augmented_Curl Virus0437.jpg,174.724834375,202.8066265625,144.7923515625,48.39737128328568,0.056928125,Curl Virus
augmented_Curl Virus0438.jpg,135.1990953125,154.32273125,102.0186546875,66.49558019648292,0.3596671875,Curl Virus
augmented_Curl Virus0439.jpg,135.1645828125,154.294234375,102.1382734375,66.51683536595411,0.3595078125,Curl Virus
augmented_Curl Virus0440.jpg,142.238915625,170.625740625,91.01599375,62.709364806042984,0.042221875,Curl Virus
augmented_Curl Virus0441.jpg,143.6440421875,161.222328125,86.9111828125,60.63247162702868,0.0386203125,Curl Virus
augmented_Curl Virus0442.jpg,142.681690625,160.35903125,86.0187078125,60.762090007351794,0.038875,Curl Virus
augmented_Curl Virus0443.jpg,132.4946515625,157.9819015625,103.88821875,66.0920189855227,0.3604578125,Curl Virus
augmented_Curl Virus0444.jpg,158.934603125,184.967259375,119.692915625,69.21006966629909,0.0338078125,Curl Virus
augmented_Curl Virus0445.jpg,149.699315625,177.7980296875,107.283796875,67.54915032086545,0.0353296875,Curl Virus
augmented_Curl Virus0446.jpg,149.7170875,177.822146875,107.28788125,67.51313772829596,0.0364140625,Curl Virus
augmented_Curl Virus0447.jpg,85.3823484375,103.725528125,58.8660296875,38.39701193415929,0.0136296875,Curl Virus
augmented_Curl Virus0448.jpg,141.5622890625,167.4188984375,98.158340625,64.39328008933595,0.0334296875,Curl Virus
augmented_Curl Virus0449.jpg,140.6140015625,166.542734375,97.309615625,64.39563251188888,0.0331609375,Curl Virus
augmented_Curl Virus0450.jpg,140.5954171875,166.537859375,97.3058,64.39849818922288,0.034171875,Curl Virus
augmented_Curl Virus0451.jpg,149.8370125,176.9078796875,93.0172796875,53.36759106183821,0.0368453125,Curl Virus
augmented_Curl Virus0452.jpg,141.428128125,162.7002359375,104.879584375,55.832213374842,0.3537625,Curl Virus
augmented_Curl Virus0453.jpg,139.88539375,165.984875,86.1910296875,50.63034347690962,0.035015625,Curl Virus
augmented_Curl Virus0454.jpg,129.1387015625,151.4059328125,96.73723125,63.501784367365346,0.3578875,Curl Virus
augmented_Curl Virus0455.jpg,149.245696875,177.9949890625,107.7152703125,68.62526326807053,0.029278125,Curl Virus
augmented_Curl Virus0456.jpg,140.944825,171.47458125,97.8556796875,68.01027924465232,0.03166875,Curl Virus
augmented_Curl Virus0457.jpg,136.2013828125,157.1808125,107.544303125,62.06747212472028,0.3585609375,Curl Virus
augmented_Curl Virus0458.jpg,139.1813828125,168.1476296875,88.054021875,58.55620973140175,0.0344125,Curl Virus
augmented_Curl Virus0459.jpg,149.890815625,177.7451890625,104.11420625,65.04417503650778,0.0319203125,Curl Virus
augmented_Curl Virus0460.jpg,149.111521875,171.9754890625,104.687728125,60.748228963969495,0.032965625,Curl Virus
augmented_Curl Virus0461.jpg,147.7409859375,171.366315625,104.724959375,61.58342302021143,0.0357453125,Curl Virus
augmented_Curl Virus0462.jpg,147.7409859375,171.366315625,104.724959375,61.58342302021143,0.0357453125,Curl Virus
augmented_Curl Virus0463.jpg,136.8684359375,161.7070140625,88.2692140625,53.91829803251947,0.0358890625,Curl Virus
augmented_Curl Virus0464.jpg,136.8357484375,169.864140625,87.6759796875,59.74598064736556,0.0540359375,Curl Virus
augmented_Curl Virus0465.jpg,127.199196875,154.6972203125,86.756803125,60.70376926426931,0.05781875,Curl Virus
augmented_Curl Virus0466.jpg,122.6340109375,143.8222765625,97.5657296875,62.47881375253833,0.3567234375,Curl Virus
augmented_Curl Virus0467.jpg,127.220575,154.7321375,86.7697140625,60.69757366365355,0.0576484375,Curl Virus
augmented_Curl Virus0468.jpg,154.4129234375,177.208834375,111.519178125,61.38768808245659,0.0547421875,Curl Virus
augmented_Curl Virus0469.jpg,121.5830640625,141.4275953125,114.8412546875,65.538855202272,0.35779375,Curl Virus
augmented_Curl Virus0470.jpg,111.290134375,142.18811875,91.4031640625,69.42022500692728,0.0381078125,Curl Virus
augmented_Curl Virus0471.jpg,111.2163796875,138.194353125,103.0389796875,75.0167550783904,0.0312421875,Curl Virus
augmented_Curl Virus0472.jpg,122.9975578125,150.7079015625,116.273134375,85.13513968280269,0.03860625,Curl Virus
augmented_Curl Virus0473.jpg,143.5599640625,168.6373765625,140.01039375,88.05014757554954,0.03703125,Curl Virus
augmented_Curl Virus0474.jpg,140.97735,166.15931875,137.404396875,86.8001842020747,0.034415625,Curl Virus
augmented_Curl Virus0475.jpg,123.0608953125,153.6866734375,118.0903015625,75.61201381705413,0.02765,Curl Virus
augmented_Curl Virus0476.jpg,131.8732578125,150.87761875,135.9306328125,71.1908042859605,0.363884375,Curl Virus
augmented_Curl Virus0477.jpg,131.7338328125,150.8578640625,135.7491546875,71.23059854515827,0.3641,Curl Virus
augmented_Curl Virus0478.jpg,123.1065546875,153.7322390625,118.120725,75.59668941190878,0.02720625,Curl Virus
augmented_Curl Virus0479.jpg,123.1065546875,153.7322390625,118.120725,75.59668941190878,0.02720625,Curl Virus
augmented_Curl Virus0480.jpg,154.2342359375,177.30913125,154.569415625,83.99177973135737,0.0163421875,Curl Virus
augmented_Curl Virus0481.jpg,122.373675,152.89351875,117.5990671875,75.60483142937322,0.0267453125,Curl Virus
augmented_Curl Virus0482.jpg,122.36751875,152.8815125,117.58490625,75.60346081318266,0.02689375,Curl Virus
augmented_Curl Virus0483.jpg,153.444775,178.104878125,139.5898234375,84.48860972474868,0.035740625,Curl Virus
augmented_Curl Virus0484.jpg,121.9098390625,147.84738125,122.594740625,77.77458585042277,0.031353125,Curl Virus
augmented_Curl Virus0485.jpg,131.11169375,145.7469828125,132.6322484375,72.65204272816945,0.3602,Curl Virus
augmented_Curl Virus0486.jpg,121.9286796875,147.8495484375,122.6056203125,77.77037324507377,0.03144375,Curl Virus
augmented_Curl Virus0487.jpg,146.3868578125,170.65746875,154.88705625,79.7524804681793,0.0255171875,Curl Virus
augmented_Curl Virus0488.jpg,142.51425,167.7057734375,152.611259375,80.58280356970093,0.0258734375,Curl Virus
augmented_Curl Virus0489.jpg,98.471575,121.3472640625,69.95480625,68.36569712291757,0.008275,Curl Virus
augmented_Curl Virus0490.jpg,73.2522734375,99.8193703125,42.8890453125,39.59907684954943,0.0080453125,Curl Virus
augmented_Curl Virus0491.jpg,167.75793125,172.396446875,112.6958046875,45.62302484692121,0.02824375,Curl Virus
augmented_Curl Virus0492.jpg,173.832465625,178.7992203125,122.3585453125,50.85893828320029,0.027284375,Curl Virus
augmented_Curl Virus0493.jpg,129.561946875,144.627021875,95.313746875,38.70389353192471,0.02334375,Curl Virus
augmented_Curl Virus0494.jpg,174.982740625,190.3537734375,129.6606703125,50.004865984549674,0.033621875,Curl Virus
augmented_Curl Virus0495.jpg,162.7955796875,180.8161515625,127.056925,53.23654094383523,0.030628125,Curl Virus
augmented_Curl Virus0496.jpg,155.104584375,172.0491640625,114.433625,46.740158894930154,0.03119375,Curl Virus
augmented_Curl Virus0497.jpg,147.926471875,172.3491625,102.4443703125,49.31937279889671,0.085421875,Curl Virus
augmented_Curl Virus0498.jpg,161.322821875,184.343634375,129.20344375,59.390995420150986,0.0854921875,Curl Virus
augmented_Curl Virus0499.jpg,126.744596875,150.9414734375,92.4439109375,52.657856580513204,0.35468125,Curl Virus
augmented_Curl Virus0500.jpg,127.79218125,153.1633015625,86.06089375,45.440064596801164,0.040834375,Curl Virus
augmented_Curl Virus0501.jpg,126.854434375,152.2326890625,85.051203125,45.475603448455864,0.0411953125,Curl Virus
augmented_Curl Virus0502.jpg,142.652590625,166.49959375,94.308871875,46.87157657081767,0.0624328125,Curl Virus
augmented_Curl Virus0503.jpg,115.3896265625,139.4567828125,87.9967890625,66.73479269572505,0.0627078125,Curl Virus
augmented_Curl Virus0504.jpg,115.3896265625,139.4567828125,87.9967890625,66.73479269572505,0.0627078125,Curl Virus
augmented_Curl Virus0505.jpg,114.6093203125,138.6317265625,87.315396875,66.8515913991546,0.0618078125,Curl Virus
augmented_Curl Virus0506.jpg,141.1780703125,167.983653125,99.803646875,49.82805539431186,0.3527546875,Curl Virus
augmented_Curl Virus0507.jpg,141.2619078125,168.0877984375,99.7900203125,49.79244769185075,0.35395,Curl Virus
augmented_Curl Virus0508.jpg,141.218040625,168.02860625,99.692759375,49.80008606272527,0.3537375,Curl Virus
augmented_Curl Virus0509.jpg,152.9973,179.537596875,107.6121609375,48.72477434167859,0.03928125,Curl Virus
augmented_Curl Virus0510.jpg,152.9973,179.537596875,107.6121609375,48.72477434167859,0.03928125,Curl Virus
augmented_Curl Virus0511.jpg,140.776484375,168.8125390625,89.648959375,40.76462739291748,0.0391953125,Curl Virus
augmented_Curl Virus0512.jpg,145.5129765625,169.6502203125,93.4059828125,38.103799687261265,0.045678125,Curl Virus
augmented_Curl Virus0513.jpg,145.5129765625,169.6502203125,93.4059828125,38.103799687261265,0.045678125,Curl Virus
augmented_Curl Virus0514.jpg,145.5129765625,169.6502203125,93.4059828125,38.103799687261265,0.045678125,Curl Virus
augmented_Curl Virus0515.jpg,172.2641015625,193.384415625,133.230159375,53.7410715708487,0.040996875,Curl Virus
augmented_Curl Virus0516.jpg,157.68383125,180.2301796875,110.570515625,46.06581226316469,0.046784375,Curl Virus
augmented_Curl Virus0517.jpg,144.5880828125,168.7328484375,92.467475,37.94127932699917,0.04451875,Curl Virus
augmented_Curl Virus0518.jpg,157.4356421875,171.2928984375,110.571334375,40.98784577902607,0.0840375,Curl Virus
augmented_Curl Virus0519.jpg,155.6469640625,165.286896875,111.6600890625,51.06174550203747,0.3554453125,Curl Virus
augmented_Curl Virus0520.jpg,157.4100015625,171.2967765625,110.55344375,40.973288741137786,0.0841953125,Curl Virus
augmented_Curl Virus0521.jpg,157.4100015625,171.2967765625,110.55344375,40.973288741137786,0.0841953125,Curl Virus
augmented_Curl Virus0522.jpg,163.7325671875,178.3414046875,120.509203125,45.443591210922655,0.08393125,Curl Virus
augmented_Curl Virus0523.jpg,118.304246875,131.0450046875,79.4059046875,32.9771925409574,0.06391875,Curl Virus
augmented_Curl Virus0524.jpg,151.296959375,166.12830625,106.8118890625,51.297403469422925,0.3562515625,Curl Virus
augmented_Curl Virus0525.jpg,154.008253125,169.0704265625,104.326934375,42.988198941491824,0.0726765625,Curl Virus
augmented_Curl Virus0526.jpg,131.2478890625,156.7223078125,94.690978125,60.66119112546095,0.3575859375,Curl Virus
augmented_Curl Virus0527.jpg,147.215734375,179.798290625,90.7605859375,60.338316579277326,0.05755625,Curl Virus
augmented_Curl Virus0528.jpg,147.215734375,179.798290625,90.7605859375,60.338316579277326,0.05755625,Curl Virus
augmented_Curl Virus0529.jpg,138.651971875,181.765434375,85.8199625,52.46818710949437,0.0494421875,Curl Virus
augmented_Curl Virus0530.jpg,132.208184375,152.93704375,92.970015625,60.637218586038514,0.3575328125,Curl Virus
augmented_Curl Virus0531.jpg,150.4608765625,183.8891390625,88.563825,53.96949377707474,0.020453125,Curl Virus
augmented_Curl Virus0532.jpg,152.38886875,187.195590625,100.1356,58.80309750258398,0.053159375,Curl Virus
augmented_Curl Virus0533.jpg,154.5335515625,188.4394015625,101.2465046875,58.41923411327003,0.057309375,Curl Virus
augmented_Curl Virus0534.jpg,143.7501375,171.455796875,103.7121359375,62.657994456214126,0.361046875,Curl Virus
augmented_Curl Virus0535.jpg,142.0722921875,180.0918296875,96.432971875,50.00606588702375,0.055434375,Curl Virus
augmented_Curl Virus0536.jpg,137.984559375,174.0117421875,87.4361828125,56.71099389207948,0.058634375,Curl Virus
augmented_Curl Virus0537.jpg,137.9957453125,174.02716875,87.446653125,56.70359816070788,0.05866875,Curl Virus
augmented_Curl Virus0538.jpg,148.14965625,181.1183515625,101.3276390625,62.978632141055584,0.05965,Curl Virus
augmented_Curl Virus0539.jpg,175.1032140625,196.8778671875,111.981278125,58.16688959794373,0.0239984375,Curl Virus
augmented_Curl Virus0540.jpg,134.2353125,153.5233703125,98.7400609375,62.782377547942076,0.3589828125,Curl Virus
augmented_Curl Virus0541.jpg,178.129753125,213.10960625,112.449515625,52.18999015857831,0.04243125,Curl Virus
augmented_Curl Virus0542.jpg,159.5423140625,195.5465609375,119.29605625,64.12786618439348,0.065525,Curl Virus
augmented_Curl Virus0543.jpg,158.4183625,194.766515625,117.66730625,63.863335774367435,0.06710625,Curl Virus
augmented_Curl Virus0544.jpg,142.872921875,182.285434375,97.0639109375,60.93169808029386,0.06690625,Curl Virus
augmented_Curl Virus0545.jpg,145.5708078125,186.233065625,106.3615921875,55.90249537090225,0.36109375,Curl Virus
augmented_Curl Virus0546.jpg,166.09845625,209.974790625,124.1314484375,50.329625432965386,0.0386375,Curl Virus
augmented_Curl Virus0547.jpg,144.246003125,195.312190625,95.4547921875,42.70655981859298,0.03681875,Curl Virus
augmented_Curl Virus0548.jpg,135.036253125,175.2279421875,86.2741375,57.28850206956038,0.0728625,Curl Virus
augmented_Curl Virus0549.jpg,133.9332984375,163.0240453125,100.4604625,64.8595611894483,0.3602,Curl Virus
augmented_Curl Virus0550.jpg,133.86539375,162.994403125,100.4869125,64.81573008979322,0.36040625,Curl Virus
augmented_Curl Virus0551.jpg,135.036565625,175.2470359375,86.2730953125,57.28540412395563,0.0727875,Curl Virus
augmented_Curl Virus0552.jpg,113.689665625,138.1896046875,112.867871875,64.66459507202939,0.3591078125,Curl Virus
augmented_Curl Virus0553.jpg,128.3553125,156.511103125,112.7549640625,78.8668954096348,0.0225328125,Curl Virus
augmented_Curl Virus0554.jpg,119.6648671875,150.50281875,103.98136875,73.67141440307343,0.0226078125,Curl Virus
augmented_Curl Virus0555.jpg,108.9061453125,143.2787359375,97.3740390625,66.63189255346045,0.0211234375,Curl Virus
augmented_Curl Virus0556.jpg,125.766309375,151.1281109375,78.245521875,50.47717747345059,0.014684375,Curl Virus
augmented_Curl Virus0557.jpg,153.75921875,172.254809375,129.6099421875,60.18300443603404,0.09188125,Curl Virus
augmented_Curl Virus0558.jpg,153.75921875,172.254809375,129.6099421875,60.18300443603404,0.09188125,Curl Virus
augmented_Curl Virus0559.jpg,153.75921875,172.254809375,129.6099421875,60.18300443603404,0.09188125,Curl Virus
augmented_Curl Virus0560.jpg,167.761025,196.30376875,130.3912078125,63.2956864942553,0.0599421875,Curl Virus
augmented_Curl Virus0561.jpg,143.35076875,170.3633578125,110.81604375,58.900491147192135,0.05718125,Curl Virus
augmented_Curl Virus0562.jpg,149.549078125,175.3708453125,117.9327265625,62.417903496232555,0.054871875,Curl Virus
augmented_Curl Virus0563.jpg,157.3272625,173.6619,130.747721875,56.634209170658075,0.357146875,Curl Virus
augmented_Curl Virus0564.jpg,151.6818046875,167.47171875,128.779034375,61.479679519561884,0.3576609375,Curl Virus
augmented_Curl Virus0565.jpg,156.92194375,175.4517390625,125.63560625,54.34499700527932,0.0504453125,Curl Virus
augmented_Curl Virus0566.jpg,182.7984640625,197.7674984375,157.281015625,58.36670695270437,0.05235,Curl Virus
augmented_Curl Virus0567.jpg,178.8622640625,194.165965625,152.4102625,58.942758229289915,0.0520828125,Curl Virus
augmented_Curl Virus0568.jpg,171.3023125,187.5197125,143.3080765625,59.0604020162766,0.05184375,Curl Virus
augmented_Curl Virus0569.jpg,156.0068,174.5786078125,124.705140625,54.30212554013833,0.050675,Curl Virus
augmented_Curl Virus0570.jpg,156.0300953125,174.605603125,124.73006875,54.30050677458964,0.0510578125,Curl Virus
augmented_Curl Virus0571.jpg,156.0100609375,174.652259375,124.678028125,54.09562539953913,0.051815625,Curl Virus
augmented_Curl Virus0572.jpg,146.0848625,166.2907046875,108.306578125,68.49330885287033,0.0582875,Curl Virus
augmented_Curl Virus0573.jpg,141.6160421875,161.503178125,104.7600125,66.84912481929805,0.05818125,Curl Virus
augmented_Curl Virus0574.jpg,139.706403125,156.9497484375,91.0459390625,50.91018668226513,0.09233125,Curl Virus
augmented_Curl Virus0575.jpg,169.6002078125,182.6616609375,117.4694890625,52.57113469357122,0.0704125,Curl Virus
augmented_Curl Virus0576.jpg,169.6002078125,182.6616609375,117.4694890625,52.57113469357122,0.0704125,Curl Virus
augmented_Curl Virus0577.jpg,165.462478125,195.424446875,131.8131953125,48.80128121077241,0.0098734375,Curl Virus
augmented_Curl Virus0578.jpg,155.10496875,189.0081234375,116.9113984375,43.43713261903518,0.0114046875,Curl Virus
augmented_Curl Virus0579.jpg,170.367415625,196.77529375,137.5544078125,44.243708002734664,0.0465359375,Curl Virus
augmented_Curl Virus0580.jpg,185.6846328125,207.89316875,159.979546875,50.025698324559755,0.0458625,Curl Virus
augmented_Curl Virus0581.jpg,154.3061609375,183.75309375,123.840378125,65.66697927130804,0.1161296875,Curl Virus
augmented_Curl Virus0582.jpg,143.12399375,172.0544078125,111.71055625,59.03082475693842,0.09083125,Curl Virus
augmented_Curl Virus0583.jpg,155.8331046875,186.725421875,121.152971875,65.29887853902886,0.0960796875,Curl Virus
augmented_Curl Virus0584.jpg,142.8114734375,172.6547125,110.610621875,62.17013196169335,0.099846875,Curl Virus
augmented_Curl Virus0585.jpg,142.8061125,172.6367625,110.6087703125,62.180830837323434,0.0996828125,Curl Virus
augmented_Curl Virus0586.jpg,154.0555796875,182.13813125,124.3959109375,65.59492239163188,0.0944640625,Curl Virus
augmented_Curl Virus0587.jpg,155.2191453125,182.1986453125,126.55245625,64.73380274987464,0.0929390625,Curl Virus
augmented_Curl Virus0588.jpg,160.5469703125,186.6076109375,127.6520890625,54.287017523644266,0.0262359375,Curl Virus
augmented_Curl Virus0589.jpg,166.42621875,187.255709375,122.6566015625,44.60923610498857,0.02853125,Curl Virus
augmented_Curl Virus0590.jpg,98.93501875,111.0495390625,71.49856875,25.303499531212513,0.0231859375,Curl Virus
augmented_Curl Virus0591.jpg,183.9749859375,202.54049375,151.6342484375,53.5620226820635,0.0433015625,Curl Virus
augmented_Curl Virus0592.jpg,156.979303125,177.0630984375,112.356009375,58.089642942293885,0.049628125,Curl Virus
augmented_Curl Virus0593.jpg,165.3667015625,183.691959375,123.952540625,61.482522824595385,0.04676875,Curl Virus
augmented_Curl Virus0594.jpg,71.488071875,89.5330984375,48.233621875,33.13137166496209,0.0009296875,Curl Virus
augmented_Curl Virus0595.jpg,105.1581765625,129.095675,71.5509546875,49.601463483937636,0.0032515625,Curl Virus
augmented_Curl Virus0596.jpg,96.6367359375,118.5139609375,62.6839515625,45.23723630602456,0.0250171875,Curl Virus
augmented_Curl Virus0597.jpg,131.4245734375,158.954503125,85.90609375,61.97284745565927,0.036578125,Curl Virus
augmented_Curl Virus0598.jpg,153.9598109375,177.92616875,121.0987484375,74.22214089757479,0.0346890625,Curl Virus
augmented_Curl Virus0599.jpg,138.477821875,165.79815625,98.5311140625,67.83343137579433,0.034846875,Curl Virus
augmented_Curl Virus0600.jpg,191.1579125,216.7403234375,136.954490625,62.70927431179556,0.0500796875,Curl Virus
augmented_Curl Virus0601.jpg,144.387628125,162.7704734375,114.652265625,63.09480034696532,0.36084375,Curl Virus
augmented_Curl Virus0602.jpg,153.16641875,176.2171484375,111.105234375,64.14587043959084,0.046375,Curl Virus
augmented_Curl Virus0603.jpg,161.4196765625,188.50285625,126.5082875,62.009272427787856,0.0353515625,Curl Virus
augmented_Curl Virus0604.jpg,160.432696875,186.23318125,130.6323203125,66.76435410037844,0.03819375,Curl Virus
augmented_Curl Virus0605.jpg,142.9220375,161.176778125,95.9257234375,55.46209967399118,0.102125,Curl Virus
augmented_Curl Virus0606.jpg,142.9220375,161.176778125,95.9257234375,55.46209967399118,0.102125,Curl Virus
augmented_Curl Virus0607.jpg,120.784159375,141.5198890625,79.6679609375,53.39086113690244,0.0789875,Curl Virus
augmented_Curl Virus0608.jpg,145.9289265625,166.8918328125,105.461084375,66.90052336123264,0.0809609375,Curl Virus
augmented_Curl Virus0609.jpg,141.7795578125,164.5553015625,95.451840625,55.38590566312313,0.0272984375,Curl Virus
augmented_Curl Virus0610.jpg,140.845725,163.6608484375,94.6457375,55.3998544471026,0.0281015625,Curl Virus
augmented_Curl Virus0611.jpg,140.8047328125,163.6156921875,94.5908671875,55.41362021050826,0.0304171875,Curl Virus
augmented_Curl Virus0612.jpg,140.814465625,163.6212234375,94.600409375,55.4164120863998,0.0291625,Curl Virus
augmented_Curl Virus0613.jpg,108.494159375,125.3826703125,89.2157140625,54.80121333755845,0.351940625,Curl Virus
augmented_Curl Virus0614.jpg,98.7641203125,122.745925,64.9625390625,50.86236631330696,0.02681875,Curl Virus
augmented_Curl Virus0615.jpg,159.18893125,182.98549375,115.877896875,57.02130736222437,0.0461578125,Curl Virus
augmented_Curl Virus0616.jpg,147.9186328125,176.3971609375,103.6050578125,53.03503758289101,0.0367546875,Curl Virus
augmented_Curl Virus0617.jpg,145.522178125,163.0262765625,113.68715,61.624314365822954,0.3620203125,Curl Virus
augmented_Curl Virus0618.jpg,157.77275,179.240459375,124.316659375,65.71587318917116,0.0837046875,Curl Virus
augmented_Curl Virus0619.jpg,156.55521875,177.7601984375,118.9131578125,62.88496746574627,0.086065625,Curl Virus
augmented_Curl Virus0620.jpg,152.6225859375,172.24636875,121.9190015625,58.142283056844754,0.361825,Curl Virus
augmented_Curl Virus0621.jpg,173.8298984375,192.8664484375,145.7809625,60.94750722032681,0.0608578125,Curl Virus
augmented_Curl Virus0622.jpg,173.2992234375,192.57125,145.160934375,60.756439848210945,0.061003125,Curl Virus
augmented_Curl Virus0623.jpg,154.2636546875,178.3909796875,117.9448890625,50.6415300482701,0.0702625,Curl Virus
augmented_Curl Virus0624.jpg,151.007740625,164.3565,115.7026828125,45.03053033228386,0.0974,Curl Virus
augmented_Curl Virus0625.jpg,151.007740625,164.3565,115.7026828125,45.03053033228386,0.0974,Curl Virus
augmented_Curl Virus0626.jpg,150.0262421875,163.625259375,114.688015625,44.683916910338,0.096575,Curl Virus
augmented_Curl Virus0627.jpg,125.5479484375,135.793509375,91.55183125,44.60037971315719,0.155271875,Curl Virus
augmented_Curl Virus0628.jpg,148.0776296875,156.8082265625,113.5685125,57.26589446826043,0.3619671875,Curl Virus
augmented_Curl Virus0629.jpg,150.0813015625,160.493615625,109.7930984375,50.806175642319516,0.1559109375,Curl Virus
augmented_Curl Virus0630.jpg,141.256446875,152.3808796875,109.4189640625,52.7039224241422,0.0684625,Curl Virus
augmented_Curl Virus0631.jpg,150.2983265625,159.016046875,122.8428328125,62.19670852610599,0.362146875,Curl Virus
augmented_Curl Virus0632.jpg,150.27363125,158.9379875,122.8648125,62.151714457787435,0.3620875,Curl Virus
augmented_Curl Virus0633.jpg,150.24540625,158.9197421875,122.8494921875,62.1482147930415,0.3626875,Curl Virus
augmented_Curl Virus0634.jpg,150.6201875,168.31719375,113.6150296875,56.3260881988858,0.0936375,Curl Virus
augmented_Curl Virus0635.jpg,145.6996421875,159.3308265625,116.416359375,61.56323190602163,0.3633734375,Curl Virus
augmented_Curl Virus0636.jpg,151.58664375,170.1827671875,116.439996875,60.65337965156205,0.0720765625,Curl Virus
augmented_Curl Virus0637.jpg,142.607409375,162.226159375,103.441896875,54.68962828430263,0.0741703125,Curl Virus
augmented_Curl Virus0638.jpg,142.61345,162.2334765625,103.4224171875,54.60418823003634,0.07501875,Curl Virus
augmented_Curl Virus0639.jpg,145.3008359375,166.4385953125,106.0495078125,59.83861804331765,0.103103125,Curl Virus
augmented_Curl Virus0640.jpg,152.5092640625,171.59820625,116.3851765625,64.83487718288187,0.0955171875,Curl Virus
augmented_Curl Virus0641.jpg,148.8073890625,172.7823828125,141.429728125,67.85081717143129,0.0646953125,Curl Virus
augmented_Curl Virus0642.jpg,154.2258421875,177.516721875,148.22659375,70.06123429619329,0.07000625,Curl Virus
augmented_Curl Virus0643.jpg,130.38100625,152.7536828125,121.5506359375,66.31915388202617,0.3631328125,Curl Virus
augmented_Curl Virus0644.jpg,130.478740625,152.8314765625,121.539196875,66.27230350686659,0.3622984375,Curl Virus
augmented_Curl Virus0645.jpg,131.9772796875,158.277046875,128.9162921875,64.42446404252637,0.115078125,Curl Virus
augmented_Curl Virus0646.jpg,139.5162234375,164.4936203125,135.5463125,70.35338864397801,0.111521875,Curl Virus
augmented_Curl Virus0647.jpg,142.103578125,162.31929375,121.0965640625,77.65008983945157,0.0772453125,Curl Virus
augmented_Curl Virus0648.jpg,133.9294109375,157.034659375,118.729590625,70.03607609087152,0.0760109375,Curl Virus
augmented_Curl Virus0649.jpg,125.4511875,147.1685734375,116.080315625,67.52695391644214,0.3609140625,Curl Virus
augmented_Curl Virus0650.jpg,126.8420359375,151.8811828125,121.5518859375,66.11162627692636,0.05685625,Curl Virus
augmented_Curl Virus0651.jpg,154.485828125,183.22484375,119.9014140625,59.81606550363169,0.1314984375,Curl Virus
augmented_Curl Virus0652.jpg,120.142209375,143.90623125,97.66708125,59.438896582790676,0.0869171875,Curl Virus
augmented_Curl Virus0653.jpg,120.142209375,143.90623125,97.66708125,59.438896582790676,0.0869171875,Curl Virus
augmented_Curl Virus0654.jpg,127.620959375,150.535603125,117.173378125,68.55930597739406,0.3612453125,Curl Virus
augmented_Curl Virus0655.jpg,129.8209609375,156.918590625,117.7927671875,67.95135175949996,0.066521875,Curl Virus
augmented_Curl Virus0656.jpg,136.429271875,161.5580515625,119.6997078125,74.84513044531951,0.0579703125,Curl Virus
augmented_Curl Virus0657.jpg,135.7608296875,161.074990625,119.379984375,74.18883434964364,0.057659375,Curl Virus
augmented_Curl Virus0658.jpg,128.9076296875,156.0273078125,117.0246515625,67.96809839177742,0.0585890625,Curl Virus
augmented_Curl Virus0659.jpg,128.4447140625,152.8726328125,96.2130359375,71.5811108513048,0.0892609375,Curl Virus
augmented_Curl Virus0660.jpg,97.0147140625,120.6621671875,65.256075,36.73121656262822,0.0724625,Curl Virus
augmented_Curl Virus0661.jpg,74.9100359375,94.1412890625,50.508571875,27.77750476738084,0.0422578125,Curl Virus
augmented_Curl Virus0662.jpg,123.796853125,152.5193484375,85.529425,52.61530998064513,0.360984375,Curl Virus
augmented_Curl Virus0663.jpg,134.890103125,160.5870359375,125.4095140625,72.64437248265263,0.0692671875,Curl Virus
augmented_Curl Virus0664.jpg,124.65800625,152.5975046875,114.743025,65.5721525874313,0.072034375,Curl Virus
augmented_Curl Virus0665.jpg,127.06236875,153.177375,94.237475,44.71719948038552,0.0470359375,Curl Virus
augmented_Curl Virus0666.jpg,125.97961875,151.1839375,93.24288125,51.35784299026994,0.3563671875,Curl Virus
augmented_Curl Virus0667.jpg,171.57534375,199.32030625,189.202940625,70.99313723052957,0.050984375,Curl Virus
augmented_Curl Virus0668.jpg,175.4826953125,201.3367,189.391628125,72.98603975161534,0.0508015625,Curl Virus
augmented_Curl Virus0669.jpg,110.1164453125,131.6235359375,144.3861953125,39.14811849579866,0.0116703125,Curl Virus
augmented_Curl Virus0670.jpg,168.5274328125,192.9749703125,207.8125734375,62.53881767768289,0.0207484375,Curl Virus
augmented_Curl Virus0671.jpg,169.1377703125,193.9373875,211.26158125,60.51540715413909,0.0195421875,Curl Virus
augmented_Curl Virus0672.jpg,153.23514375,170.846375,148.8591078125,72.69007762381257,0.3652921875,Curl Virus
augmented_Curl Virus0673.jpg,156.903175,179.8914171875,163.5201359375,80.49414831829385,0.0637,Curl Virus
augmented_Curl Virus0674.jpg,138.7070984375,162.1255984375,147.1856765625,79.02509229461205,0.049740625,Curl Virus
augmented_Curl Virus0675.jpg,140.91314375,155.2633890625,142.1830890625,78.22862881994051,0.3637171875,Curl Virus
augmented_Curl Virus0676.jpg,140.28783125,163.0324984375,147.0958875,80.46548364700216,0.0461859375,Curl Virus
augmented_Curl Virus0677.jpg,137.810215625,161.2144171875,146.4199234375,79.00487025813457,0.046525,Curl Virus
augmented_Curl Virus0678.jpg,151.1086203125,174.5279359375,161.870359375,78.440491775804,0.0431984375,Curl Virus
augmented_Curl Virus0679.jpg,140.8158,166.6430640625,152.514375,76.40130777882763,0.04306875,Curl Virus
augmented_Curl Virus0680.jpg,128.7924453125,149.63546875,113.7800953125,74.04702519677501,0.366765625,Curl Virus
augmented_Curl Virus0681.jpg,137.5614484375,163.9465453125,130.34175625,77.30587832911749,0.1243109375,Curl Virus
augmented_Curl Virus0682.jpg,84.119540625,102.8701890625,71.91385,50.07433702635516,0.0473046875,Curl Virus
augmented_Curl Virus0683.jpg,122.1675140625,140.3891671875,109.9486296875,70.55029869102641,0.36525,Curl Virus
augmented_Curl Virus0684.jpg,104.2604265625,119.390265625,89.4138109375,62.77061326958984,0.36086875,Curl Virus
augmented_Curl Virus0685.jpg,118.038065625,135.8249796875,89.251990625,77.60415348286097,0.0592015625,Curl Virus
augmented_Curl Virus0686.jpg,118.038065625,135.8249796875,89.251990625,77.60415348286097,0.0592015625,Curl Virus
augmented_Curl Virus0687.jpg,140.1183796875,160.3139625,138.3923765625,76.23458199346611,0.056421875,Curl Virus
augmented_Curl Virus0688.jpg,135.5641859375,157.3161765625,136.0148734375,82.0889645370149,0.077453125,Curl Virus
augmented_Curl Virus0689.jpg,127.526684375,150.78890625,129.885259375,75.52537260086835,0.0719203125,Curl Virus
augmented_Curl Virus0690.jpg,122.1162765625,148.0634984375,122.202909375,72.76733700384462,0.07755,Curl Virus
augmented_Curl Virus0691.jpg,125.4941703125,145.054190625,122.67106875,71.5179665248486,0.3636296875,Curl Virus
augmented_Curl Virus0692.jpg,122.103821875,148.0608640625,122.1725828125,72.73672762360154,0.07631875,Curl Virus
augmented_Curl Virus0693.jpg,148.3424734375,169.8080859375,151.86938125,79.37321836880466,0.0616921875,Curl Virus
augmented_Curl Virus0694.jpg,130.5170609375,151.526290625,154.984028125,53.20954118538645,0.0199875,Curl Virus
augmented_Curl Virus0695.jpg,151.995453125,175.23208125,180.2557015625,62.251537210443814,0.022809375,Curl Virus
augmented_Curl Virus0696.jpg,141.30800625,158.1621234375,148.57241875,70.06011813874692,0.35783125,Curl Virus
augmented_Curl Virus0697.jpg,144.0963875,165.4696703125,150.5790375,75.3143764093308,0.0194953125,Curl Virus
augmented_Curl Virus0698.jpg,146.15626875,167.134215625,152.49251875,76.55848165200088,0.01988125,Curl Virus
augmented_Curl Virus0699.jpg,157.24650625,176.4678625,166.2396234375,78.3103611633965,0.0160640625,Curl Virus
augmented_Curl Virus0700.jpg,137.181003125,159.7188609375,145.1682875,70.39321480433853,0.0222,Curl Virus
augmented_Curl Virus0701.jpg,151.967815625,177.3608109375,170.400621875,81.03649428430883,0.0226265625,Curl Virus
augmented_Curl Virus0702.jpg,155.4547875,179.07306875,170.447140625,83.3815640111828,0.0237328125,Curl Virus
augmented_Curl Virus0703.jpg,100.696684375,118.9468671875,119.0415390625,43.33499327702184,0.01034375,Curl Virus
augmented_Curl Virus0704.jpg,188.3696328125,209.15010625,198.35600625,77.08463981126663,0.0227375,Curl Virus
augmented_Curl Virus0705.jpg,170.531575,195.921740625,192.0774953125,73.30157550881596,0.02059375,Curl Virus
augmented_Curl Virus0706.jpg,154.963134375,171.9950625,167.258721875,67.36046892744417,0.358653125,Curl Virus
augmented_Curl Virus0707.jpg,156.8664078125,179.08524375,179.7313125,69.9388267185634,0.019134375,Curl Virus
augmented_Curl Virus0708.jpg,150.7816203125,174.98683125,177.52319375,65.91382779178416,0.0173953125,Curl Virus
augmented_Curl Virus0709.jpg,155.1905296875,181.5142984375,184.083953125,70.63430141087488,0.029296875,Curl Virus
augmented_Curl Virus0710.jpg,149.660921875,173.8913796875,169.710965625,71.8625274789624,0.01656875,Curl Virus
augmented_Curl Virus0711.jpg,149.6513203125,173.90199375,169.715825,71.84787739990016,0.016078125,Curl Virus
augmented_Curl Virus0712.jpg,145.8057359375,173.90623125,150.6420421875,65.97248637235005,0.0530375,Curl Virus
augmented_Curl Virus0713.jpg,143.75061875,167.235946875,145.872440625,68.12343661180901,0.362075,Curl Virus
augmented_Curl Virus0714.jpg,145.82576875,173.91706875,150.6746859375,65.96385761931366,0.0524171875,Curl Virus
augmented_Curl Virus0715.jpg,142.72955,173.7088890625,148.698371875,73.33950789785577,0.0146234375,Curl Virus
augmented_Curl Virus0716.jpg,171.3697671875,199.047103125,186.700671875,72.6851499948679,0.02045625,Curl Virus
augmented_Curl Virus0717.jpg,139.604734375,163.601046875,137.36454375,67.44817021866498,0.360021875,Curl Virus
augmented_Curl Virus0718.jpg,145.78625625,172.801,143.7818765625,68.60036064210617,0.0314734375,Curl Virus
augmented_Curl Virus0719.jpg,141.6949671875,165.0752203125,152.0086171875,67.97959142176624,0.0151296875,Curl Virus
augmented_Curl Virus0720.jpg,142.3951578125,160.6421765625,152.1208859375,69.87473359980451,0.3573671875,Curl Virus
augmented_Curl Virus0721.jpg,141.9105453125,163.2603921875,140.3982625,71.38563786848667,0.3631984375,Curl Virus
augmented_Curl Virus0722.jpg,144.9680953125,172.2312078125,144.2814671875,71.4839751541447,0.026884375,Curl Virus
augmented_Curl Virus0723.jpg,137.1978953125,166.833540625,137.5888140625,78.01939706858204,0.024525,Curl Virus
augmented_Curl Virus0724.jpg,137.216953125,166.840103125,137.5630234375,77.9999729068773,0.0241828125,Curl Virus
augmented_Curl Virus0725.jpg,144.7933421875,172.490571875,141.454821875,83.33316967648504,0.0244328125,Curl Virus
augmented_Curl Virus0726.jpg,145.43211875,166.063809375,141.2422359375,73.2503270103434,0.366721875,Curl Virus
augmented_Curl Virus0727.jpg,144.7265203125,175.49409375,155.394840625,74.57859520291903,0.0273703125,Curl Virus
augmented_Curl Virus0728.jpg,151.341578125,180.0417265625,159.6167671875,78.49187546292056,0.0269890625,Curl Virus
augmented_Curl Virus0729.jpg,139.6660421875,166.732065625,127.585746875,78.10349641314056,0.0238640625,Curl Virus
augmented_Curl Virus0730.jpg,127.6558078125,153.88458125,128.9238296875,63.92599740533842,0.0199890625,Curl Virus
augmented_Curl Virus0731.jpg,129.5078984375,151.593871875,135.616753125,66.24876562869292,0.3545421875,Curl Virus
augmented_Curl Virus0732.jpg,127.664125,153.8980203125,128.9244921875,63.905925548402365,0.0196796875,Curl Virus
augmented_Curl Virus0733.jpg,126.8214734375,152.892925,128.26068125,63.96950507581894,0.0182546875,Curl Virus
augmented_Curl Virus0734.jpg,128.5770640625,161.699628125,140.6490171875,75.03256439644923,0.04786875,Curl Virus
augmented_Curl Virus0735.jpg,127.7597140625,160.851465625,139.974003125,75.03292745660039,0.042990625,Curl Virus
augmented_Curl Virus0736.jpg,102.04206875,124.396046875,115.5517796875,50.48769796897222,0.02769375,Curl Virus
augmented_Curl Virus0737.jpg,145.0005609375,173.390790625,160.779103125,71.9056480978065,0.0494296875,Curl Virus
augmented_Curl Virus0738.jpg,141.5821265625,161.959225,134.8905515625,73.06308120110043,0.3648578125,Curl Virus
augmented_Curl Virus0739.jpg,149.8185640625,176.2121390625,162.70994375,75.65157921858601,0.049278125,Curl Virus
augmented_Curl Virus0740.jpg,144.175075,172.439871875,160.043325,71.959791488446,0.0458390625,Curl Virus
augmented_Curl Virus0741.jpg,114.8836609375,141.232153125,121.1645125,71.58419195687954,0.0496171875,Curl Virus
augmented_Curl Virus0742.jpg,128.220790625,147.602428125,118.9301359375,78.63749003914988,0.3663625,Curl Virus
augmented_Curl Virus0743.jpg,128.5293921875,157.2290703125,133.1747359375,80.60631854325999,0.0493625,Curl Virus
augmented_Curl Virus0744.jpg,140.9010109375,163.8595328125,145.1544109375,75.81657392872616,0.0542265625,Curl Virus
augmented_Curl Virus0745.jpg,153.6453671875,171.089340625,145.94819375,74.56478149816691,0.3691640625,Curl Virus
augmented_Curl Virus0746.jpg,152.93615,182.22055,172.2855015625,74.24036598547629,0.0340328125,Curl Virus
augmented_Curl Virus0747.jpg,152.93615,182.22055,172.2855015625,74.24036598547629,0.0340328125,Curl Virus
augmented_Curl Virus0748.jpg,134.3769046875,158.34275,133.1333,78.82129469565552,0.1049203125,Curl Virus
augmented_Curl Virus0749.jpg,134.8677109375,150.9347609375,128.73933125,76.32960747425206,0.366053125,Curl Virus
augmented_Curl Virus0750.jpg,133.408859375,157.445184375,132.2951546875,78.71120634429124,0.0980359375,Curl Virus
augmented_Curl Virus0751.jpg,191.36600625,212.35580625,178.509446875,75.71572337127957,0.0520078125,Curl Virus
augmented_Curl Virus0752.jpg,146.991078125,163.7378296875,149.181625,72.10288759785831,0.3653,Curl Virus
augmented_Curl Virus0753.jpg,169.302040625,190.0661703125,184.4901046875,72.71452878309101,0.022325,Curl Virus
augmented_Curl Virus0754.jpg,147.1260546875,168.6203890625,169.5043828125,62.684928909036024,0.354734375,Curl Virus
augmented_Curl Virus0755.jpg,147.22871875,168.702625,169.70048125,62.64834199258089,0.3535328125,Curl Virus
augmented_Curl Virus0756.jpg,147.2002328125,168.618540625,169.52359375,62.63537122895685,0.353953125,Curl Virus
augmented_Curl Virus0757.jpg,149.2342875,175.575465625,179.7519609375,63.155358882382245,0.0105828125,Curl Virus
augmented_Curl Virus0758.jpg,143.162546875,170.7206390625,175.5412890625,60.09432152856631,0.01153125,Curl Virus
augmented_Curl Virus0759.jpg,137.16409375,166.0539328125,160.0726375,75.21237376370904,0.030490625,Curl Virus
augmented_Curl Virus0760.jpg,134.7389640625,159.9209046875,130.7724578125,57.76813428835503,0.06665,Curl Virus
augmented_Curl Virus0761.jpg,145.7983015625,159.93205,148.4774453125,86.8960447520374,0.3737390625,Curl Virus
augmented_Curl Virus0762.jpg,159.595575,180.6295515625,150.9501484375,88.84677400467156,0.013178125,Curl Virus
augmented_Curl Virus0763.jpg,158.6476,180.1508921875,150.0346671875,88.07046503328797,0.013428125,Curl Virus
augmented_Curl Virus0764.jpg,158.6476,180.1508921875,150.0346671875,88.07046503328797,0.013428125,Curl Virus
augmented_Curl Virus0765.jpg,168.288696875,193.71553125,153.767171875,87.39141294836084,0.023121875,Curl Virus
augmented_Curl Virus0766.jpg,149.7985046875,171.97273125,137.3506453125,89.85940206210977,0.016925,Curl Virus
augmented_Curl Virus0767.jpg,148.9440046875,171.126671875,136.653965625,89.86994423075741,0.01643125,Curl Virus
augmented_Curl Virus0768.jpg,112.420496875,142.6996125,88.4852375,79.26049278575302,0.0249453125,Curl Virus
augmented_Curl Virus0769.jpg,111.71655,141.9982765625,87.7975625,79.57778791839073,0.0244703125,Curl Virus
augmented_Curl Virus0770.jpg,89.5610703125,118.65108125,90.6659546875,65.04840233943555,0.359175,Curl Virus
augmented_Curl Virus0771.jpg,111.7567015625,143.930775,88.1324109375,80.99506778185535,0.0302390625,Curl Virus
augmented_Curl Virus0772.jpg,130.69279375,157.7192140625,109.98858125,88.66186587459768,0.023128125,Curl Virus
augmented_Curl Virus0773.jpg,133.7713640625,160.2176453125,113.7877046875,89.47185275616623,0.02283125,Curl Virus
augmented_Curl Virus0774.jpg,132.1552859375,175.9380109375,106.829846875,64.85721583661191,0.0353625,Curl Virus
augmented_Curl Virus0775.jpg,115.1705578125,146.9952734375,99.395775,59.07034850509782,0.354378125,Curl Virus
augmented_Curl Virus0776.jpg,126.6026609375,152.2570546875,113.896271875,86.89608260848743,0.0084015625,Curl Virus
augmented_Curl Virus0777.jpg,119.090553125,150.773815625,107.565278125,84.35137506757967,0.0223328125,Curl Virus
augmented_Curl Virus0778.jpg,130.2225484375,159.3425171875,106.17209375,66.71426780025,0.0198046875,Curl Virus
augmented_Curl Virus0779.jpg,125.02510625,152.0931203125,106.905084375,68.44942492547982,0.3608546875,Curl Virus
augmented_Curl Virus0780.jpg,125.07504375,152.0664,107.136378125,68.47926617024122,0.3604078125,Curl Virus
augmented_Curl Virus0781.jpg,106.20160625,129.5616296875,84.8084234375,53.764185520217296,0.0187,Curl Virus
augmented_Curl Virus0782.jpg,128.090815625,156.4354921875,102.3469828125,65.62112048488919,0.0229703125,Curl Virus
augmented_Curl Virus0783.jpg,121.6340984375,148.6337328125,100.055409375,65.84677231354108,0.3618,Curl Virus
augmented_Curl Virus0784.jpg,111.2093890625,137.64819375,75.6271140625,56.27997798575986,0.0275390625,Curl Virus
augmented_Curl Virus0785.jpg,83.9694046875,106.8179875,54.797784375,38.915892655396185,0.019384375,Curl Virus
augmented_Curl Virus0786.jpg,110.0866,138.4579875,71.2762796875,51.46559945181411,0.0299875,Curl Virus
augmented_Curl Virus0787.jpg,109.260309375,137.579534375,70.4777453125,51.53896560495429,0.0280921875,Curl Virus
augmented_Curl Virus0788.jpg,109.2166375,137.5494734375,70.42484375,51.520024962197056,0.028815625,Curl Virus
augmented_Curl Virus0789.jpg,111.3610671875,139.8935265625,67.5264546875,50.24531870713936,0.0527109375,Curl Virus
augmented_Curl Virus0790.jpg,106.703228125,134.7401078125,74.498153125,51.44507217859956,0.3579296875,Curl Virus
augmented_Curl Virus0791.jpg,106.6571765625,134.693528125,74.530009375,51.50746772445272,0.3586421875,Curl Virus
augmented_Curl Virus0792.jpg,151.1077390625,174.9895671875,137.5587296875,62.9334115283082,0.02053125,Curl Virus
augmented_Curl Virus0793.jpg,151.46329375,173.5653328125,140.2904828125,70.70906355700896,0.3677484375,Curl Virus
augmented_Curl Virus0794.jpg,157.6904734375,182.2875640625,143.479184375,65.73150961975418,0.02110625,Curl Virus
augmented_Curl Virus0795.jpg,156.883090625,181.4920453125,142.7440890625,65.77910117571938,0.0208140625,Curl Virus
augmented_Curl Virus0796.jpg,156.886365625,181.4901015625,142.7708984375,65.79302248572725,0.021175,Curl Virus
augmented_Curl Virus0797.jpg,124.2305203125,155.2365203125,91.787659375,63.1738365846605,0.019525,Curl Virus
augmented_Curl Virus0798.jpg,124.185784375,155.20139375,91.7224921875,63.15372450408394,0.01936875,Curl Virus
augmented_Curl Virus0799.jpg,146.0431984375,172.3079703125,118.5527875,74.15199324355942,0.0143109375,Curl Virus
augmented_Curl Virus0800.jpg,125.72348125,156.3595625,92.2964375,65.9363125500459,0.0202640625,Curl Virus
augmented_Curl Virus0801.jpg,123.1391796875,154.163328125,90.739821875,63.1377305110203,0.019790625,Curl Virus
augmented_Curl Virus0802.jpg,159.2465234375,199.630109375,107.61283125,55.219174543557195,0.0317046875,Curl Virus
augmented_Curl Virus0803.jpg,120.78625,150.1136390625,100.11428125,65.78733180164241,0.3615921875,Curl Virus
augmented_Curl Virus0804.jpg,132.885628125,161.29403125,103.992815625,64.74447870276393,0.0221984375,Curl Virus
augmented_Curl Virus0805.jpg,68.1875015625,91.10830625,37.618046875,26.386504116714,0.017078125,Curl Virus
augmented_Curl Virus0806.jpg,101.1819328125,132.91798125,55.4212578125,39.826489861515114,0.0313109375,Curl Virus
augmented_Curl Virus0807.jpg,99.6626125,130.770709375,69.6685359375,46.54344519208448,0.352434375,Curl Virus
augmented_Curl Virus0808.jpg,116.6505625,145.9067546875,74.076,60.97312259413385,0.0265328125,Curl Virus
augmented_Curl Virus0809.jpg,78.0217375,102.0421296875,49.188734375,33.9614215352599,0.006221875,Curl Virus
augmented_Curl Virus0810.jpg,104.7607015625,135.0296859375,75.68291875,50.973747369153536,0.352446875,Curl Virus
augmented_Curl Virus0811.jpg,104.746134375,135.109128125,75.79455625,50.96297157373185,0.3524875,Curl Virus
augmented_Curl Virus0812.jpg,113.0905140625,143.1804765625,73.7846859375,55.160432086060545,0.0111421875,Curl Virus
augmented_Curl Virus0813.jpg,113.0905140625,143.1804765625,73.7846859375,55.160432086060545,0.0111421875,Curl Virus
augmented_Curl Virus0814.jpg,106.2518765625,137.492490625,66.2015953125,47.49419368695889,0.0137984375,Curl Virus
augmented_Curl Virus0815.jpg,106.2186015625,137.4808625,65.9043453125,47.315305517711444,0.0111984375,Curl Virus
augmented_Curl Virus0816.jpg,130.5907140625,158.1675484375,91.8394203125,63.322430602309986,0.007271875,Curl Virus
augmented_Curl Virus0817.jpg,117.2807734375,147.45146875,73.56048125,52.21556670333182,0.00779375,Curl Virus
augmented_Curl Virus0818.jpg,128.8254953125,156.869615625,89.5418328125,62.19447931259448,0.007096875,Curl Virus
augmented_Curl Virus0819.jpg,134.27985625,172.0293453125,86.27936875,42.47826753964707,0.0272796875,Curl Virus
augmented_Curl Virus0820.jpg,133.1043796875,164.0170515625,126.25103125,84.27306389957862,0.01045625,Curl Virus
augmented_Curl Virus0821.jpg,134.4431203125,164.94590625,127.19154375,85.65509709094388,0.0111421875,Curl Virus
augmented_Curl Virus0822.jpg,106.87938125,142.860634375,93.7768140625,65.36655690736166,0.356875,Curl Virus
augmented_Curl Virus0823.jpg,106.866846875,142.8431296875,93.6395,65.24778924443277,0.3566359375,Curl Virus
augmented_Curl Virus0824.jpg,126.772934375,171.297721875,91.3641859375,67.93473279555832,0.015325,Curl Virus
augmented_Curl Virus0825.jpg,114.4091984375,152.480503125,86.0311546875,72.02854385292333,0.012134375,Curl Virus
augmented_Curl Virus0826.jpg,120.820071875,157.2237671875,93.8489765625,75.78777136418093,0.0116453125,Curl Virus
augmented_Curl Virus0827.jpg,113.574209375,151.5684859375,85.2029703125,72.09516964934373,0.0122015625,Curl Virus
augmented_Curl Virus0828.jpg,83.22480625,106.6981796875,67.035528125,52.38239167764139,0.0060953125,Curl Virus
augmented_Curl Virus0829.jpg,116.246128125,154.0005359375,81.0265421875,75.06099306269611,0.0148734375,Curl Virus
augmented_Curl Virus0830.jpg,116.11268125,142.465109375,118.15094375,76.57389090732843,0.3623828125,Curl Virus
augmented_Curl Virus0831.jpg,132.3877296875,164.126184375,111.57648125,83.79842974663636,0.0126703125,Curl Virus
augmented_Curl Virus0832.jpg,132.3877296875,164.126184375,111.57648125,83.79842974663636,0.0126703125,Curl Virus
augmented_Curl Virus0833.jpg,132.3877296875,164.126184375,111.57648125,83.79842974663636,0.0126703125,Curl Virus
augmented_Curl Virus0834.jpg,133.4448015625,164.827475,112.334196875,85.2957184176367,0.01370625,Curl Virus
augmented_Curl Virus0835.jpg,83.77913125,127.7479515625,47.3614328125,57.00412735312975,0.0118390625,Curl Virus
augmented_Curl Virus0836.jpg,153.8818,178.0866265625,146.2078828125,85.6977548776696,0.0248421875,Curl Virus
augmented_Curl Virus0837.jpg,142.9626265625,165.8978515625,135.6868859375,79.44803989214269,0.02220625,Curl Virus
augmented_Curl Virus0838.jpg,147.0995859375,169.4883890625,140.139034375,83.62521910988717,0.023178125,Curl Virus
augmented_Curl Virus0839.jpg,142.267503125,165.22340625,135.1942765625,79.57728950096444,0.0187984375,Curl Virus
augmented_Curl Virus0840.jpg,135.012603125,160.8082140625,133.4518015625,100.77855407369667,0.020190625,Curl Virus
augmented_Curl Virus0841.jpg,135.523896875,161.16454375,133.7112328125,101.31889007915105,0.019065625,Curl Virus
augmented_Curl Virus0842.jpg,132.203590625,159.2089984375,125.9966171875,98.4632437498797,0.0145859375,Curl Virus
augmented_Curl Virus0843.jpg,87.9793671875,114.7689421875,86.4614390625,66.86251675246325,0.3596421875,Curl Virus
augmented_Curl Virus0844.jpg,113.6407234375,131.795309375,114.90680625,83.07297995054265,0.3658578125,Curl Virus
augmented_Curl Virus0845.jpg,119.684390625,149.2289890625,112.4606421875,92.35029536445005,0.0136890625,Curl Virus
augmented_Curl Virus0846.jpg,80.8032390625,114.965053125,74.480496875,51.532470654535736,0.3569796875,Curl Virus
augmented_Curl Virus0847.jpg,80.8431515625,114.9417671875,74.2042109375,51.55703399794252,0.357665625,Curl Virus
augmented_Curl Virus0848.jpg,106.082253125,140.551934375,92.00645625,76.13709051732474,0.035384375,Curl Virus
augmented_Curl Virus0849.jpg,91.16415,129.5308,75.4730359375,65.53612648920263,0.04084375,Curl Virus
augmented_Curl Virus0850.jpg,91.16415,129.5308,75.4730359375,65.53612648920263,0.04084375,Curl Virus
augmented_Curl Virus0851.jpg,108.1215859375,138.706953125,100.150071875,93.33921273846612,0.01718125,Curl Virus
augmented_Curl Virus0852.jpg,85.290346875,126.6807703125,72.281690625,61.2901592225165,0.04268125,Curl Virus
augmented_Curl Virus0853.jpg,75.8303609375,108.6289921875,71.460934375,52.57628221482651,0.3577171875,Curl Virus
augmented_Curl Virus0854.jpg,75.8110859375,108.80599375,71.4788734375,52.6815319718917,0.3569359375,Curl Virus
augmented_Curl Virus0855.jpg,142.2001703125,164.515028125,135.0921265625,76.85049655476638,0.0196625,Curl Virus
augmented_Curl Virus0856.jpg,133.2458296875,160.9181625,110.085925,78.01633962685293,0.03613125,Curl Virus
augmented_Curl Virus0857.jpg,129.6035359375,157.9203625,105.4265578125,76.71712856860452,0.037084375,Curl Virus
augmented_Curl Virus0858.jpg,143.238646875,168.448528125,122.3375640625,81.05238339550895,0.0342359375,Curl Virus
augmented_Curl Virus0859.jpg,141.688325,166.1547265625,124.5813828125,77.4536318574766,0.0231140625,Curl Virus
augmented_Curl Virus0860.jpg,148.157378125,170.8529625,131.95914375,79.66353324961904,0.02241875,Curl Virus
augmented_Curl Virus0861.jpg,148.5069046875,169.102909375,128.0578609375,77.7405719696567,0.020159375,Curl Virus
augmented_Curl Virus0862.jpg,141.0017703125,162.7527234375,119.1329171875,76.06722766849991,0.0184890625,Curl Virus
augmented_Curl Virus0863.jpg,125.5133515625,150.0302171875,98.853228125,70.21108879802993,0.0240234375,Curl Virus
augmented_Curl Virus0864.jpg,125.5044171875,150.0101359375,98.83836875,70.22516313441072,0.02425625,Curl Virus
augmented_Curl Virus0865.jpg,111.5682390625,140.1358921875,74.242171875,58.35581191761236,0.0431390625,Curl Virus
augmented_Curl Virus0866.jpg,96.4548984375,125.297628125,82.4164953125,58.076810321208114,0.352209375,Curl Virus
augmented_Curl Virus0867.jpg,110.67284375,139.75779375,87.0128453125,71.62552857528668,0.0094640625,Curl Virus
augmented_Curl Virus0868.jpg,113.67381875,140.82595,95.755175,64.78321531624314,0.0504421875,Curl Virus
augmented_Curl Virus0869.jpg,92.5193125,124.8010703125,68.15055625,51.85061785435084,0.0263,Curl Virus
augmented_Curl Virus0870.jpg,110.191071875,140.0220546875,88.310921875,69.96799040945439,0.0371515625,Curl Virus
augmented_Curl Virus0871.jpg,106.1769671875,136.71586875,84.63890625,66.57267640506409,0.0408640625,Curl Virus
augmented_Curl Virus0872.jpg,76.9013171875,99.3090921875,61.9001984375,48.1349999302529,0.0160359375,Curl Virus
augmented_Curl Virus0873.jpg,108.7766265625,136.322209375,87.8465125,72.17921776338177,0.0254359375,Curl Virus
augmented_Curl Virus0874.jpg,102.6627328125,131.0760328125,82.209690625,65.55034473642424,0.02508125,Curl Virus
augmented_Curl Virus0875.jpg,117.9078078125,148.9274,110.1451296875,68.14123075043496,0.0242875,Curl Virus
augmented_Curl Virus0876.jpg,117.9078078125,148.9274,110.1451296875,68.14123075043496,0.0242875,Curl Virus
augmented_Curl Virus0877.jpg,92.6881703125,118.176196875,85.5283953125,50.154222676476145,0.0120859375,Curl Virus
augmented_Curl Virus0878.jpg,121.728365625,154.3133328125,112.70534375,66.63208303775026,0.0161671875,Curl Virus
augmented_Curl Virus0879.jpg,121.7806984375,154.3544921875,112.790478125,66.64679230250603,0.0161046875,Curl Virus
augmented_Curl Virus0880.jpg,120.86561875,153.493896875,111.7584453125,66.7256219868163,0.0158203125,Curl Virus
augmented_Curl Virus0881.jpg,139.335440625,158.088275,139.954028125,72.38850405293967,0.3576640625,Curl Virus
augmented_Curl Virus0882.jpg,127.6837140625,152.94434375,114.3490734375,71.17637006113647,0.019090625,Curl Virus
augmented_Curl Virus0883.jpg,124.159990625,151.866671875,111.4850890625,85.2993482634557,0.01733125,Curl Virus
augmented_Curl Virus0884.jpg,73.6835109375,90.471221875,74.7168078125,46.2063294323711,0.0030765625,Curl Virus
augmented_Curl Virus0885.jpg,135.385140625,159.6376484375,135.0209125,86.26935881933618,0.0063875,Curl Virus
augmented_Curl Virus0886.jpg,138.8522125,150.1412765625,145.3869796875,84.11786988553412,0.3692359375,Curl Virus
augmented_Curl Virus0887.jpg,73.0436796875,95.569525,69.35485,55.721359357228025,0.004734375,Curl Virus
augmented_Curl Virus0888.jpg,128.338234375,168.1642984375,116.7972671875,78.52103239408662,0.013490625,Curl Virus
augmented_Curl Virus0889.jpg,103.83893125,133.4687140625,98.2375234375,80.23773804747846,0.007884375,Curl Virus
augmented_Curl Virus0890.jpg,103.8632578125,133.4745140625,98.2685828125,80.23692297731353,0.007815625,Curl Virus
augmented_Curl Virus0891.jpg,151.169775,186.8796359375,136.3490546875,84.429265444053,0.025684375,Curl Virus
augmented_Curl Virus0892.jpg,139.4678953125,166.9173921875,129.25143125,95.00049693714958,0.01808125,Curl Virus
augmented_Curl Virus0893.jpg,139.465928125,166.9103578125,129.239446875,94.99377309468963,0.0180203125,Curl Virus
augmented_Curl Virus0894.jpg,139.465928125,166.9103578125,129.239446875,94.99377309468963,0.0180203125,Curl Virus
augmented_Curl Virus0895.jpg,139.465928125,166.9103578125,129.239446875,94.99377309468963,0.0180203125,Curl Virus
augmented_Curl Virus0896.jpg,148.77235625,174.3547875,139.7277203125,96.49403216778259,0.0151359375,Curl Virus
augmented_Curl Virus0897.jpg,138.7813453125,166.2994015625,128.767503125,95.31033052932604,0.0181140625,Curl Virus
augmented_Curl Virus0898.jpg,102.46883125,128.948571875,107.340640625,73.25746443397662,0.360265625,Curl Virus
augmented_Curl Virus0899.jpg,143.8487515625,173.8744203125,128.35383125,90.26681741612245,0.033465625,Curl Virus
augmented_Curl Virus0900.jpg,151.3397296875,174.737784375,140.28970625,97.00979739457294,0.0218703125,Curl Virus
augmented_Curl Virus0901.jpg,151.5812109375,174.790384375,141.1232609375,97.68761187417374,0.0233765625,Curl Virus
augmented_Curl Virus0902.jpg,98.351428125,128.680671875,87.0407625,80.68338136136286,0.0131484375,Curl Virus
augmented_Curl Virus0903.jpg,106.0572984375,135.404765625,95.47863125,87.48745287402552,0.0123046875,Curl Virus
augmented_Curl Virus0904.jpg,135.652709375,161.2751984375,121.431003125,87.17988169658808,0.0089078125,Curl Virus
augmented_Curl Virus0905.jpg,135.652709375,161.2751984375,121.431003125,87.17988169658808,0.0089078125,Curl Virus
augmented_Curl Virus0906.jpg,135.652709375,161.2751984375,121.431003125,87.17988169658808,0.0089078125,Curl Virus
augmented_Curl Virus0907.jpg,163.3205296875,185.3020375,155.182365625,92.94889303054775,0.0158328125,Curl Virus
augmented_Curl Virus0908.jpg,161.936790625,184.38678125,153.9003,92.54431377682916,0.0165,Curl Virus
augmented_Curl Virus0909.jpg,126.8327125,156.5733703125,114.091153125,90.67542916181642,0.0167375,Curl Virus
augmented_Curl Virus0910.jpg,90.3518609375,113.1991078125,82.8231015625,65.21913551405494,0.0094890625,Curl Virus
augmented_Curl Virus0911.jpg,140.359175,178.3860859375,122.990625,80.07772122522569,0.0256359375,Curl Virus
augmented_Curl Virus0912.jpg,133.800425,162.3118484375,121.230221875,92.10551699473353,0.0155046875,Curl Virus
augmented_Curl Virus0913.jpg,127.3641765625,157.2721796875,114.484315625,90.90963889442166,0.016375,Curl Virus
augmented_Curl Virus0914.jpg,149.1360578125,171.363465625,127.2311625,73.42421103253173,0.0127859375,Curl Virus
augmented_Curl Virus0915.jpg,110.892884375,138.7463625,100.562915625,66.56536491726456,0.3607578125,Curl Virus
augmented_Curl Virus0916.jpg,117.8583875,147.2947546875,74.3984375,68.75779329262242,0.0197390625,Curl Virus
augmented_Curl Virus0917.jpg,117.879078125,147.304515625,74.4196828125,68.76907766089035,0.0204390625,Curl Virus
augmented_Curl Virus0918.jpg,122.079090625,150.908615625,81.9697125,67.96997870162514,0.0213765625,Curl Virus
augmented_Curl Virus0919.jpg,136.1678359375,161.653521875,102.2000546875,75.87883222792857,0.0199703125,Curl Virus
augmented_Curl Virus0920.jpg,121.083028125,150.1088078125,81.3415265625,68.11611302636274,0.0216328125,Curl Virus
augmented_Curl Virus0921.jpg,111.2612265625,141.9577640625,62.6993046875,58.40781049445436,0.0213625,Curl Virus
augmented_Curl Virus0922.jpg,98.9315015625,131.992925,46.0847609375,43.69074832306259,0.020696875,Curl Virus
augmented_Curl Virus0923.jpg,131.3613671875,163.602846875,109.61015625,74.22530626412737,0.0334390625,Curl Virus
augmented_Curl Virus0924.jpg,123.2412421875,149.7726328125,107.9262140625,70.14551415487797,0.36265625,Curl Virus
augmented_Curl Virus0925.jpg,132.0210984375,163.888840625,109.61689375,75.04144730986586,0.0325296875,Curl Virus
augmented_Curl Virus0926.jpg,139.8077359375,170.0894375,118.169265625,78.50018301953834,0.031465625,Curl Virus
augmented_Curl Virus0927.jpg,136.99216875,164.3935421875,120.623909375,70.9582874887062,0.02806875,Curl Virus
augmented_Curl Virus0928.jpg,127.0812921875,138.551025,136.963434375,80.6699921005266,0.3618625,Curl Virus
augmented_Curl Virus0929.jpg,120.287153125,149.8629359375,123.495434375,90.34984631540922,0.0108234375,Curl Virus
augmented_Curl Virus0930.jpg,126.037171875,160.3424390625,129.0448140625,85.10540669734851,0.0081828125,Curl Virus
augmented_Curl Virus0931.jpg,136.95473125,153.2345234375,145.22110625,83.69703034861423,0.36653125,Curl Virus
augmented_Curl Virus0932.jpg,125.229590625,159.5003203125,128.4049171875,85.13069951733216,0.0075984375,Curl Virus
augmented_Curl Virus0933.jpg,104.0732890625,127.6894671875,110.11625625,58.86115750648663,0.004034375,Curl Virus
augmented_Curl Virus0934.jpg,138.6518078125,167.36511875,146.46516875,79.27936772170004,0.007228125,Curl Virus
augmented_Curl Virus0935.jpg,138.6553671875,167.362121875,146.4692578125,79.29062996381643,0.007059375,Curl Virus
augmented_Curl Virus0936.jpg,121.550278125,150.77169375,109.9685234375,69.19588461847707,0.010021875,Curl Virus
augmented_Curl Virus0937.jpg,135.3501109375,184.344403125,96.1761515625,57.70846709842466,0.0332171875,Curl Virus
augmented_Curl Virus0938.jpg,125.395021875,157.88106875,106.95530625,71.50398431245782,0.017925,Curl Virus
augmented_Curl Virus0939.jpg,115.569365625,150.7712765625,94.6829078125,68.0886499576121,0.0198921875,Curl Virus
augmented_Curl Virus0940.jpg,101.243559375,139.5236703125,79.196790625,56.8875159371201,0.0199859375,Curl Virus
augmented_Curl Virus0941.jpg,113.18678125,152.1476875,95.02026875,61.01431962558052,0.009821875,Curl Virus
augmented_Curl Virus0942.jpg,126.01454375,162.3914015625,108.4069796875,68.39798549113324,0.0101390625,Curl Virus
augmented_Curl Virus0943.jpg,126.01454375,162.3914015625,108.4069796875,68.39798549113324,0.0101390625,Curl Virus
augmented_Curl Virus0944.jpg,112.3010765625,151.2800671875,94.26163125,61.09403362908556,0.0111234375,Curl Virus
augmented_Curl Virus0945.jpg,112.3011015625,151.2798140625,94.246340625,61.09686646168517,0.0117359375,Curl Virus
augmented_Curl Virus0946.jpg,123.57335625,153.200875,123.3782453125,87.16720504798309,0.008171875,Curl Virus
augmented_Curl Virus0947.jpg,121.61068125,147.220825,121.4191921875,95.83116534994751,0.020615625,Curl Virus
augmented_Curl Virus0948.jpg,78.1590546875,101.36363125,64.208796875,60.12494619265392,0.0088859375,Curl Virus
augmented_Curl Virus0949.jpg,61.8811015625,81.9453609375,50.38678125,45.77577445205944,0.007453125,Curl Virus
augmented_Curl Virus0950.jpg,102.4848421875,133.863609375,83.877753125,73.89806720199115,0.021734375,Curl Virus
augmented_Curl Virus0951.jpg,99.478165625,128.9132296875,83.2197578125,75.04046512235286,0.0477890625,Curl Virus
augmented_Curl Virus0952.jpg,97.97921875,127.7247375,81.5682421875,74.38854701152547,0.0441953125,Curl Virus
augmented_Curl Virus0953.jpg,68.0729734375,99.2696109375,48.84958125,29.06264645605504,0.058253125,Curl Virus
augmented_Curl Virus0954.jpg,72.0100265625,98.8900203125,63.218540625,40.141059343216334,0.35634375,Curl Virus
augmented_Curl Virus0955.jpg,102.5263984375,128.0215515625,86.409028125,76.14024272646539,0.0503953125,Curl Virus
augmented_Curl Virus0956.jpg,82.9297484375,112.0214375,65.329896875,58.266070389194724,0.0552625,Curl Virus
augmented_Curl Virus0957.jpg,67.0635375,98.293925,47.827903125,29.001704818759706,0.057275,Curl Virus
augmented_Curl Virus0958.jpg,135.727203125,158.707678125,124.2454765625,77.19349608517105,0.0274703125,Curl Virus
augmented_Curl Virus0959.jpg,135.727203125,158.707678125,124.2454765625,77.19349608517105,0.0274703125,Curl Virus
augmented_Curl Virus0960.jpg,139.15721875,161.5708140625,126.7793453125,81.31753902040421,0.0268234375,Curl Virus
augmented_Curl Virus0961.jpg,146.6724921875,167.590728125,134.660203125,85.81389902787147,0.0264265625,Curl Virus
augmented_Curl Virus0962.jpg,121.7916234375,144.9644,101.467553125,74.35180683247857,0.0277,Curl Virus
augmented_Curl Virus0963.jpg,128.6949328125,157.4056359375,97.845578125,70.09285495519052,0.0456609375,Curl Virus
augmented_Curl Virus0964.jpg,49.7785859375,66.5230890625,29.5981546875,15.760660540882766,0.033628125,Curl Virus
augmented_Curl Virus0965.jpg,94.6679671875,122.3995140625,56.06594375,31.35375307958465,0.093375,Curl Virus
augmented_Curl Virus0966.jpg,94.6679671875,122.3995140625,56.06594375,31.35375307958465,0.093375,Curl Virus
augmented_Curl Virus0967.jpg,115.5211171875,140.7009625,96.010696875,77.42707488098272,0.0316328125,Curl Virus
augmented_Curl Virus0968.jpg,111.9248203125,133.0574140625,102.155834375,73.08156985296102,0.364515625,Curl Virus
augmented_Curl Virus0969.jpg,122.5619109375,147.7265890625,94.05405625,73.22816791585396,0.045646875,Curl Virus
augmented_Curl Virus0970.jpg,124.063678125,149.4082421875,94.8176515625,72.90625818143867,0.047478125,Curl Virus
augmented_Curl Virus0971.jpg,124.0777078125,149.4188609375,94.8062421875,72.89060389003096,0.0457765625,Curl Virus
augmented_Curl Virus0972.jpg,124.0777078125,149.4188609375,94.8062421875,72.89060389003096,0.0457765625,Curl Virus
augmented_Curl Virus0973.jpg,131.439109375,155.09101875,104.84584375,79.0294296526356,0.046365625,Curl Virus
augmented_Curl Virus0974.jpg,99.9671125,127.4031921875,79.720746875,56.79423560788422,0.3592625,Curl Virus
augmented_Curl Virus0975.jpg,114.14649375,141.9799,86.6257296875,69.23504020002741,0.0730484375,Curl Virus
augmented_Curl Virus0976.jpg,116.3002171875,137.0800734375,109.84358125,71.19106336736823,0.3595953125,Curl Virus
augmented_Curl Virus0977.jpg,130.60474375,152.325146875,115.0398765625,77.19281990110866,0.0709453125,Curl Virus
augmented_Curl Virus0978.jpg,120.493296875,143.233684375,97.8196671875,79.83303524471779,0.0151828125,Curl Virus
augmented_Curl Virus0979.jpg,100.2874875,122.865478125,96.7079234375,66.54141056122495,0.358884375,Curl Virus
augmented_Curl Virus0980.jpg,95.0131609375,124.5334484375,76.3808765625,65.01495678217532,0.0312765625,Curl Virus
augmented_Curl Virus0981.jpg,108.5498734375,135.6590703125,91.5047484375,77.30483584389347,0.02858125,Curl Virus
augmented_Curl Virus0982.jpg,94.1044828125,123.5988125,75.5042875,65.03186771904616,0.03060625,Curl Virus
augmented_Curl Virus0983.jpg,78.4804125,106.1867421875,59.9403140625,51.795165328922245,0.0205046875,Curl Virus
augmented_Curl Virus0984.jpg,107.7704125,135.2140015625,88.516871875,73.9231387121835,0.02228125,Curl Virus
augmented_Curl Virus0985.jpg,101.4704515625,129.7833328125,81.492378125,72.3777333461393,0.0230109375,Curl Virus
augmented_Curl Virus0986.jpg,122.2111796875,152.897665625,100.772984375,72.36222869431495,0.0149625,Curl Virus
augmented_Curl Virus0987.jpg,69.463475,89.1351421875,58.476875,44.16288552289788,0.0064375,Curl Virus
augmented_Curl Virus0988.jpg,107.130353125,125.6873578125,104.2410328125,66.48800454093204,0.3553171875,Curl Virus
augmented_Curl Virus0989.jpg,114.8284421875,140.028740625,95.37846875,71.16403846371425,0.02384375,Curl Virus
augmented_Curl Virus0990.jpg,113.8804203125,139.0674484375,94.4159453125,71.14956607498851,0.02358125,Curl Virus
augmented_Curl Virus0991.jpg,64.7132015625,84.136053125,55.822321875,44.5505314262591,0.0165921875,Curl Virus
augmented_Curl Virus0992.jpg,104.8777203125,133.2829328125,90.50003125,73.89307795099758,0.033275,Curl Virus
augmented_Curl Virus0993.jpg,104.1691421875,132.4568171875,89.867540625,73.87888053580548,0.03273125,Curl Virus
augmented_Curl Virus0994.jpg,108.13663125,128.4272046875,103.8540328125,70.28005025656451,0.3594828125,Curl Virus
augmented_Curl Virus0995.jpg,107.752890625,140.5140140625,98.189825,71.81451086904475,0.0142046875,Curl Virus
augmented_Curl Virus0996.jpg,108.998453125,135.1149796875,91.8161921875,73.39265564858722,0.006328125,Curl Virus
augmented_Curl Virus0997.jpg,115.703796875,134.9574515625,107.7721671875,71.65062563990521,0.357734375,Curl Virus
augmented_Curl Virus0998.jpg,109.0657375,135.183346875,91.8979328125,73.42266048225659,0.0062875,Curl Virus
augmented_Curl Virus0999.jpg,139.802525,158.9421328125,127.1364296875,88.78785740483112,0.0064421875,Curl Virus
augmented_Curl Virus1000.jpg,132.425434375,153.329325,118.626959375,86.20716941913821,0.0058828125,Curl Virus
augmented_Healthy Leaf0001.jpg,122.1024890625,161.24589375,117.857590625,52.24430835319675,0.067096875,Healthy Leaf
augmented_Healthy Leaf0002.jpg,108.5733421875,153.951653125,105.5056,38.61266883824861,0.0742640625,Healthy Leaf
augmented_Healthy Leaf0003.jpg,158.2589390625,231.6292171875,169.62618125,31.69977294049259,0.08515625,Healthy Leaf
augmented_Healthy Leaf0004.jpg,122.0388671875,178.0825171875,128.4027515625,44.10675544550572,0.097578125,Healthy Leaf
augmented_Healthy Leaf0005.jpg,108.1288921875,171.7630390625,116.6765640625,42.728448737544525,0.35859375,Healthy Leaf
augmented_Healthy Leaf0006.jpg,120.8471375,180.2151875,126.974690625,43.141592212665756,0.095140625,Healthy Leaf
augmented_Healthy Leaf0007.jpg,113.103353125,150.60050625,101.89515625,54.11868460165777,0.3551296875,Healthy Leaf
augmented_Healthy Leaf0008.jpg,69.2158328125,94.3730015625,60.878353125,29.277417266772233,0.029653125,Healthy Leaf
augmented_Healthy Leaf0009.jpg,89.400021875,120.0250796875,78.9106796875,38.268503931103716,0.04428125,Healthy Leaf
augmented_Healthy Leaf0010.jpg,126.422784375,157.494921875,113.9058296875,60.36276291155821,0.0520015625,Healthy Leaf
augmented_Healthy Leaf0011.jpg,129.70115625,179.5388234375,117.7294453125,39.04726917108315,0.083540625,Healthy Leaf
augmented_Healthy Leaf0012.jpg,124.3957640625,169.92435,113.70211875,47.8801046765508,0.3560703125,Healthy Leaf
augmented_Healthy Leaf0013.jpg,137.5764015625,184.3501921875,128.18621875,45.32982713799878,0.0768046875,Healthy Leaf
augmented_Healthy Leaf0014.jpg,134.0012625,165.95708125,112.6159015625,55.33536289843199,0.02764375,Healthy Leaf
augmented_Healthy Leaf0015.jpg,101.29678125,124.9608953125,82.3085390625,35.60567856750905,0.02173125,Healthy Leaf
augmented_Healthy Leaf0016.jpg,147.8136359375,177.960303125,120.95023125,50.42400049168741,0.0266421875,Healthy Leaf
augmented_Healthy Leaf0017.jpg,128.4225421875,156.5545359375,104.983684375,44.90066690088159,0.02874375,Healthy Leaf
augmented_Healthy Leaf0018.jpg,128.41565625,156.5410953125,104.9823984375,44.895515319783165,0.028725,Healthy Leaf
augmented_Healthy Leaf0019.jpg,128.41565625,156.5410953125,104.9823984375,44.895515319783165,0.028725,Healthy Leaf
augmented_Healthy Leaf0020.jpg,147.42799375,173.6308609375,127.314821875,59.24175571185977,0.0277796875,Healthy Leaf
augmented_Healthy Leaf0021.jpg,132.193453125,157.9066890625,111.441009375,38.12644875633301,0.01139375,Healthy Leaf
augmented_Healthy Leaf0022.jpg,132.193453125,157.9066890625,111.441009375,38.12644875633301,0.01139375,Healthy Leaf
augmented_Healthy Leaf0023.jpg,167.1434765625,214.3054875,150.3914953125,36.48788287653891,0.0109265625,Healthy Leaf
augmented_Healthy Leaf0024.jpg,170.5694875,216.946209375,153.8291734375,36.1855246782757,0.0107984375,Healthy Leaf
augmented_Healthy Leaf0025.jpg,130.35505,170.5025890625,114.563346875,32.0141059608666,0.011634375,Healthy Leaf
augmented_Healthy Leaf0026.jpg,130.3815796875,170.5100453125,114.580646875,32.0060383537137,0.0115,Healthy Leaf
augmented_Healthy Leaf0027.jpg,142.83721875,177.4823578125,127.4347640625,43.720865898702435,0.010615625,Healthy Leaf
augmented_Healthy Leaf0028.jpg,142.83721875,177.4823578125,127.4347640625,43.720865898702435,0.010615625,Healthy Leaf
augmented_Healthy Leaf0029.jpg,171.89926875,215.76276875,150.462721875,29.410284698892525,0.0158703125,Healthy Leaf
augmented_Healthy Leaf0030.jpg,83.0153953125,106.0504796875,70.4738015625,15.43192724741286,0.0040890625,Healthy Leaf
augmented_Healthy Leaf0031.jpg,140.6830140625,175.866,120.5639875,26.37161593444192,0.0122125,Healthy Leaf
augmented_Healthy Leaf0032.jpg,141.1781421875,199.337471875,148.8187625,46.49602053208247,0.024696875,Healthy Leaf
augmented_Healthy Leaf0033.jpg,130.0888875,193.7871546875,138.801790625,40.57049304588651,0.026778125,Healthy Leaf
augmented_Healthy Leaf0034.jpg,128.7609859375,195.11564375,138.968275,37.9855353120573,0.026915625,Healthy Leaf
augmented_Healthy Leaf0035.jpg,128.7609859375,195.11564375,138.968275,37.9855353120573,0.026915625,Healthy Leaf
augmented_Healthy Leaf0036.jpg,118.31168125,169.6662328125,119.0727484375,46.95381570294382,0.3527296875,Healthy Leaf
augmented_Healthy Leaf0037.jpg,118.4038609375,169.60235625,119.074465625,46.96650532327198,0.3523546875,Healthy Leaf
augmented_Healthy Leaf0038.jpg,118.2177546875,171.5347109375,118.4259234375,36.48044882075909,0.02543125,Healthy Leaf
augmented_Healthy Leaf0039.jpg,121.4334859375,169.5945578125,117.6479125,35.61052473756538,0.0237078125,Healthy Leaf
augmented_Healthy Leaf0040.jpg,121.4334859375,169.5945578125,117.6479125,35.61052473756538,0.0237078125,Healthy Leaf
augmented_Healthy Leaf0041.jpg,137.8391515625,180.899175,135.3283265625,51.29536534469751,0.0220578125,Healthy Leaf
augmented_Healthy Leaf0042.jpg,132.00868125,177.2268609375,129.4365609375,47.224584863653114,0.0229921875,Healthy Leaf
augmented_Healthy Leaf0043.jpg,132.729646875,174.7463125,127.664434375,47.36745567024943,0.0216671875,Healthy Leaf
augmented_Healthy Leaf0044.jpg,120.4168078125,168.612221875,116.6178921875,35.65704216567665,0.025178125,Healthy Leaf
augmented_Healthy Leaf0045.jpg,108.21341875,151.8309328125,106.7252359375,45.59751202677129,0.354184375,Healthy Leaf
augmented_Healthy Leaf0046.jpg,139.255771875,170.68316875,133.6854328125,61.54490561347695,0.042628125,Healthy Leaf
augmented_Healthy Leaf0047.jpg,130.945296875,166.4347375,126.405121875,57.259511568816016,0.046409375,Healthy Leaf
augmented_Healthy Leaf0048.jpg,91.7612578125,122.3083375,84.794065625,31.84755586631717,0.0467671875,Healthy Leaf
augmented_Healthy Leaf0049.jpg,131.0673796875,159.173746875,120.459178125,53.30705127431492,0.054346875,Healthy Leaf
augmented_Healthy Leaf0050.jpg,60.2290515625,80.7223328125,51.6328703125,24.482422811373137,0.0278625,Healthy Leaf
augmented_Healthy Leaf0051.jpg,125.6276109375,157.5800296875,111.823890625,58.49291677928047,0.0601734375,Healthy Leaf
augmented_Healthy Leaf0052.jpg,125.6276109375,157.5800296875,111.823890625,58.49291677928047,0.0601734375,Healthy Leaf
augmented_Healthy Leaf0053.jpg,112.1479265625,145.0226171875,95.6106546875,46.417104629855395,0.0584296875,Healthy Leaf
augmented_Healthy Leaf0054.jpg,125.5690859375,147.2658390625,99.7076984375,53.570726346918455,0.3527609375,Healthy Leaf
augmented_Healthy Leaf0055.jpg,125.2511484375,149.012046875,98.27123125,45.576841612870936,0.0355796875,Healthy Leaf
augmented_Healthy Leaf0056.jpg,140.9306046875,164.0362046875,117.2513078125,59.94163250377272,0.0340015625,Healthy Leaf
augmented_Healthy Leaf0057.jpg,124.2442375,148.01595625,97.2640625,45.553538134283684,0.0338546875,Healthy Leaf
augmented_Healthy Leaf0058.jpg,131.2593265625,151.358871875,109.0885,38.25355568619848,0.01758125,Healthy Leaf
augmented_Healthy Leaf0059.jpg,130.2657328125,150.36929375,108.074925,38.25921195166545,0.017525,Healthy Leaf
augmented_Healthy Leaf0060.jpg,135.9226578125,172.426840625,121.1745375,43.07657633372517,0.3530921875,Healthy Leaf
augmented_Healthy Leaf0061.jpg,141.3068890625,172.9889265625,120.5221515625,32.283032783312294,0.0222140625,Healthy Leaf
augmented_Healthy Leaf0062.jpg,123.018090625,160.90748125,112.900328125,36.218594056696176,0.032240625,Healthy Leaf
augmented_Healthy Leaf0063.jpg,123.018090625,160.90748125,112.900328125,36.218594056696176,0.032240625,Healthy Leaf
augmented_Healthy Leaf0064.jpg,123.018090625,160.90748125,112.900328125,36.218594056696176,0.032240625,Healthy Leaf
augmented_Healthy Leaf0065.jpg,123.018090625,160.90748125,112.900328125,36.218594056696176,0.032240625,Healthy Leaf
augmented_Healthy Leaf0066.jpg,139.6430421875,173.7862140625,131.8505640625,54.42758318967851,0.028571875,Healthy Leaf
augmented_Healthy Leaf0067.jpg,152.33698125,178.4475828125,127.5204359375,40.813995031153674,0.0194203125,Healthy Leaf
augmented_Healthy Leaf0068.jpg,137.2261578125,160.893459375,114.09685625,37.090285721608346,0.017221875,Healthy Leaf
augmented_Healthy Leaf0069.jpg,152.7695,178.8990015625,141.7976984375,45.05492340403927,0.35478125,Healthy Leaf
augmented_Healthy Leaf0070.jpg,152.67955625,178.8973390625,141.7815,45.09891464946949,0.353959375,Healthy Leaf
augmented_Healthy Leaf0071.jpg,147.1341578125,175.4295453125,138.72063125,55.759278428436986,0.3578421875,Healthy Leaf
augmented_Healthy Leaf0072.jpg,147.8885734375,179.5722484375,137.038165625,47.146341775016836,0.04548125,Healthy Leaf
augmented_Healthy Leaf0073.jpg,155.2685171875,185.7479015625,145.4858984375,47.97572068538034,0.0424859375,Healthy Leaf
augmented_Healthy Leaf0074.jpg,158.3673359375,186.4982046875,148.662290625,53.44277920360021,0.0423359375,Healthy Leaf
augmented_Healthy Leaf0075.jpg,146.9660328125,178.468725,135.9554234375,47.16580669797766,0.04460625,Healthy Leaf
augmented_Healthy Leaf0076.jpg,152.158946875,180.951315625,140.08515625,40.94010390239029,0.05904375,Healthy Leaf
augmented_Healthy Leaf0077.jpg,151.134565625,177.484853125,141.1268921875,50.91309451788555,0.3550046875,Healthy Leaf
augmented_Healthy Leaf0078.jpg,151.069821875,177.54520625,141.1145703125,50.932312686229764,0.3549375,Healthy Leaf
augmented_Healthy Leaf0079.jpg,166.7002515625,190.5564640625,155.3102390625,50.12402237768427,0.0491671875,Healthy Leaf
augmented_Healthy Leaf0080.jpg,165.804784375,190.009909375,154.4296359375,49.72477489854113,0.0491921875,Healthy Leaf
augmented_Healthy Leaf0081.jpg,151.187290625,180.028865625,139.1108953125,40.81426493810949,0.054753125,Healthy Leaf
augmented_Healthy Leaf0082.jpg,157.4362609375,183.0373984375,148.5851296875,53.22886114482147,0.357846875,Healthy Leaf
augmented_Healthy Leaf0083.jpg,169.2977,196.1188328125,159.4986546875,45.30396666016982,0.053553125,Healthy Leaf
augmented_Healthy Leaf0084.jpg,169.847178125,196.9388421875,159.979390625,45.75248489671581,0.054284375,Healthy Leaf
augmented_Healthy Leaf0085.jpg,169.847178125,196.9388421875,159.979390625,45.75248489671581,0.054284375,Healthy Leaf
augmented_Healthy Leaf0086.jpg,156.2484546875,183.9517390625,144.259121875,33.69295848514257,0.053540625,Healthy Leaf
augmented_Healthy Leaf0087.jpg,168.7986046875,191.2462375,157.72900625,45.08893625701812,0.03853125,Healthy Leaf
augmented_Healthy Leaf0088.jpg,169.7814796875,191.8740890625,158.6810875,45.62496585990332,0.036996875,Healthy Leaf
augmented_Healthy Leaf0089.jpg,166.1256375,193.2509703125,157.5486734375,38.90404193677637,0.048296875,Healthy Leaf
augmented_Healthy Leaf0090.jpg,174.3145484375,195.5168421875,161.8015328125,48.500062953775895,0.0466421875,Healthy Leaf
augmented_Healthy Leaf0091.jpg,205.023871875,226.388846875,176.2738984375,44.877711053543955,0.035075,Healthy Leaf
augmented_Healthy Leaf0092.jpg,170.585909375,202.7646921875,144.4394859375,45.63911099799614,0.05394375,Healthy Leaf
augmented_Healthy Leaf0093.jpg,155.0508,182.59015625,134.0901015625,50.434265093113225,0.3516125,Healthy Leaf
augmented_Healthy Leaf0094.jpg,155.01035,182.5848828125,134.0132734375,50.40518533774282,0.3517515625,Healthy Leaf
augmented_Healthy Leaf0095.jpg,173.2443203125,198.5172265625,154.765278125,50.397629152443834,0.028159375,Healthy Leaf
augmented_Healthy Leaf0096.jpg,174.3018828125,209.137459375,151.047528125,41.70911490541185,0.0421125,Healthy Leaf
augmented_Healthy Leaf0097.jpg,148.6643203125,179.2054453125,127.4726796875,36.82374755346454,0.0416953125,Healthy Leaf
augmented_Healthy Leaf0098.jpg,148.649159375,179.1835375,127.47326875,36.87567141460488,0.0416921875,Healthy Leaf
augmented_Healthy Leaf0099.jpg,138.2219921875,166.721790625,118.412465625,33.333522834994376,0.0214171875,Healthy Leaf
augmented_Healthy Leaf0100.jpg,147.220378125,177.3886421875,126.24478125,35.53682378518589,0.0226796875,Healthy Leaf
augmented_Healthy Leaf0101.jpg,160.2917734375,184.89946875,142.5817375,49.63921944346508,0.01564375,Healthy Leaf
augmented_Healthy Leaf0102.jpg,156.4960421875,191.570578125,134.9679234375,30.2229104211879,0.024309375,Healthy Leaf
augmented_Healthy Leaf0103.jpg,165.312634375,197.63694375,145.726975,36.622609787663286,0.022296875,Healthy Leaf
augmented_Healthy Leaf0104.jpg,159.0541796875,187.9276109375,144.9085984375,36.682283576919914,0.0312234375,Healthy Leaf
augmented_Healthy Leaf0105.jpg,159.028190625,187.9191609375,144.909575,36.74106582788983,0.031221875,Healthy Leaf
augmented_Healthy Leaf0106.jpg,169.5391125,196.1006015625,157.178553125,41.618519875208015,0.028553125,Healthy Leaf
augmented_Healthy Leaf0107.jpg,152.547628125,178.4790671875,129.3412421875,31.06468846218508,0.0394921875,Healthy Leaf
augmented_Healthy Leaf0108.jpg,152.621621875,177.557015625,130.469996875,43.43125417052791,0.3508828125,Healthy Leaf
augmented_Healthy Leaf0109.jpg,152.6579359375,177.4883,130.469378125,43.43476743974089,0.3512390625,Healthy Leaf
augmented_Healthy Leaf0110.jpg,152.677178125,178.62035625,129.4181796875,31.16545836127768,0.0364171875,Healthy Leaf
augmented_Healthy Leaf0111.jpg,152.665040625,183.2410875,133.1055984375,33.54644762440143,0.0594125,Healthy Leaf
augmented_Healthy Leaf0112.jpg,152.665040625,183.2410875,133.1055984375,33.54644762440143,0.0594125,Healthy Leaf
augmented_Healthy Leaf0113.jpg,139.746340625,169.981971875,117.0580625,39.61631117621496,0.0317015625,Healthy Leaf
augmented_Healthy Leaf0114.jpg,138.7581109375,168.9936453125,116.0664109375,39.59105894600587,0.03129375,Healthy Leaf
augmented_Healthy Leaf0115.jpg,166.7807375,190.8378859375,146.6207046875,46.466195951331,0.043678125,Healthy Leaf
augmented_Healthy Leaf0116.jpg,174.8042609375,196.461546875,155.4054453125,49.82356487552062,0.0385234375,Healthy Leaf
augmented_Healthy Leaf0117.jpg,155.5329203125,188.8191796875,136.0980125,30.307207487258207,0.06591875,Healthy Leaf
augmented_Healthy Leaf0118.jpg,154.1077484375,185.7557859375,136.0934296875,43.29342552159648,0.35301875,Healthy Leaf
augmented_Healthy Leaf0119.jpg,154.5349984375,187.8516671875,135.0541796875,30.202895193367155,0.0617734375,Healthy Leaf
augmented_Healthy Leaf0120.jpg,154.5518296875,187.8485375,135.0584,30.183602446004592,0.061721875,Healthy Leaf
augmented_Healthy Leaf0121.jpg,147.8298625,177.9263921875,129.7752828125,32.70911220865329,0.0324796875,Healthy Leaf
augmented_Healthy Leaf0122.jpg,146.8605375,176.9316046875,128.7844765625,32.736336376958086,0.0325140625,Healthy Leaf
augmented_Healthy Leaf0123.jpg,89.5408796875,109.113325,77.2361734375,16.60897106310204,0.0033203125,Healthy Leaf
augmented_Healthy Leaf0124.jpg,152.872040625,181.288225,132.1744390625,28.70062494060384,0.016396875,Healthy Leaf
augmented_Healthy Leaf0125.jpg,174.0138,194.5071359375,156.19390625,46.98343749823648,0.010303125,Healthy Leaf
augmented_Healthy Leaf0126.jpg,164.19601875,189.1156125,143.7199984375,36.58685573552542,0.0169015625,Healthy Leaf
augmented_Healthy Leaf0127.jpg,151.91749375,180.318284375,131.1967296875,28.71933465987565,0.0163796875,Healthy Leaf
augmented_Healthy Leaf0128.jpg,151.92051875,180.31381875,131.2034640625,28.722978114015614,0.0181203125,Healthy Leaf
augmented_Healthy Leaf0129.jpg,151.9152953125,180.3031546875,131.2036984375,28.727353380477574,0.01766875,Healthy Leaf
augmented_Healthy Leaf0130.jpg,206.1426984375,207.637315625,178.26456875,43.5996602101509,0.0211015625,Healthy Leaf
augmented_Healthy Leaf0131.jpg,153.2038515625,160.946525,131.304221875,48.45538270430018,0.3533515625,Healthy Leaf
augmented_Healthy Leaf0132.jpg,153.2684859375,160.948134375,131.4303953125,48.49536252191374,0.3528234375,Healthy Leaf
augmented_Healthy Leaf0133.jpg,160.00398125,167.42904375,137.09075,44.09702679672237,0.0386640625,Healthy Leaf
augmented_Healthy Leaf0134.jpg,161.765759375,168.6652796875,139.556140625,48.187799455481645,0.043540625,Healthy Leaf
augmented_Healthy Leaf0135.jpg,174.9775640625,195.93979375,163.29314375,31.34495896615498,0.0380046875,Healthy Leaf
augmented_Healthy Leaf0136.jpg,107.3536046875,122.54429375,99.783553125,19.505769767173017,0.0195171875,Healthy Leaf
augmented_Healthy Leaf0137.jpg,177.22601875,194.181259375,168.5911015625,39.41290925842558,0.02995625,Healthy Leaf
augmented_Healthy Leaf0138.jpg,166.0739171875,187.4699609375,159.0837046875,36.669961495868435,0.0356921875,Healthy Leaf
augmented_Healthy Leaf0139.jpg,166.0739171875,187.4699609375,159.0837046875,36.669961495868435,0.0356921875,Healthy Leaf
augmented_Healthy Leaf0140.jpg,133.1340328125,149.2504640625,121.281853125,28.43675177006791,0.03246875,Healthy Leaf
augmented_Healthy Leaf0141.jpg,120.0717453125,135.0992390625,109.4291125,25.57338625448809,0.0275703125,Healthy Leaf
augmented_Healthy Leaf0142.jpg,202.26768125,218.7260203125,187.0459125,37.5685321520884,0.0237203125,Healthy Leaf
augmented_Healthy Leaf0143.jpg,177.75103125,192.214625,166.1133859375,44.75768907692441,0.0315078125,Healthy Leaf
augmented_Healthy Leaf0144.jpg,124.285178125,153.1958203125,125.244365625,28.921239427241062,0.0139890625,Healthy Leaf
augmented_Healthy Leaf0145.jpg,159.239153125,189.321390625,159.04495,43.4973023011574,0.019296875,Healthy Leaf
augmented_Healthy Leaf0146.jpg,156.2507390625,172.8670890625,144.31316875,68.37997451202175,0.008615625,Healthy Leaf
augmented_Healthy Leaf0147.jpg,141.3071859375,159.473265625,131.6388421875,38.7764284064324,0.0154296875,Healthy Leaf
augmented_Healthy Leaf0148.jpg,147.0762375,164.3169390625,137.89685,50.042902251243554,0.3505109375,Healthy Leaf
augmented_Healthy Leaf0149.jpg,147.1092609375,165.935009375,137.2462234375,40.3855607073115,0.015878125,Healthy Leaf
augmented_Healthy Leaf0150.jpg,147.1092609375,165.935009375,137.2462234375,40.3855607073115,0.015878125,Healthy Leaf
augmented_Healthy Leaf0151.jpg,180.12878125,219.0832671875,164.1699078125,36.88318103271069,0.1087765625,Healthy Leaf
augmented_Healthy Leaf0152.jpg,124.82633125,155.8597953125,112.7694546875,30.02517122710331,0.0934125,Healthy Leaf
augmented_Healthy Leaf0153.jpg,124.65898125,155.5513078125,113.6565359375,41.7220261549504,0.3571375,Healthy Leaf
augmented_Healthy Leaf0154.jpg,124.578590625,155.5886171875,113.6639375,41.738585389402864,0.356253125,Healthy Leaf
augmented_Healthy Leaf0155.jpg,124.8317546875,155.8565828125,112.7478796875,29.942164178785337,0.093109375,Healthy Leaf
augmented_Healthy Leaf0156.jpg,131.176871875,167.894971875,115.1936390625,37.88208179612749,0.0527453125,Healthy Leaf
augmented_Healthy Leaf0157.jpg,130.2927265625,165.439546875,115.8038296875,47.73147796445895,0.35278125,Healthy Leaf
augmented_Healthy Leaf0158.jpg,142.4297703125,178.5169171875,128.4526171875,45.339036410677494,0.0513609375,Healthy Leaf
augmented_Healthy Leaf0159.jpg,141.5359921875,175.8338328125,126.585884375,47.08102781573977,0.048575,Healthy Leaf
augmented_Healthy Leaf0160.jpg,141.5359921875,175.8338328125,126.585884375,47.08102781573977,0.048575,Healthy Leaf
augmented_Healthy Leaf0161.jpg,130.205875,166.9190953125,114.1760609375,37.87869405014348,0.0512328125,Healthy Leaf
augmented_Healthy Leaf0162.jpg,140.5218359375,181.017446875,134.4946703125,60.18451947124903,0.042096875,Healthy Leaf
augmented_Healthy Leaf0163.jpg,130.1187390625,177.084365625,124.0425125,48.4835124554113,0.059659375,Healthy Leaf
augmented_Healthy Leaf0164.jpg,117.8053109375,167.5353875,111.02820625,39.39446117804797,0.062353125,Healthy Leaf
augmented_Healthy Leaf0165.jpg,117.7875328125,167.5318484375,111.0240734375,39.37744272570543,0.0624796875,Healthy Leaf
augmented_Healthy Leaf0166.jpg,122.6503125,163.820525,109.710559375,37.590765157747185,0.0631,Healthy Leaf
augmented_Healthy Leaf0167.jpg,127.040621875,169.4207359375,113.688509375,38.65730172352477,0.0647796875,Healthy Leaf
augmented_Healthy Leaf0168.jpg,126.81795625,167.2953859375,115.1548015625,48.05030033617104,0.352265625,Healthy Leaf
augmented_Healthy Leaf0169.jpg,127.0519609375,169.43908125,113.6863234375,38.57756099385154,0.064765625,Healthy Leaf
augmented_Healthy Leaf0170.jpg,126.03885,168.459640625,112.6402203125,38.49799772577308,0.0619984375,Healthy Leaf
augmented_Healthy Leaf0171.jpg,123.76880625,171.8648625,113.353165625,35.86650458736696,0.06044375,Healthy Leaf
augmented_Healthy Leaf0172.jpg,124.888515625,166.4644125,109.4846609375,41.476547904050804,0.0482859375,Healthy Leaf
augmented_Healthy Leaf0173.jpg,124.888515625,166.4644125,109.4846609375,41.476547904050804,0.0482859375,Healthy Leaf
augmented_Healthy Leaf0174.jpg,141.4414703125,179.26365,130.205275,55.581528461794875,0.0421765625,Healthy Leaf
augmented_Healthy Leaf0175.jpg,135.5365359375,179.750053125,115.4336671875,71.99465559768997,0.01688125,Healthy Leaf
augmented_Healthy Leaf0176.jpg,115.83635625,143.330446875,94.4269,74.2432612007343,0.0088171875,Healthy Leaf
augmented_Healthy Leaf0177.jpg,115.8736953125,143.384309375,94.4729609375,74.2626865775842,0.008790625,Healthy Leaf
augmented_Healthy Leaf0178.jpg,198.0303640625,237.6320015625,134.9341078125,23.107316145794798,0.0606890625,Healthy Leaf
augmented_Healthy Leaf0179.jpg,139.475659375,172.7623640625,96.679459375,35.31946713477378,0.3523578125,Healthy Leaf
augmented_Healthy Leaf0180.jpg,139.872996875,173.3418890625,93.7772359375,20.01340981092275,0.069075,Healthy Leaf
augmented_Healthy Leaf0181.jpg,141.768175,177.2283421875,90.43655,19.40728772568615,0.0966109375,Healthy Leaf
augmented_Healthy Leaf0182.jpg,185.3084078125,227.6542609375,119.3304296875,21.870159999682418,0.11494375,Healthy Leaf
augmented_Healthy Leaf0183.jpg,141.368978125,176.5110703125,90.01421875,19.166025325738907,0.0952296875,Healthy Leaf
augmented_Healthy Leaf0184.jpg,140.174415625,174.7398765625,94.110565625,34.68483990608648,0.3565359375,Healthy Leaf
augmented_Healthy Leaf0185.jpg,140.087521875,174.8262125,94.030378125,34.59538924991472,0.3552015625,Healthy Leaf
augmented_Healthy Leaf0186.jpg,154.3527046875,186.9881546875,108.607353125,40.12613691624793,0.0887140625,Healthy Leaf
augmented_Healthy Leaf0187.jpg,139.435103125,174.5347171875,88.226571875,18.788087064018693,0.091103125,Healthy Leaf
augmented_Healthy Leaf0188.jpg,139.41705,174.559653125,88.20300625,18.855104809329443,0.088371875,Healthy Leaf
augmented_Healthy Leaf0189.jpg,141.491909375,176.7473265625,91.6577046875,19.840984284405373,0.0959,Healthy Leaf
augmented_Healthy Leaf0190.jpg,141.175228125,176.0668109375,96.6605984375,35.0270613735194,0.3558765625,Healthy Leaf
augmented_Healthy Leaf0191.jpg,141.163865625,175.9978328125,96.6098484375,34.98615026235629,0.3548921875,Healthy Leaf
augmented_Healthy Leaf0192.jpg,153.80771875,185.0698109375,109.64291875,37.465411023447984,0.082921875,Healthy Leaf
augmented_Healthy Leaf0193.jpg,140.56685,173.41435,93.27890625,23.058382813264767,0.1189359375,Healthy Leaf
augmented_Healthy Leaf0194.jpg,140.56685,173.41435,93.27890625,23.058382813264767,0.1189359375,Healthy Leaf
augmented_Healthy Leaf0195.jpg,140.56685,173.41435,93.27890625,23.058382813264767,0.1189359375,Healthy Leaf
augmented_Healthy Leaf0196.jpg,151.653715625,180.867503125,105.9999640625,37.62955555137093,0.108403125,Healthy Leaf
augmented_Healthy Leaf0197.jpg,142.3907640625,171.6056234375,103.5835890625,28.616042454171794,0.08276875,Healthy Leaf
augmented_Healthy Leaf0198.jpg,157.8382875,183.31355,125.045509375,44.83006978648298,0.070696875,Healthy Leaf
augmented_Healthy Leaf0199.jpg,160.2702578125,200.4125765625,141.0467328125,32.531474852424445,0.05700625,Healthy Leaf
augmented_Healthy Leaf0200.jpg,135.3738984375,169.406121875,117.4428859375,30.346964222142553,0.0476484375,Healthy Leaf
augmented_Healthy Leaf0201.jpg,127.4978828125,157.7992578125,106.291871875,26.577883391200423,0.0473375,Healthy Leaf
augmented_Healthy Leaf0202.jpg,155.121990625,178.2192828125,140.1184078125,54.62942939810321,0.03619375,Healthy Leaf
augmented_Healthy Leaf0203.jpg,137.2786890625,164.066521875,115.4929625,42.71240304718426,0.0422796875,Healthy Leaf
augmented_Healthy Leaf0204.jpg,126.4905765625,156.823290625,105.2346453125,26.41411264887283,0.0440703125,Healthy Leaf
augmented_Healthy Leaf0205.jpg,139.3184015625,168.958403125,117.9935421875,30.51410819419132,0.0498140625,Healthy Leaf
augmented_Healthy Leaf0206.jpg,131.43789375,159.6382234375,111.0974515625,29.287914361131925,0.0469421875,Healthy Leaf
augmented_Healthy Leaf0207.jpg,129.85089375,158.80385,112.038271875,40.649157461426164,0.3525921875,Healthy Leaf
augmented_Healthy Leaf0208.jpg,149.3581671875,174.567490625,133.1083625,49.43728474289411,0.0401671875,Healthy Leaf
augmented_Healthy Leaf0209.jpg,130.4690296875,158.6689421875,110.0943875,29.215298597926495,0.04575,Healthy Leaf
augmented_Healthy Leaf0210.jpg,117.7841875,151.2355625,104.7598953125,32.752753405508194,0.0676953125,Healthy Leaf
augmented_Healthy Leaf0211.jpg,157.877678125,188.414546875,142.8358796875,54.17602969895587,0.066353125,Healthy Leaf
augmented_Healthy Leaf0212.jpg,147.9981625,185.105128125,134.62581875,46.15604756005069,0.0775703125,Healthy Leaf
augmented_Healthy Leaf0213.jpg,174.2400609375,207.1907421875,152.21556875,37.10272439584963,0.0461515625,Healthy Leaf
augmented_Healthy Leaf0214.jpg,120.3565203125,146.4423890625,103.9968078125,28.697943924336723,0.039996875,Healthy Leaf
augmented_Healthy Leaf0215.jpg,145.4499734375,172.4615828125,128.1204890625,44.39708850768546,0.0444015625,Healthy Leaf
augmented_Healthy Leaf0216.jpg,135.6400421875,164.8057015625,117.3370453125,32.33501656256941,0.0425875,Healthy Leaf
augmented_Healthy Leaf0217.jpg,135.641578125,164.8128015625,117.358165625,32.3839428429044,0.0440296875,Healthy Leaf
augmented_Healthy Leaf0218.jpg,139.0760015625,165.6241578125,118.6543234375,34.55779909024582,0.0563578125,Healthy Leaf
augmented_Healthy Leaf0219.jpg,139.044828125,165.616634375,118.61514375,34.47039846979156,0.055834375,Healthy Leaf
augmented_Healthy Leaf0220.jpg,140.5075015625,169.4457265625,108.828484375,41.083749560681326,0.074328125,Healthy Leaf
augmented_Healthy Leaf0221.jpg,140.5468390625,169.4424828125,108.840690625,41.09514967032845,0.0743578125,Healthy Leaf
augmented_Healthy Leaf0222.jpg,140.5468390625,169.4424828125,108.840690625,41.09514967032845,0.0743578125,Healthy Leaf
augmented_Healthy Leaf0223.jpg,140.5468390625,169.4424828125,108.840690625,41.09514967032845,0.0743578125,Healthy Leaf
augmented_Healthy Leaf0224.jpg,134.377128125,166.6096375,111.3206515625,48.31815282493493,0.3578625,Healthy Leaf
augmented_Healthy Leaf0225.jpg,134.3160390625,166.5525953125,111.33550625,48.35491868672698,0.356984375,Healthy Leaf
augmented_Healthy Leaf0226.jpg,139.611553125,168.4777859375,107.83069375,40.99296051396928,0.06915,Healthy Leaf
augmented_Healthy Leaf0227.jpg,143.971771875,166.73838125,116.2872078125,32.16781696934608,0.035009375,Healthy Leaf
augmented_Healthy Leaf0228.jpg,139.8942828125,165.56785,116.1709796875,42.736629375229995,0.3528359375,Healthy Leaf
augmented_Healthy Leaf0229.jpg,149.4084296875,172.9515140625,124.3908875,40.7943759717411,0.0337546875,Healthy Leaf
augmented_Healthy Leaf0230.jpg,153.9401234375,173.5142875,128.563996875,43.20707052918947,0.028453125,Healthy Leaf
augmented_Healthy Leaf0231.jpg,153.9401234375,173.5142875,128.563996875,43.20707052918947,0.028453125,Healthy Leaf
augmented_Healthy Leaf0232.jpg,143.005865625,165.7679453125,115.280359375,32.11725243918514,0.0331078125,Healthy Leaf
augmented_Healthy Leaf0233.jpg,143.0151234375,165.762503125,115.2926046875,32.17860557137313,0.034196875,Healthy Leaf
augmented_Healthy Leaf0234.jpg,143.0077921875,165.755,115.271421875,32.08267556282533,0.033125,Healthy Leaf
augmented_Healthy Leaf0235.jpg,133.049775,167.369159375,112.09813125,42.80906081988104,0.3537109375,Healthy Leaf
augmented_Healthy Leaf0236.jpg,137.24399375,168.67686875,110.9573984375,32.79320182147813,0.053371875,Healthy Leaf
augmented_Healthy Leaf0237.jpg,66.5396453125,99.5327359375,52.02090625,15.126993612413461,0.0130625,Healthy Leaf
augmented_Healthy Leaf0238.jpg,114.1750484375,167.5988640625,90.1246875,26.450177380421092,0.027875,Healthy Leaf
augmented_Healthy Leaf0239.jpg,114.1750484375,167.5988640625,90.1246875,26.450177380421092,0.027875,Healthy Leaf
augmented_Healthy Leaf0240.jpg,125.6765703125,175.236471875,100.826265625,42.979898458419285,0.0284703125,Healthy Leaf
augmented_Healthy Leaf0241.jpg,136.6488046875,164.328259375,108.385303125,39.633347091937125,0.014265625,Healthy Leaf
augmented_Healthy Leaf0242.jpg,139.242228125,162.0508140625,111.5034625,35.50620184792322,0.006528125,Healthy Leaf
augmented_Healthy Leaf0243.jpg,139.242228125,162.0508140625,111.5034625,35.50620184792322,0.006528125,Healthy Leaf
augmented_Healthy Leaf0244.jpg,139.242228125,162.0508140625,111.5034625,35.50620184792322,0.006528125,Healthy Leaf
augmented_Healthy Leaf0245.jpg,139.242228125,162.0508140625,111.5034625,35.50620184792322,0.006528125,Healthy Leaf
augmented_Healthy Leaf0246.jpg,139.242228125,162.0508140625,111.5034625,35.50620184792322,0.006528125,Healthy Leaf
augmented_Healthy Leaf0247.jpg,139.242228125,162.0508140625,111.5034625,35.50620184792322,0.006528125,Healthy Leaf
augmented_Healthy Leaf0248.jpg,138.277075,161.1058171875,110.5135984375,35.55445005495968,0.0067265625,Healthy Leaf
augmented_Healthy Leaf0249.jpg,91.7574203125,107.8706578125,75.834178125,20.867244602000625,0.004903125,Healthy Leaf
augmented_Healthy Leaf0250.jpg,197.5778765625,229.73955625,171.774765625,33.60432999343689,0.0123140625,Healthy Leaf
augmented_Healthy Leaf0251.jpg,145.877803125,169.3496859375,121.706696875,33.6017414628132,0.011515625,Healthy Leaf
augmented_Healthy Leaf0252.jpg,139.372471875,167.7077203125,121.70545,43.248267829049446,0.350434375,Healthy Leaf
augmented_Healthy Leaf0253.jpg,145.867790625,169.3507578125,121.6939515625,33.56142028542735,0.0118171875,Healthy Leaf
augmented_Healthy Leaf0254.jpg,144.9494359375,168.43325,120.7597375,33.639676061229984,0.0119484375,Healthy Leaf
augmented_Healthy Leaf0255.jpg,143.2770203125,161.23793125,119.7314234375,34.06268988381618,0.0020265625,Healthy Leaf
augmented_Healthy Leaf0256.jpg,143.2496828125,161.22034375,119.6982640625,34.06414844258687,0.0024328125,Healthy Leaf
augmented_Healthy Leaf0257.jpg,142.2890703125,160.2531109375,118.72221875,34.07026439819452,0.0018859375,Healthy Leaf
augmented_Healthy Leaf0258.jpg,142.28813125,160.240625,118.727325,34.08307793508502,0.0023921875,Healthy Leaf
augmented_Healthy Leaf0259.jpg,126.1661515625,142.1245921875,104.3370390625,30.20274883672635,0.0091875,Healthy Leaf
augmented_Healthy Leaf0260.jpg,151.6405828125,170.295309375,126.2240515625,36.47100108968609,0.0136046875,Healthy Leaf
augmented_Healthy Leaf0261.jpg,161.862725,179.0216328125,137.6321171875,44.70908020452193,0.0134828125,Healthy Leaf
augmented_Healthy Leaf0262.jpg,161.862725,179.0216328125,137.6321171875,44.70908020452193,0.0134828125,Healthy Leaf
augmented_Healthy Leaf0263.jpg,140.7867171875,171.2101859375,120.1793796875,36.4631628870066,0.037659375,Healthy Leaf
augmented_Healthy Leaf0264.jpg,140.7867171875,171.2101859375,120.1793796875,36.4631628870066,0.037659375,Healthy Leaf
augmented_Healthy Leaf0265.jpg,149.618540625,177.997075,131.6995703125,46.401650225393446,0.0321421875,Healthy Leaf
augmented_Healthy Leaf0266.jpg,128.5361359375,154.29596875,118.31895,26.38238999459422,0.0326359375,Healthy Leaf
augmented_Healthy Leaf0267.jpg,157.4446640625,187.607584375,145.07743125,31.90498862244029,0.03999375,Healthy Leaf
augmented_Healthy Leaf0268.jpg,157.4446640625,187.607584375,145.07743125,31.90498862244029,0.03999375,Healthy Leaf
augmented_Healthy Leaf0269.jpg,167.78186875,194.5648203125,156.2157359375,39.03890032065573,0.03703125,Healthy Leaf
augmented_Healthy Leaf0270.jpg,153.437475,185.2827875,137.3774671875,30.728602610993804,0.044221875,Healthy Leaf
augmented_Healthy Leaf0271.jpg,193.0681703125,222.218215625,178.9706078125,48.38911721651132,0.0361671875,Healthy Leaf
augmented_Healthy Leaf0272.jpg,146.2393078125,176.684775,135.076025,41.14062169927778,0.0394734375,Healthy Leaf
augmented_Healthy Leaf0273.jpg,146.0007828125,174.1830859375,135.769765625,50.94963457698696,0.3525453125,Healthy Leaf
augmented_Healthy Leaf0274.jpg,146.237584375,176.69628125,135.0950984375,41.14434140645106,0.03955625,Healthy Leaf
augmented_Healthy Leaf0275.jpg,155.648203125,185.54534375,146.780378125,48.14132550456238,0.0378671875,Healthy Leaf
augmented_Healthy Leaf0276.jpg,145.2614890625,175.7301015625,134.100546875,41.14014109987683,0.040971875,Healthy Leaf
augmented_Healthy Leaf0277.jpg,146.92985625,175.6407296875,122.933703125,36.72701338642735,0.0599609375,Healthy Leaf
augmented_Healthy Leaf0278.jpg,169.008284375,197.1954359375,145.164609375,36.28795251642714,0.05775625,Healthy Leaf
augmented_Healthy Leaf0279.jpg,157.8487421875,182.96371875,136.58645,45.878460242010426,0.35311875,Healthy Leaf
augmented_Healthy Leaf0280.jpg,157.8270609375,182.8886828125,136.6075015625,45.911244558718366,0.3521109375,Healthy Leaf
augmented_Healthy Leaf0281.jpg,169.0642953125,191.9220796875,148.0674546875,44.382367829137394,0.0484890625,Healthy Leaf
augmented_Healthy Leaf0282.jpg,157.3105421875,184.400125,134.6863484375,34.17001735654408,0.0543390625,Healthy Leaf
augmented_Healthy Leaf0283.jpg,106.8876546875,122.8207234375,87.9035328125,31.2886137322998,0.02470625,Healthy Leaf
augmented_Healthy Leaf0284.jpg,151.73274375,171.8035421875,125.276478125,44.6070626830304,0.0424203125,Healthy Leaf
augmented_Healthy Leaf0285.jpg,151.0800359375,168.9670640625,126.07955625,53.856069426851064,0.35405,Healthy Leaf
augmented_Healthy Leaf0286.jpg,151.75008125,171.842178125,125.2816375,44.56476001601553,0.041153125,Healthy Leaf
augmented_Healthy Leaf0287.jpg,151.75008125,171.842178125,125.2816375,44.56476001601553,0.041153125,Healthy Leaf
augmented_Healthy Leaf0288.jpg,144.735340625,172.9292828125,123.7438453125,46.643528878276285,0.3511078125,Healthy Leaf
augmented_Healthy Leaf0289.jpg,157.6419125,184.1445734375,136.90748125,42.94994032074841,0.0561140625,Healthy Leaf
augmented_Healthy Leaf0290.jpg,166.0541328125,190.111896875,146.3182890625,47.89022687364846,0.053578125,Healthy Leaf
augmented_Healthy Leaf0291.jpg,156.23679375,183.3089578125,136.3284015625,44.23508401939009,0.05911875,Healthy Leaf
augmented_Healthy Leaf0292.jpg,144.0556625,173.5692984375,122.2139453125,36.15591074562907,0.0595296875,Healthy Leaf
augmented_Healthy Leaf0293.jpg,168.0887703125,198.0462171875,143.895034375,34.644734561546294,0.0714296875,Healthy Leaf
augmented_Healthy Leaf0294.jpg,152.155834375,179.710846875,129.6583640625,31.745489421726685,0.067034375,Healthy Leaf
augmented_Healthy Leaf0295.jpg,151.197621875,178.76728125,128.6705265625,31.74721586471694,0.0666671875,Healthy Leaf
augmented_Healthy Leaf0296.jpg,136.7126578125,170.75965625,121.7146328125,47.89452135718719,0.351425,Healthy Leaf
augmented_Healthy Leaf0297.jpg,136.690096875,170.7293515625,121.7023453125,47.93539786658796,0.3515046875,Healthy Leaf
augmented_Healthy Leaf0298.jpg,147.159871875,181.5210640625,134.0964953125,46.610658475727725,0.0532015625,Healthy Leaf
augmented_Healthy Leaf0299.jpg,136.57054375,171.948828125,120.3252765625,38.08643393197485,0.0544796875,Healthy Leaf
augmented_Healthy Leaf0300.jpg,136.5414203125,171.917121875,120.2814453125,37.994314845395905,0.05403125,Healthy Leaf
augmented_Healthy Leaf0301.jpg,134.652740625,169.207646875,119.7977546875,48.37115233736698,0.352365625,Healthy Leaf
augmented_Healthy Leaf0302.jpg,134.660953125,169.1722421875,119.898403125,48.373756925636705,0.3519109375,Healthy Leaf
augmented_Healthy Leaf0303.jpg,150.1884703125,182.118653125,136.3487984375,50.6529785301402,0.045709375,Healthy Leaf
augmented_Healthy Leaf0304.jpg,134.5680359375,170.2641546875,118.1274484375,38.69910422952543,0.0526890625,Healthy Leaf
augmented_Healthy Leaf0305.jpg,134.584025,170.216890625,118.1153578125,38.837357457569404,0.0556515625,Healthy Leaf
augmented_Healthy Leaf0306.jpg,133.8481890625,168.9110421875,119.0617546875,48.8056729876199,0.3510046875,Healthy Leaf
augmented_Healthy Leaf0307.jpg,134.567915625,171.078984375,118.1052875,39.34651332472118,0.0523890625,Healthy Leaf
augmented_Healthy Leaf0308.jpg,134.567915625,171.078984375,118.1052875,39.34651332472118,0.0523890625,Healthy Leaf
augmented_Healthy Leaf0309.jpg,140.8995734375,176.4253125,126.1363015625,45.09465128971686,0.049415625,Healthy Leaf
augmented_Healthy Leaf0310.jpg,146.195546875,180.7721859375,132.6034375,48.0343334543608,0.0475078125,Healthy Leaf
augmented_Healthy Leaf0311.jpg,144.95188125,179.9666625,131.6087171875,47.669534031332134,0.049140625,Healthy Leaf
augmented_Healthy Leaf0312.jpg,133.59994375,170.1251828125,117.09561875,39.367637980732624,0.0525046875,Healthy Leaf
augmented_Healthy Leaf0313.jpg,188.571303125,226.461821875,161.5304109375,36.62777192041502,0.0629171875,Healthy Leaf
augmented_Healthy Leaf0314.jpg,139.06890625,174.6330140625,118.2111796875,31.547794435254577,0.057109375,Healthy Leaf
augmented_Healthy Leaf0315.jpg,143.93111875,178.1203453125,124.037690625,37.70852674650373,0.0541203125,Healthy Leaf
augmented_Healthy Leaf0316.jpg,150.062421875,182.656403125,130.8761,42.069560728028925,0.0547421875,Healthy Leaf
augmented_Healthy Leaf0317.jpg,138.099296875,173.685503125,117.200284375,31.516519743592244,0.0565984375,Healthy Leaf
augmented_Healthy Leaf0318.jpg,192.0424171875,234.2210421875,188.553159375,31.523384610792682,0.0224265625,Healthy Leaf
augmented_Healthy Leaf0319.jpg,137.6277421875,178.1163125,131.974909375,29.242238664979954,0.0364546875,Healthy Leaf
augmented_Healthy Leaf0320.jpg,145.5069328125,184.95514375,142.9554296875,40.47669870348607,0.034940625,Healthy Leaf
augmented_Healthy Leaf0321.jpg,145.5069328125,184.95514375,142.9554296875,40.47669870348607,0.034940625,Healthy Leaf
augmented_Healthy Leaf0322.jpg,186.3172875,226.4582359375,179.1939078125,30.98218137265899,0.04506875,Healthy Leaf
augmented_Healthy Leaf0323.jpg,144.96394375,172.4402078125,131.07076875,33.92140373047806,0.0456171875,Healthy Leaf
augmented_Healthy Leaf0324.jpg,169.869,192.1836578125,159.7226328125,50.409252338888344,0.0350078125,Healthy Leaf
augmented_Healthy Leaf0325.jpg,150.56134375,177.9805484375,138.554953125,39.543162861193494,0.04273125,Healthy Leaf
augmented_Healthy Leaf0326.jpg,151.9809203125,179.7020484375,143.465390625,29.980482074081362,0.0263546875,Healthy Leaf
augmented_Healthy Leaf0327.jpg,134.8732609375,168.5559796875,129.6604171875,29.00377275994601,0.0088734375,Healthy Leaf
augmented_Healthy Leaf0328.jpg,144.0797140625,176.84951875,138.5191375,43.92199738042793,0.353290625,Healthy Leaf
augmented_Healthy Leaf0329.jpg,143.9422984375,176.7057859375,138.493465625,43.90293469601067,0.3526046875,Healthy Leaf
augmented_Healthy Leaf0330.jpg,143.98251875,179.4627640625,138.3085484375,30.989522294920008,0.0116671875,Healthy Leaf
augmented_Healthy Leaf0331.jpg,163.0429671875,196.0289625,161.20874375,46.476578197719235,0.0137671875,Healthy Leaf
augmented_Healthy Leaf0332.jpg,165.184078125,197.3682578125,163.4119859375,47.314572273829754,0.014040625,Healthy Leaf
augmented_Healthy Leaf0333.jpg,155.005403125,190.588009375,153.0802078125,42.79953521642246,0.0116828125,Healthy Leaf
augmented_Healthy Leaf0334.jpg,153.1396125,189.298315625,151.1412984375,41.774927075876064,0.011484375,Healthy Leaf
augmented_Healthy Leaf0335.jpg,155.3616875,187.4300046875,150.3809546875,39.62584114220979,0.01051875,Healthy Leaf
augmented_Healthy Leaf0336.jpg,142.9871140625,178.5218890625,137.303815625,30.984611082909808,0.0116984375,Healthy Leaf
augmented_Healthy Leaf0337.jpg,143.708246875,163.7802921875,118.6624453125,49.8528382526449,0.3612640625,Healthy Leaf
augmented_Healthy Leaf0338.jpg,144.281365625,166.296959375,114.955971875,41.19418214274627,0.1352421875,Healthy Leaf
augmented_Healthy Leaf0339.jpg,144.281365625,166.296959375,114.955971875,41.19418214274627,0.1352421875,Healthy Leaf
augmented_Healthy Leaf0340.jpg,144.281365625,166.296959375,114.955971875,41.19418214274627,0.1352421875,Healthy Leaf
augmented_Healthy Leaf0341.jpg,151.818421875,174.7853015625,126.1369953125,50.7905432046021,0.132409375,Healthy Leaf
augmented_Healthy Leaf0342.jpg,186.5630734375,208.05088125,151.8142015625,47.42191006524071,0.125790625,Healthy Leaf
augmented_Healthy Leaf0343.jpg,147.0788375,169.2112890625,117.8910828125,42.276440803178765,0.127596875,Healthy Leaf
augmented_Healthy Leaf0344.jpg,160.3496734375,183.8862140625,137.569196875,55.3104981127106,0.12380625,Healthy Leaf
augmented_Healthy Leaf0345.jpg,154.1335515625,177.8716265625,128.8810078125,51.15596132081413,0.126225,Healthy Leaf
augmented_Healthy Leaf0346.jpg,146.0071390625,168.289984375,116.7483328125,41.734879984361086,0.1248875,Healthy Leaf
augmented_Healthy Leaf0347.jpg,73.768121875,94.8957609375,65.883996875,16.374753260582615,0.013765625,Healthy Leaf
augmented_Healthy Leaf0348.jpg,200.69196875,230.9474359375,182.31916875,35.939622881164325,0.029946875,Healthy Leaf
augmented_Healthy Leaf0349.jpg,143.574184375,176.78531875,129.0579296875,44.29912892011814,0.35465625,Healthy Leaf
augmented_Healthy Leaf0350.jpg,152.0318203125,187.450215625,139.085978125,41.688302432149655,0.0426,Healthy Leaf
augmented_Healthy Leaf0351.jpg,144.4167796875,177.8333796875,127.3841375,43.55833776613634,0.3545671875,Healthy Leaf
augmented_Healthy Leaf0352.jpg,144.5666359375,180.0469328125,126.7665859375,31.223198521165305,0.0410796875,Healthy Leaf
augmented_Healthy Leaf0353.jpg,144.5666359375,180.0469328125,126.7665859375,31.223198521165305,0.0410796875,Healthy Leaf
augmented_Healthy Leaf0354.jpg,158.72148125,193.8563515625,144.1557484375,44.479354866290095,0.03683125,Healthy Leaf
augmented_Healthy Leaf0355.jpg,152.937425,188.5768703125,137.495134375,40.656864396780534,0.0414171875,Healthy Leaf
augmented_Healthy Leaf0356.jpg,152.937425,188.5768703125,137.495134375,40.656864396780534,0.0414171875,Healthy Leaf
augmented_Healthy Leaf0357.jpg,150.3846828125,178.1193234375,132.4050203125,45.88811340721086,0.353478125,Healthy Leaf
augmented_Healthy Leaf0358.jpg,159.4405890625,190.26051875,142.9892421875,40.98291832669671,0.02250625,Healthy Leaf
augmented_Healthy Leaf0359.jpg,161.593153125,189.750884375,153.1222671875,52.59439153322057,0.082346875,Healthy Leaf
augmented_Healthy Leaf0360.jpg,151.9245359375,184.7695265625,144.1463796875,46.97230472804474,0.08899375,Healthy Leaf
augmented_Healthy Leaf0361.jpg,94.8043609375,110.639984375,86.08159375,30.959876086777122,0.12889375,Healthy Leaf
augmented_Healthy Leaf0362.jpg,153.973915625,176.9425109375,141.282621875,49.67502160905566,0.156009375,Healthy Leaf
augmented_Healthy Leaf0363.jpg,153.973915625,176.9425109375,141.282621875,49.67502160905566,0.156009375,Healthy Leaf
augmented_Healthy Leaf0364.jpg,173.7856984375,195.099096875,166.1923015625,54.727061726123765,0.114428125,Healthy Leaf
augmented_Healthy Leaf0365.jpg,151.0160109375,179.7352515625,133.869459375,30.481988346987773,0.0345578125,Healthy Leaf
augmented_Healthy Leaf0366.jpg,150.7684796875,177.7454484375,134.4409609375,42.9801139897426,0.3534015625,Healthy Leaf
augmented_Healthy Leaf0367.jpg,89.1482015625,108.5695515625,80.9046625,19.966002805335034,0.0179203125,Healthy Leaf
augmented_Healthy Leaf0368.jpg,146.1972578125,174.0904453125,133.316015625,33.106759813061785,0.039825,Healthy Leaf
augmented_Healthy Leaf0369.jpg,145.642690625,172.34454375,133.9484390625,44.49059325311038,0.3522734375,Healthy Leaf
augmented_Healthy Leaf0370.jpg,146.2292546875,174.088040625,133.33038125,33.13690489983782,0.039846875,Healthy Leaf
augmented_Healthy Leaf0371.jpg,156.4336625,184.05699375,146.0969390625,40.4404330612005,0.0403109375,Healthy Leaf
augmented_Healthy Leaf0372.jpg,148.51169375,175.7528625,135.2500234375,30.852915081945024,0.0295203125,Healthy Leaf
augmented_Healthy Leaf0373.jpg,155.347959375,184.7569859375,146.3979609375,42.14462654875796,0.028415625,Healthy Leaf
augmented_Healthy Leaf0374.jpg,133.6746171875,153.70573125,117.4604796875,27.711142760223726,0.034403125,Healthy Leaf
augmented_Healthy Leaf0375.jpg,150.1455578125,170.546021875,133.093928125,43.282034150561,0.3537671875,Healthy Leaf
augmented_Healthy Leaf0376.jpg,150.2641328125,170.5839390625,132.9941484375,43.20799752165658,0.352421875,Healthy Leaf
augmented_Healthy Leaf0377.jpg,150.2103234375,170.520490625,133.0640046875,43.28228448551439,0.352128125,Healthy Leaf
augmented_Healthy Leaf0378.jpg,150.5786609375,172.388503125,132.451796875,31.111333087138597,0.04038125,Healthy Leaf
augmented_Healthy Leaf0379.jpg,159.748103125,180.7735296875,143.6328578125,40.79210704972341,0.04074375,Healthy Leaf
augmented_Healthy Leaf0380.jpg,159.748103125,180.7735296875,143.6328578125,40.79210704972341,0.04074375,Healthy Leaf
augmented_Healthy Leaf0381.jpg,159.748103125,180.7735296875,143.6328578125,40.79210704972341,0.04074375,Healthy Leaf
augmented_Healthy Leaf0382.jpg,159.748103125,180.7735296875,143.6328578125,40.79210704972341,0.04074375,Healthy Leaf
augmented_Healthy Leaf0383.jpg,149.57505,171.4167234375,131.442153125,31.001107411386165,0.0359125,Healthy Leaf
augmented_Healthy Leaf0384.jpg,154.998175,166.682040625,143.8456734375,32.642258707034514,0.0195453125,Healthy Leaf
augmented_Healthy Leaf0385.jpg,162.646959375,179.8791453125,158.4295265625,48.435810924407754,0.35735,Healthy Leaf
augmented_Healthy Leaf0386.jpg,169.6247421875,182.621515625,158.1193953125,35.9499959969344,0.0254046875,Healthy Leaf
augmented_Healthy Leaf0387.jpg,170.5371140625,182.1069421875,157.59376875,39.09397153592294,0.0432671875,Healthy Leaf
augmented_Healthy Leaf0388.jpg,170.5371140625,182.1069421875,157.59376875,39.09397153592294,0.0432671875,Healthy Leaf
augmented_Healthy Leaf0389.jpg,184.6566828125,192.795659375,172.79226875,45.793373385020026,0.039303125,Healthy Leaf
augmented_Healthy Leaf0390.jpg,180.68851875,191.9668265625,170.2631828125,40.590427843081116,0.0394625,Healthy Leaf
augmented_Healthy Leaf0391.jpg,169.635425,181.1647515625,156.6739234375,39.07220565530298,0.0435828125,Healthy Leaf
augmented_Healthy Leaf0392.jpg,169.6109015625,181.1428859375,156.609478125,39.0936849990991,0.04333125,Healthy Leaf
augmented_Healthy Leaf0393.jpg,141.7905546875,177.7776265625,140.8010140625,47.97019609055521,0.3567078125,Healthy Leaf
augmented_Healthy Leaf0394.jpg,163.4367640625,195.70316875,163.5421171875,43.7582082630179,0.030959375,Healthy Leaf
augmented_Healthy Leaf0395.jpg,129.4674640625,150.8488234375,119.733615625,36.13850738561293,0.0064453125,Healthy Leaf
augmented_Healthy Leaf0396.jpg,156.65859375,181.1706234375,145.0388421875,43.83127898804786,0.0097703125,Healthy Leaf
augmented_Healthy Leaf0397.jpg,156.65859375,181.1706234375,145.0388421875,43.83127898804786,0.0097703125,Healthy Leaf
augmented_Healthy Leaf0398.jpg,128.25726875,163.737546875,117.85368125,69.50452129672678,0.0509375,Healthy Leaf
augmented_Healthy Leaf0399.jpg,83.6988875,110.9508578125,76.7651625,46.36736268516357,0.0372015625,Healthy Leaf
augmented_Healthy Leaf0400.jpg,122.656178125,148.1578,114.2179796875,70.85416504097142,0.3596,Healthy Leaf
augmented_Healthy Leaf0401.jpg,131.5610125,166.683059375,123.4852015625,71.86005152687625,0.0560984375,Healthy Leaf
augmented_Healthy Leaf0402.jpg,112.5956046875,151.2744984375,106.134728125,62.63411399348913,0.11085,Healthy Leaf
augmented_Healthy Leaf0403.jpg,147.2592859375,179.968403125,138.8261828125,70.07097099797156,0.0500203125,Healthy Leaf
augmented_Healthy Leaf0404.jpg,120.07304375,159.7124296875,113.532603125,65.65518050979533,0.100453125,Healthy Leaf
augmented_Healthy Leaf0405.jpg,125.70870625,163.7315734375,119.4764109375,66.9985169784668,0.098621875,Healthy Leaf
augmented_Healthy Leaf0406.jpg,125.27275625,163.477396875,118.96829375,66.88789135922512,0.0990203125,Healthy Leaf
augmented_Healthy Leaf0407.jpg,128.707646875,168.6954234375,124.5239859375,70.54347394746397,0.1091765625,Healthy Leaf
augmented_Healthy Leaf0408.jpg,115.0633125,154.893134375,108.8320796875,64.11641672707758,0.1026703125,Healthy Leaf
augmented_Healthy Leaf0409.jpg,149.40574375,175.5238046875,119.1705078125,81.59070849616116,0.03560625,Healthy Leaf
augmented_Healthy Leaf0410.jpg,70.6526265625,96.710234375,54.318671875,46.5815987399774,0.0387453125,Healthy Leaf
augmented_Healthy Leaf0411.jpg,137.288659375,167.543015625,107.1868609375,80.82913303840242,0.0384625,Healthy Leaf
augmented_Healthy Leaf0412.jpg,108.56121875,144.108065625,83.955753125,71.81807557779715,0.0643953125,Healthy Leaf
augmented_Healthy Leaf0413.jpg,115.6740625,139.869896875,98.1469484375,73.48742702612599,0.3620390625,Healthy Leaf
augmented_Healthy Leaf0414.jpg,108.5604265625,144.1145078125,83.931175,71.77892395789083,0.063371875,Healthy Leaf
augmented_Healthy Leaf0415.jpg,136.9086375,166.494815625,116.082115625,80.96137898030369,0.044,Healthy Leaf
augmented_Healthy Leaf0416.jpg,107.639478125,143.199978125,82.977540625,71.80024307682876,0.0633109375,Healthy Leaf
augmented_Healthy Leaf0417.jpg,113.1643234375,150.26418125,86.4469640625,73.09080015875172,0.0390171875,Healthy Leaf
augmented_Healthy Leaf0418.jpg,113.1643234375,150.26418125,86.4469640625,73.09080015875172,0.0390171875,Healthy Leaf
augmented_Healthy Leaf0419.jpg,113.154746875,150.2562140625,86.4119578125,73.07131932642822,0.038878125,Healthy Leaf
augmented_Healthy Leaf0420.jpg,113.154746875,150.2562140625,86.4119578125,73.07131932642822,0.038878125,Healthy Leaf
augmented_Healthy Leaf0421.jpg,129.027784375,163.3372265625,102.7357921875,77.81871933538869,0.039440625,Healthy Leaf
augmented_Healthy Leaf0422.jpg,112.2423453125,149.3066765625,85.5000640625,73.08524338483863,0.0389578125,Healthy Leaf
augmented_Healthy Leaf0423.jpg,111.1098703125,148.396975,83.685253125,70.82240762368048,0.0580296875,Healthy Leaf
augmented_Healthy Leaf0424.jpg,127.617934375,161.91166875,100.492028125,76.13542165943089,0.0589171875,Healthy Leaf
augmented_Healthy Leaf0425.jpg,128.0441046875,166.2841515625,90.896675,67.01832492345797,0.0396234375,Healthy Leaf
augmented_Healthy Leaf0426.jpg,125.0519703125,162.9488390625,88.731328125,65.74428691217207,0.0401140625,Healthy Leaf
augmented_Healthy Leaf0427.jpg,136.3484625,171.3707484375,100.4160234375,69.4030777568178,0.0393796875,Healthy Leaf
augmented_Healthy Leaf0428.jpg,124.142284375,162.0449140625,87.7994390625,65.7109351758677,0.0410390625,Healthy Leaf
augmented_Healthy Leaf0429.jpg,155.7313578125,193.4476953125,103.95865625,72.96091523186806,0.03615625,Healthy Leaf
augmented_Healthy Leaf0430.jpg,155.7313578125,193.4476953125,103.95865625,72.96091523186806,0.03615625,Healthy Leaf
augmented_Healthy Leaf0431.jpg,138.370115625,174.325178125,96.48803125,68.2286264394102,0.0512140625,Healthy Leaf
augmented_Healthy Leaf0432.jpg,138.8154265625,174.877553125,98.9254515625,68.92800626314323,0.0529875,Healthy Leaf
augmented_Healthy Leaf0433.jpg,71.548575,97.0997390625,47.3826640625,34.4140728471122,0.0162015625,Healthy Leaf
augmented_Healthy Leaf0434.jpg,126.030415625,156.4424375,91.0264625,62.505294942989075,0.3561203125,Healthy Leaf
augmented_Healthy Leaf0435.jpg,125.9374921875,156.434178125,91.0141515625,62.46219942325924,0.35616875,Healthy Leaf
augmented_Healthy Leaf0436.jpg,121.0547609375,160.51135625,81.1927921875,58.87438821773136,0.0334234375,Healthy Leaf
augmented_Healthy Leaf0437.jpg,132.770709375,169.3507328125,96.57409375,65.2655827079651,0.029415625,Healthy Leaf
augmented_Healthy Leaf0438.jpg,147.6945875,179.925378125,117.6948609375,70.15887631121032,0.0240046875,Healthy Leaf
augmented_Healthy Leaf0439.jpg,120.055578125,159.5923546875,80.1979609375,58.87158611963399,0.0342015625,Healthy Leaf
augmented_Healthy Leaf0440.jpg,93.3221734375,118.6790734375,72.1535,53.15145186388299,0.0363171875,Healthy Leaf
augmented_Healthy Leaf0441.jpg,122.03040625,152.475128125,94.7582078125,69.00824906688402,0.042615625,Healthy Leaf
augmented_Healthy Leaf0442.jpg,121.9909734375,152.437821875,94.7223796875,68.99782379067341,0.042459375,Healthy Leaf
augmented_Healthy Leaf0443.jpg,121.9909734375,152.437821875,94.7223796875,68.99782379067341,0.042459375,Healthy Leaf
augmented_Healthy Leaf0444.jpg,138.117934375,164.6249578125,111.449996875,74.58052163525733,0.0406421875,Healthy Leaf
augmented_Healthy Leaf0445.jpg,130.459240625,157.42181875,105.12048125,74.48795622376437,0.04085,Healthy Leaf
augmented_Healthy Leaf0446.jpg,124.550275,151.85366875,107.297275,68.59250978489713,0.0435078125,Healthy Leaf
augmented_Healthy Leaf0447.jpg,123.58324375,150.970390625,106.3008859375,68.62450944198028,0.0458390625,Healthy Leaf
augmented_Healthy Leaf0448.jpg,82.9090828125,100.383665625,73.026846875,51.0236709121751,0.030603125,Healthy Leaf
augmented_Healthy Leaf0449.jpg,152.8623140625,167.3375953125,136.906640625,82.47136755061202,0.027475,Healthy Leaf
augmented_Healthy Leaf0450.jpg,126.67865,148.0413453125,112.1208390625,76.77295695147443,0.040640625,Healthy Leaf
augmented_Healthy Leaf0451.jpg,150.42369375,170.925025,141.1237625,82.14389496951276,0.0356375,Healthy Leaf
augmented_Healthy Leaf0452.jpg,121.5883390625,143.44620625,107.2649859375,75.05640441154482,0.0428453125,Healthy Leaf
augmented_Healthy Leaf0453.jpg,132.7099734375,146.099146875,122.653125,71.11680675581904,0.360875,Healthy Leaf
augmented_Healthy Leaf0454.jpg,132.978475,152.677865625,119.834571875,68.51179849726813,0.01463125,Healthy Leaf
augmented_Healthy Leaf0455.jpg,141.802040625,170.09131875,122.8280453125,59.74683911073768,0.0460984375,Healthy Leaf
augmented_Healthy Leaf0456.jpg,141.0826296875,163.2998625,125.9876953125,65.73312607355855,0.359678125,Healthy Leaf
augmented_Healthy Leaf0457.jpg,141.118296875,163.359359375,126.0150734375,65.64920586154172,0.3594453125,Healthy Leaf
augmented_Healthy Leaf0458.jpg,141.817121875,170.101521875,122.840675,59.749027315996734,0.0459515625,Healthy Leaf
augmented_Healthy Leaf0459.jpg,152.007521875,177.8956828125,134.113765625,63.49898661153556,0.04269375,Healthy Leaf
augmented_Healthy Leaf0460.jpg,152.1080234375,178.48575,134.83145,65.08782349012553,0.04510625,Healthy Leaf
augmented_Healthy Leaf0461.jpg,152.1080234375,178.48575,134.83145,65.08782349012553,0.04510625,Healthy Leaf
augmented_Healthy Leaf0462.jpg,138.08390625,161.4196203125,119.73656875,65.5993050792928,0.3578390625,Healthy Leaf
augmented_Healthy Leaf0463.jpg,138.099196875,167.0510421875,115.427828125,60.26989623465686,0.0546671875,Healthy Leaf
augmented_Healthy Leaf0464.jpg,178.951909375,206.8842375,174.9239375,69.45899469285295,0.0358921875,Healthy Leaf
augmented_Healthy Leaf0465.jpg,124.9269921875,164.71135,122.556021875,61.749023970552884,0.08960625,Healthy Leaf
augmented_Healthy Leaf0466.jpg,151.6379640625,186.3475265625,150.48743125,70.44996079433568,0.07001875,Healthy Leaf
augmented_Healthy Leaf0467.jpg,84.2069671875,112.141671875,79.5508953125,42.36095285966443,0.0396734375,Healthy Leaf
augmented_Healthy Leaf0468.jpg,143.9126234375,180.244840625,139.5602953125,69.27451022879225,0.055871875,Healthy Leaf
augmented_Healthy Leaf0469.jpg,137.7371359375,172.5961640625,130.763809375,68.92219567421544,0.0684109375,Healthy Leaf
augmented_Healthy Leaf0470.jpg,137.7371359375,172.5961640625,130.763809375,68.92219567421544,0.0684109375,Healthy Leaf
augmented_Healthy Leaf0471.jpg,130.599465625,153.147215625,116.7483078125,73.82705777287082,0.3611984375,Healthy Leaf
augmented_Healthy Leaf0472.jpg,127.01900625,158.4548640625,108.9293234375,71.74888906289054,0.0720046875,Healthy Leaf
augmented_Healthy Leaf0473.jpg,127.01900625,158.4548640625,108.9293234375,71.74888906289054,0.0720046875,Healthy Leaf
augmented_Healthy Leaf0474.jpg,127.01900625,158.4548640625,108.9293234375,71.74888906289054,0.0720046875,Healthy Leaf
augmented_Healthy Leaf0475.jpg,133.84106875,163.7151265625,117.2115625,74.5190109983451,0.0625796875,Healthy Leaf
augmented_Healthy Leaf0476.jpg,137.809984375,166.9086625,122.1026421875,75.66549831738739,0.060809375,Healthy Leaf
augmented_Healthy Leaf0477.jpg,126.0474390625,157.6298390625,107.94234375,71.70100789537886,0.0695375,Healthy Leaf
augmented_Healthy Leaf0478.jpg,131.513059375,148.032453125,121.0050734375,76.37396680508796,0.362321875,Healthy Leaf
augmented_Healthy Leaf0479.jpg,156.8482265625,184.9000359375,148.4003578125,78.45858318619074,0.078909375,Healthy Leaf
augmented_Healthy Leaf0480.jpg,160.393884375,187.3370671875,152.0535,79.01305702103035,0.07718125,Healthy Leaf
augmented_Healthy Leaf0481.jpg,128.2971078125,155.6712328125,114.2798078125,74.06374694524955,0.086071875,Healthy Leaf
augmented_Healthy Leaf0482.jpg,128.300378125,155.6095453125,114.30116875,74.10345204536324,0.088228125,Healthy Leaf
augmented_Healthy Leaf0483.jpg,95.99995,116.875428125,85.5317859375,54.98796459166814,0.0619203125,Healthy Leaf
augmented_Healthy Leaf0484.jpg,130.972253125,146.484675,120.217578125,75.42629438020565,0.36143125,Healthy Leaf
augmented_Healthy Leaf0485.jpg,128.603815625,153.6849015625,114.753903125,72.89453591065764,0.079071875,Healthy Leaf
augmented_Healthy Leaf0486.jpg,143.8603796875,167.6895015625,131.09935625,77.16580514550606,0.0824046875,Healthy Leaf
augmented_Healthy Leaf0487.jpg,127.5884328125,152.8157796875,113.7323703125,72.92669555789823,0.0777546875,Healthy Leaf
augmented_Healthy Leaf0488.jpg,117.7378234375,147.0853,99.0029078125,71.58216086365398,0.04970625,Healthy Leaf
augmented_Healthy Leaf0489.jpg,137.390596875,164.1002046875,120.6444984375,79.7699407124927,0.0467875,Healthy Leaf
augmented_Healthy Leaf0490.jpg,130.35028125,157.29574375,109.581846875,73.08343740839979,0.044971875,Healthy Leaf
augmented_Healthy Leaf0491.jpg,88.401628125,111.5768984375,73.100246875,53.01301424274057,0.0540859375,Healthy Leaf
augmented_Healthy Leaf0492.jpg,103.55378125,127.988740625,115.443603125,28.19174749848781,0.001903125,Healthy Leaf
augmented_Healthy Leaf0493.jpg,120.220434375,141.949684375,130.7339625,57.03897521526655,0.00279375,Healthy Leaf
augmented_Healthy Leaf0494.jpg,115.9127125,138.1329796875,126.9773796875,50.14711405486675,0.0032015625,Healthy Leaf
augmented_Healthy Leaf0495.jpg,216.1947046875,228.88004375,200.2551234375,44.8810058637907,0.0226234375,Healthy Leaf
augmented_Healthy Leaf0496.jpg,164.8996,182.398290625,153.203465625,41.065693273004385,0.0411671875,Healthy Leaf
augmented_Healthy Leaf0497.jpg,195.6112640625,204.165109375,178.14903125,48.4818640145451,0.0060234375,Healthy Leaf
augmented_Healthy Leaf0498.jpg,164.007315625,184.9293015625,160.2979390625,35.27371438703033,0.02421875,Healthy Leaf
augmented_Healthy Leaf0499.jpg,164.007315625,184.9293015625,160.2979390625,35.27371438703033,0.02421875,Healthy Leaf
augmented_Healthy Leaf0500.jpg,164.023425,184.9422875,160.30710625,35.28370949224171,0.0257609375,Healthy Leaf
augmented_Healthy Leaf0501.jpg,171.1537,190.4968515625,168.0743984375,41.19036432776838,0.024578125,Healthy Leaf
augmented_Healthy Leaf0502.jpg,163.02364375,183.9344921875,159.297128125,35.25841158237933,0.0232640625,Healthy Leaf
augmented_Healthy Leaf0503.jpg,165.5963921875,182.34571875,155.960621875,39.12660938684839,0.050575,Healthy Leaf
augmented_Healthy Leaf0504.jpg,171.709865625,187.2749765625,163.2926796875,44.92284099931348,0.0510078125,Healthy Leaf
augmented_Healthy Leaf0505.jpg,158.8642,176.4036421875,153.269765625,51.14833002758212,0.3561,Healthy Leaf
augmented_Healthy Leaf0506.jpg,158.8926296875,176.4501109375,153.3400875,51.09282612116402,0.3553984375,Healthy Leaf
augmented_Healthy Leaf0507.jpg,161.78030625,179.7967296875,156.0549046875,41.438358811062194,0.025925,Healthy Leaf
augmented_Healthy Leaf0508.jpg,177.734821875,194.016790625,174.5817046875,51.30776528515484,0.0198453125,Healthy Leaf
augmented_Healthy Leaf0509.jpg,165.0202640625,183.1447609375,159.6272625,43.8192882190807,0.0222,Healthy Leaf
augmented_Healthy Leaf0510.jpg,175.092703125,191.98330625,171.775971875,49.93658251281215,0.020103125,Healthy Leaf
augmented_Healthy Leaf0511.jpg,167.867584375,181.488859375,164.2493859375,55.39015824049849,0.3590078125,Healthy Leaf
augmented_Healthy Leaf0512.jpg,169.143053125,187.94789375,165.7036828125,42.97919927591416,0.0131390625,Healthy Leaf
augmented_Healthy Leaf0513.jpg,175.77805,194.7805703125,173.372196875,47.82144141670231,0.0131859375,Healthy Leaf
augmented_Healthy Leaf0514.jpg,126.2518609375,144.94394375,119.019659375,34.75812380386381,0.015665625,Healthy Leaf
augmented_Healthy Leaf0515.jpg,179.177953125,203.1526578125,169.151909375,49.749137546466706,0.0269375,Healthy Leaf
augmented_Healthy Leaf0516.jpg,171.26758125,184.8010484375,165.380996875,66.55278735046636,0.3674859375,Healthy Leaf
augmented_Healthy Leaf0517.jpg,171.4342390625,184.7928328125,165.430540625,66.5649828750248,0.366409375,Healthy Leaf
augmented_Healthy Leaf0518.jpg,179.19548125,203.1633984375,169.1811203125,49.736855283582216,0.027140625,Healthy Leaf
augmented_Healthy Leaf0519.jpg,180.3272375,192.9272234375,181.24889375,55.23855662128261,0.0295375,Healthy Leaf
augmented_Healthy Leaf0520.jpg,180.3272375,192.9272234375,181.24889375,55.23855662128261,0.0295375,Healthy Leaf
augmented_Healthy Leaf0521.jpg,180.3272375,192.9272234375,181.24889375,55.23855662128261,0.0295375,Healthy Leaf
augmented_Healthy Leaf0522.jpg,192.149546875,206.6288875,194.9932984375,54.68515486646817,0.0288,Healthy Leaf
augmented_Healthy Leaf0523.jpg,186.384028125,199.7299078125,188.37100625,54.79889119685432,0.0278828125,Healthy Leaf
augmented_Healthy Leaf0524.jpg,194.8536875,208.8780859375,197.5278875,54.663352261732285,0.0294359375,Healthy Leaf
augmented_Healthy Leaf0525.jpg,175.6257875,193.32348125,172.5418296875,35.72333485139432,0.0113578125,Healthy Leaf
augmented_Healthy Leaf0526.jpg,173.4604625,186.829475,170.3881625,50.64874224660457,0.359115625,Healthy Leaf
augmented_Healthy Leaf0527.jpg,231.656209375,231.426934375,220.440059375,41.46922500655086,0.0074625,Healthy Leaf
augmented_Healthy Leaf0528.jpg,176.7658984375,180.992915625,168.9062484375,65.16784762549433,0.3674359375,Healthy Leaf
augmented_Healthy Leaf0529.jpg,184.2358484375,199.868134375,176.67194375,46.54448055571116,0.0158234375,Healthy Leaf
augmented_Healthy Leaf0530.jpg,184.2358484375,199.868134375,176.67194375,46.54448055571116,0.0158234375,Healthy Leaf
augmented_Healthy Leaf0531.jpg,116.7103953125,129.2474859375,113.5167078125,29.65301937889541,0.0227328125,Healthy Leaf
augmented_Healthy Leaf0532.jpg,184.5352984375,200.947771875,179.085503125,47.31262092835022,0.0587625,Healthy Leaf
augmented_Healthy Leaf0533.jpg,194.20554375,210.527390625,190.6772203125,46.03962862423428,0.05420625,Healthy Leaf
augmented_Healthy Leaf0534.jpg,190.442315625,208.2411390625,186.5887625,48.53991214608857,0.060634375,Healthy Leaf
augmented_Healthy Leaf0535.jpg,190.442315625,208.2411390625,186.5887625,48.53991214608857,0.060634375,Healthy Leaf
augmented_Healthy Leaf0536.jpg,190.442315625,208.2411390625,186.5887625,48.53991214608857,0.060634375,Healthy Leaf
augmented_Healthy Leaf0537.jpg,183.5485265625,199.9814515625,178.057040625,47.314023666344156,0.059278125,Healthy Leaf
augmented_Healthy Leaf0538.jpg,183.5253078125,199.984940625,178.0396578125,47.2413050674034,0.056453125,Healthy Leaf
augmented_Healthy Leaf0539.jpg,183.5349296875,199.9883234375,178.052103125,47.23423384740423,0.0536734375,Healthy Leaf
augmented_Healthy Leaf0540.jpg,194.2804515625,213.7136109375,192.59440625,35.75287277790068,0.00690625,Healthy Leaf
augmented_Healthy Leaf0541.jpg,190.2630671875,211.2575296875,188.4177796875,33.73501896487475,0.0069765625,Healthy Leaf
augmented_Healthy Leaf0542.jpg,186.199184375,208.994053125,184.5332015625,31.048230598387008,0.0068890625,Healthy Leaf
augmented_Healthy Leaf0543.jpg,165.51443125,207.216721875,152.424303125,74.69705801910783,0.141525,Healthy Leaf
augmented_Healthy Leaf0544.jpg,134.446965625,164.17605,135.9543203125,73.72352667100847,0.363871875,Healthy Leaf
augmented_Healthy Leaf0545.jpg,132.9186671875,170.534575,132.1459890625,71.6414046120864,0.115028125,Healthy Leaf
augmented_Healthy Leaf0546.jpg,132.9186671875,170.534575,132.1459890625,71.6414046120864,0.115028125,Healthy Leaf
augmented_Healthy Leaf0547.jpg,132.9186671875,170.534575,132.1459890625,71.6414046120864,0.115028125,Healthy Leaf
augmented_Healthy Leaf0548.jpg,132.9186671875,170.534575,132.1459890625,71.6414046120864,0.115028125,Healthy Leaf
augmented_Healthy Leaf0549.jpg,141.2132140625,176.713240625,137.7159125,78.50376503460315,0.10529375,Healthy Leaf
augmented_Healthy Leaf0550.jpg,142.1345203125,177.4620265625,138.5738234375,78.99863005069159,0.1051609375,Healthy Leaf
augmented_Healthy Leaf0551.jpg,131.81515625,169.7572546875,131.1058,71.65895550988267,0.115275,Healthy Leaf
augmented_Healthy Leaf0552.jpg,118.8921625,155.5168875,102.508859375,72.24862349111325,0.003853125,Healthy Leaf
augmented_Healthy Leaf0553.jpg,109.5783625,137.794053125,106.044265625,68.35734821136634,0.3560375,Healthy Leaf
augmented_Healthy Leaf0554.jpg,111.2234375,146.107784375,96.5269453125,70.7012698768156,0.003059375,Healthy Leaf
augmented_Healthy Leaf0555.jpg,107.847953125,145.0987390625,94.380225,69.74576126911869,0.099946875,Healthy Leaf
augmented_Healthy Leaf0556.jpg,107.847953125,145.0987390625,94.380225,69.74576126911869,0.099946875,Healthy Leaf
augmented_Healthy Leaf0557.jpg,114.267415625,150.9666984375,99.7357890625,77.78412982785397,0.091434375,Healthy Leaf
augmented_Healthy Leaf0558.jpg,116.092975,152.4590296875,102.67828125,77.9841053989072,0.1005234375,Healthy Leaf
augmented_Healthy Leaf0559.jpg,123.929575,145.2222890625,131.4662640625,74.18039884234483,0.3590890625,Healthy Leaf
augmented_Healthy Leaf0560.jpg,126.14940625,156.96660625,121.7686890625,81.86750878509093,0.0758171875,Healthy Leaf
augmented_Healthy Leaf0561.jpg,128.917971875,158.9512609375,124.1275890625,84.12748260687096,0.075153125,Healthy Leaf
augmented_Healthy Leaf0562.jpg,119.0183109375,151.3581109375,116.3187234375,75.27798315033789,0.0753921875,Healthy Leaf
augmented_Healthy Leaf0563.jpg,160.30055,196.545334375,147.009990625,83.2340763754132,0.0893328125,Healthy Leaf
augmented_Healthy Leaf0564.jpg,78.2793921875,101.6568375,76.4076671875,45.87799672456202,0.034321875,Healthy Leaf
augmented_Healthy Leaf0565.jpg,159.8629203125,195.733915625,146.7500359375,83.66413640092739,0.088378125,Healthy Leaf
augmented_Healthy Leaf0566.jpg,132.706803125,167.096384375,128.846025,78.72634918659693,0.0686046875,Healthy Leaf
augmented_Healthy Leaf0567.jpg,134.042209375,168.029996875,129.5008546875,80.0866212280403,0.0648796875,Healthy Leaf
augmented_Healthy Leaf0568.jpg,134.18923125,168.1178203125,129.57731875,80.19595198577888,0.06468125,Healthy Leaf
augmented_Healthy Leaf0569.jpg,131.7322703125,166.2343921875,127.8209765625,78.66670774889806,0.062525,Healthy Leaf
augmented_Healthy Leaf0570.jpg,152.7088984375,193.0747796875,137.01756875,79.8082635983884,0.11054375,Healthy Leaf
augmented_Healthy Leaf0571.jpg,128.8567125,164.6536375,121.6787921875,77.83402826578904,0.088278125,Healthy Leaf
augmented_Healthy Leaf0572.jpg,128.8736609375,164.6704625,121.6703703125,77.79021494397507,0.0872984375,Healthy Leaf
augmented_Healthy Leaf0573.jpg,130.5128015625,165.920328125,122.44515,79.74031831146078,0.081825,Healthy Leaf
augmented_Healthy Leaf0574.jpg,134.7710890625,169.62036875,126.8842078125,82.17531831403389,0.0874234375,Healthy Leaf
augmented_Healthy Leaf0575.jpg,126.67045,165.2469546875,124.5370703125,69.04316233107797,0.077171875,Healthy Leaf
augmented_Healthy Leaf0576.jpg,137.0481375,173.7069640625,132.38445,78.09025267499955,0.0706578125,Healthy Leaf
augmented_Healthy Leaf0577.jpg,133.14486875,170.2728359375,130.1376359375,73.99187277354245,0.07511875,Healthy Leaf
augmented_Healthy Leaf0578.jpg,113.1448671875,147.0424625,111.765646875,73.0458150386398,0.0494140625,Healthy Leaf
augmented_Healthy Leaf0579.jpg,67.6509,87.245115625,68.3548609375,43.284310363142005,0.027409375,Healthy Leaf
augmented_Healthy Leaf0580.jpg,119.2299171875,148.4697734375,119.298271875,77.38771144687477,0.0580234375,Healthy Leaf
augmented_Healthy Leaf0581.jpg,126.2402578125,141.16255,137.0899578125,74.98967499035099,0.36009375,Healthy Leaf
augmented_Healthy Leaf0582.jpg,138.6565953125,164.5389125,136.6537578125,92.73569503623295,0.050803125,Healthy Leaf
augmented_Healthy Leaf0583.jpg,124.2485234375,152.7622578125,123.52235625,82.19942112484736,0.0530921875,Healthy Leaf
augmented_Healthy Leaf0584.jpg,118.1846046875,147.61329375,118.2806625,77.39353762043233,0.050434375,Healthy Leaf
augmented_Healthy Leaf0585.jpg,172.34845625,203.569796875,160.67330625,62.18601538558386,0.096140625,Healthy Leaf
augmented_Healthy Leaf0586.jpg,118.172459375,143.1096109375,105.749065625,59.08774966260684,0.3526234375,Healthy Leaf
augmented_Healthy Leaf0587.jpg,118.1533890625,143.078603125,105.6665546875,59.07875639784248,0.352415625,Healthy Leaf
augmented_Healthy Leaf0588.jpg,119.2944375,145.185515625,97.2333890625,54.25621555571401,0.10144375,Healthy Leaf
augmented_Healthy Leaf0589.jpg,119.2944375,145.185515625,97.2333890625,54.25621555571401,0.10144375,Healthy Leaf
augmented_Healthy Leaf0590.jpg,137.246765625,159.8899390625,118.9489171875,66.97747744579708,0.088171875,Healthy Leaf
augmented_Healthy Leaf0591.jpg,132.386825,155.8375171875,112.7848515625,64.14665728807746,0.091765625,Healthy Leaf
augmented_Healthy Leaf0592.jpg,137.4128078125,160.02785,119.1601609375,67.04718449636586,0.0892,Healthy Leaf
augmented_Healthy Leaf0593.jpg,125.909940625,150.7229984375,104.8773609375,59.71630292249218,0.0931578125,Healthy Leaf
augmented_Healthy Leaf0594.jpg,127.1761,151.0600734375,106.834575,62.046887553287476,0.0967140625,Healthy Leaf
augmented_Healthy Leaf0595.jpg,170.7392953125,198.152371875,137.9798125,69.71654268314178,0.1293140625,Healthy Leaf
augmented_Healthy Leaf0596.jpg,140.3487203125,162.8547171875,126.30626875,69.7371786681911,0.0951796875,Healthy Leaf
augmented_Healthy Leaf0597.jpg,140.3487203125,162.8547171875,126.30626875,69.7371786681911,0.0951796875,Healthy Leaf
augmented_Healthy Leaf0598.jpg,138.9560859375,164.4433953125,125.645315625,63.040808150633666,0.06805,Healthy Leaf
augmented_Healthy Leaf0599.jpg,134.958946875,157.359953125,123.9160265625,66.15768989945137,0.356596875,Healthy Leaf
augmented_Healthy Leaf0600.jpg,148.0484140625,171.60273125,136.55,66.41904156919158,0.0655546875,Healthy Leaf
augmented_Healthy Leaf0601.jpg,138.1409875,163.6334125,124.79073125,62.94184773413838,0.061721875,Healthy Leaf
augmented_Healthy Leaf0602.jpg,142.83254375,169.30046875,128.1166859375,56.34174398328271,0.090375,Healthy Leaf
augmented_Healthy Leaf0603.jpg,140.7896875,164.81961875,127.8357734375,61.73763510761659,0.355721875,Healthy Leaf
augmented_Healthy Leaf0604.jpg,158.1568109375,182.403353125,143.3239203125,64.60661329451092,0.08255,Healthy Leaf
augmented_Healthy Leaf0605.jpg,84.219440625,101.2667796875,81.1130765625,35.42365215723989,0.0333296875,Healthy Leaf
augmented_Healthy Leaf0606.jpg,145.1937140625,169.9585078125,138.2117890625,62.11463642543409,0.0757671875,Healthy Leaf
augmented_Healthy Leaf0607.jpg,143.1023296875,164.7028890625,139.7135109375,66.62505957638629,0.356959375,Healthy Leaf
augmented_Healthy Leaf0608.jpg,151.626771875,176.9230140625,139.184265625,56.40978263882674,0.0446765625,Healthy Leaf
augmented_Healthy Leaf0609.jpg,151.626771875,176.9230140625,139.184265625,56.40978263882674,0.0446765625,Healthy Leaf
augmented_Healthy Leaf0610.jpg,151.00383125,175.9624703125,138.3905046875,56.428880078698114,0.040740625,Healthy Leaf
augmented_Healthy Leaf0611.jpg,116.8040265625,142.4755859375,97.91473125,49.130637876549486,0.0512125,Healthy Leaf
augmented_Healthy Leaf0612.jpg,116.5108640625,141.038990625,107.21826875,55.130071268789905,0.350621875,Healthy Leaf
augmented_Healthy Leaf0613.jpg,116.8398125,142.4919515625,97.988521875,49.17871422408618,0.05224375,Healthy Leaf
augmented_Healthy Leaf0614.jpg,124.3050390625,149.83708125,109.3786234375,60.75414403923889,0.09739375,Healthy Leaf
augmented_Healthy Leaf0615.jpg,124.2829484375,149.8057421875,109.3869296875,60.744790071168325,0.0978296875,Healthy Leaf
augmented_Healthy Leaf0616.jpg,123.442215625,149.0492203125,108.4181359375,60.58824175820497,0.0880328125,Healthy Leaf
augmented_Healthy Leaf0617.jpg,127.5753953125,151.8870421875,114.5678328125,49.34738499260235,0.103146875,Healthy Leaf
augmented_Healthy Leaf0618.jpg,145.341475,169.2021484375,130.394025,65.07563110062303,0.0966890625,Healthy Leaf
augmented_Healthy Leaf0619.jpg,131.0459453125,162.2104515625,106.2011109375,68.0420527961448,0.01240625,Healthy Leaf
augmented_Healthy Leaf0620.jpg,131.0459453125,162.2104515625,106.2011109375,68.0420527961448,0.01240625,Healthy Leaf
augmented_Healthy Leaf0621.jpg,133.430609375,163.9918125,109.4167609375,71.15868204854887,0.0129640625,Healthy Leaf
augmented_Healthy Leaf0622.jpg,124.8568875,153.507346875,118.8742328125,70.40674115797495,0.3579609375,Healthy Leaf
augmented_Healthy Leaf0623.jpg,140.72518125,168.7413453125,119.4115703125,73.23113321642558,0.0199640625,Healthy Leaf
augmented_Healthy Leaf0624.jpg,144.6719171875,171.6480171875,124.085190625,74.19659363979315,0.0196671875,Healthy Leaf
augmented_Healthy Leaf0625.jpg,93.474940625,127.9957515625,70.718975,70.32152511707802,0.0811078125,Healthy Leaf
augmented_Healthy Leaf0626.jpg,93.474940625,127.9957515625,70.718975,70.32152511707802,0.0811078125,Healthy Leaf
augmented_Healthy Leaf0627.jpg,98.268175,131.5377078125,76.7505953125,75.34732069820973,0.0728140625,Healthy Leaf
augmented_Healthy Leaf0628.jpg,101.678671875,134.3567171875,82.1913453125,77.58623434182199,0.0783953125,Healthy Leaf
augmented_Healthy Leaf0629.jpg,92.55564375,127.12595625,70.0028609375,70.29628672521744,0.0788046875,Healthy Leaf
augmented_Healthy Leaf0630.jpg,118.59728125,138.3162328125,127.668396875,77.59260928170502,0.363765625,Healthy Leaf
augmented_Healthy Leaf0631.jpg,125.9962296875,155.5672,113.903659375,85.45139388143046,0.0679796875,Healthy Leaf
augmented_Healthy Leaf0632.jpg,168.6518046875,200.9217671875,158.9644640625,79.02834488723902,0.074159375,Healthy Leaf
augmented_Healthy Leaf0633.jpg,149.6063546875,176.2184328125,145.8853953125,79.02236641907095,0.045684375,Healthy Leaf
augmented_Healthy Leaf0634.jpg,137.2037828125,165.6078921875,135.1789375,71.09943468193137,0.0523203125,Healthy Leaf
augmented_Healthy Leaf0635.jpg,132.5852359375,159.993278125,130.622525,72.89749369608786,0.0436171875,Healthy Leaf
augmented_Healthy Leaf0636.jpg,140.44643125,166.30994375,138.95970625,76.83039524146331,0.0417921875,Healthy Leaf
augmented_Healthy Leaf0637.jpg,127.849075,161.5125375,115.5136484375,71.15911056177255,0.03743125,Healthy Leaf
augmented_Healthy Leaf0638.jpg,128.0646953125,154.3483796875,130.9866921875,72.123165931307,0.3584546875,Healthy Leaf
augmented_Healthy Leaf0639.jpg,128.119903125,154.43125625,130.9263984375,72.12655724840823,0.357109375,Healthy Leaf
augmented_Healthy Leaf0640.jpg,127.8237671875,161.507890625,115.4297359375,71.12732142833872,0.035671875,Healthy Leaf
augmented_Healthy Leaf0641.jpg,127.8237671875,161.507890625,115.4297359375,71.12732142833872,0.035671875,Healthy Leaf
augmented_Healthy Leaf0642.jpg,126.9951671875,160.72664375,114.710146875,71.2573315014574,0.0326234375,Healthy Leaf
augmented_Healthy Leaf0643.jpg,126.2029171875,156.1375578125,119.451275,76.60166793790393,0.089353125,Healthy Leaf
augmented_Healthy Leaf0644.jpg,126.185115625,156.1409953125,119.4084546875,76.58875881753114,0.0887984375,Healthy Leaf
augmented_Healthy Leaf0645.jpg,133.2621265625,162.405178125,127.1370046875,83.11851818048447,0.08779375,Healthy Leaf
augmented_Healthy Leaf0646.jpg,123.053384375,155.7026046875,112.4441390625,74.68912939921142,0.0726609375,Healthy Leaf
augmented_Healthy Leaf0647.jpg,123.1857265625,147.685540625,127.27651875,73.57326939326047,0.35945625,Healthy Leaf
augmented_Healthy Leaf0648.jpg,123.1733921875,147.653665625,127.3206609375,73.58436774107955,0.359846875,Healthy Leaf
augmented_Healthy Leaf0649.jpg,142.145484375,169.6157140625,134.424671875,81.20277233993015,0.05831875,Healthy Leaf
augmented_Healthy Leaf0650.jpg,128.9821953125,161.0392578125,118.7668984375,81.07125755015069,0.0718578125,Healthy Leaf
augmented_Healthy Leaf0651.jpg,85.854625,113.7419375,69.1650953125,58.37166534052092,0.0261484375,Healthy Leaf
augmented_Healthy Leaf0652.jpg,111.712825,145.4198140625,90.175834375,75.75910759612066,0.0371984375,Healthy Leaf
augmented_Healthy Leaf0653.jpg,111.712825,145.4198140625,90.175834375,75.75910759612066,0.0371984375,Healthy Leaf
augmented_Healthy Leaf0654.jpg,111.76738125,145.4462703125,90.2396078125,75.78856854635647,0.0368609375,Healthy Leaf
augmented_Healthy Leaf0655.jpg,111.76738125,145.4462703125,90.2396078125,75.78856854635647,0.0368609375,Healthy Leaf
augmented_Healthy Leaf0656.jpg,111.76738125,145.4462703125,90.2396078125,75.78856854635647,0.0368609375,Healthy Leaf
augmented_Healthy Leaf0657.jpg,124.1113109375,155.0222703125,105.9784625,82.9484625540465,0.0343875,Healthy Leaf
augmented_Healthy Leaf0658.jpg,146.181346875,169.9972140625,122.9166984375,61.03517097870671,0.159259375,Healthy Leaf
augmented_Healthy Leaf0659.jpg,142.90589375,165.0103171875,127.374315625,65.0022167779203,0.360621875,Healthy Leaf
augmented_Healthy Leaf0660.jpg,142.793071875,165.0567296875,127.409971875,64.9559811025445,0.360496875,Healthy Leaf
augmented_Healthy Leaf0661.jpg,159.8066140625,181.167646875,136.4825921875,68.87786668551948,0.1465671875,Healthy Leaf
augmented_Healthy Leaf0662.jpg,151.144459375,173.9159734375,127.92921875,65.56666386833642,0.157775,Healthy Leaf
augmented_Healthy Leaf0663.jpg,145.2952953125,169.211271875,121.205659375,60.073788176888186,0.1517796875,Healthy Leaf
augmented_Healthy Leaf0664.jpg,145.280521875,169.19118125,121.268284375,60.201846023761675,0.1542375,Healthy Leaf
augmented_Healthy Leaf0665.jpg,145.31085625,169.1854515625,121.6665546875,60.59680338989503,0.158246875,Healthy Leaf
augmented_Healthy Leaf0666.jpg,134.487646875,156.8421921875,109.784884375,68.52973025489445,0.0837,Healthy Leaf
augmented_Healthy Leaf0667.jpg,153.464971875,180.9410140625,128.5038640625,61.669888830899204,0.0882671875,Healthy Leaf
augmented_Healthy Leaf0668.jpg,104.3963375,125.863284375,89.899403125,46.623722946143914,0.0621140625,Healthy Leaf
augmented_Healthy Leaf0669.jpg,128.9070265625,153.9752796875,110.229234375,57.65608399124847,0.076671875,Healthy Leaf
augmented_Healthy Leaf0670.jpg,125.6006875,148.5893859375,119.043078125,60.41248059478264,0.3534796875,Healthy Leaf
augmented_Healthy Leaf0671.jpg,146.1816546875,167.9580921875,127.791778125,69.80483380072035,0.06446875,Healthy Leaf
augmented_Healthy Leaf0672.jpg,141.2790984375,164.178590625,122.1436453125,67.6011285189779,0.0674703125,Healthy Leaf
augmented_Healthy Leaf0673.jpg,151.7075828125,172.1460234375,134.420528125,71.70297149408347,0.061940625,Healthy Leaf
augmented_Healthy Leaf0674.jpg,127.9867640625,153.0373671875,109.509665625,57.658628442905986,0.0753390625,Healthy Leaf
augmented_Healthy Leaf0675.jpg,132.40999375,157.1525984375,110.635571875,63.78705427667092,0.08655625,Healthy Leaf
augmented_Healthy Leaf0676.jpg,126.465996875,148.2935640625,116.261465625,64.42026759812808,0.35731875,Healthy Leaf
augmented_Healthy Leaf0677.jpg,151.392990625,174.42361875,128.13128125,77.6138025775611,0.0767359375,Healthy Leaf
augmented_Healthy Leaf0678.jpg,130.827815625,152.5186953125,102.8825765625,64.52566855099217,0.1203453125,Healthy Leaf
augmented_Healthy Leaf0679.jpg,111.662575,135.6876953125,81.567503125,48.93270367167456,0.1270078125,Healthy Leaf
augmented_Healthy Leaf0680.jpg,68.102490625,82.60495625,54.782125,31.938270970845902,0.174225,Healthy Leaf
augmented_Healthy Leaf0681.jpg,127.3770671875,149.6457734375,108.5224453125,64.69739347749727,0.366296875,Healthy Leaf
augmented_Healthy Leaf0682.jpg,127.3955375,149.65803125,108.481884375,64.71899026523938,0.36730625,Healthy Leaf
augmented_Healthy Leaf0683.jpg,133.959309375,156.8847109375,107.292159375,65.08190913702038,0.22665,Healthy Leaf
augmented_Healthy Leaf0684.jpg,135.950778125,158.07165625,110.5789,68.39963298200186,0.222534375,Healthy Leaf
augmented_Healthy Leaf0685.jpg,130.4468,150.6617265625,122.7195203125,70.47485789874345,0.3649765625,Healthy Leaf
augmented_Healthy Leaf0686.jpg,152.017390625,172.5146609375,131.60785,82.00866808829187,0.166953125,Healthy Leaf
augmented_Healthy Leaf0687.jpg,143.7170359375,165.295459375,123.057065625,77.24915894382355,0.171840625,Healthy Leaf
augmented_Healthy Leaf0688.jpg,150.282315625,170.97885,129.7881203125,81.51264462803815,0.1679609375,Healthy Leaf
augmented_Healthy Leaf0689.jpg,152.8034078125,173.210471875,132.446525,82.15864173048885,0.1663921875,Healthy Leaf
augmented_Healthy Leaf0690.jpg,133.9849921875,156.5571859375,113.6330203125,70.54592419737762,0.174134375,Healthy Leaf
augmented_Healthy Leaf0691.jpg,133.9379953125,156.5405828125,113.374446875,70.37482386495107,0.1685421875,Healthy Leaf
augmented_Healthy Leaf0692.jpg,199.498225,224.5203171875,166.7112375,56.256470720152215,0.0903578125,Healthy Leaf
augmented_Healthy Leaf0693.jpg,150.423890625,175.3928953125,135.9715453125,56.74026510628957,0.0633359375,Healthy Leaf
augmented_Healthy Leaf0694.jpg,148.7051140625,171.5895046875,139.7270953125,62.833928638651635,0.35624375,Healthy Leaf
augmented_Healthy Leaf0695.jpg,155.599078125,179.4777234375,139.6474,61.879726171596104,0.0561625,Healthy Leaf
augmented_Healthy Leaf0696.jpg,155.478415625,179.2476203125,140.4124390625,61.39600428242835,0.0636078125,Healthy Leaf
augmented_Healthy Leaf0697.jpg,155.478415625,179.2476203125,140.4124390625,61.39600428242835,0.0636078125,Healthy Leaf
augmented_Healthy Leaf0698.jpg,126.51050625,151.19356875,100.6383078125,65.65159322094237,0.109853125,Healthy Leaf
augmented_Healthy Leaf0699.jpg,120.39184375,142.190571875,109.4054421875,64.64001403925903,0.359009375,Healthy Leaf
augmented_Healthy Leaf0700.jpg,125.69045625,150.4555421875,99.5887953125,65.41853289190948,0.1060015625,Healthy Leaf
augmented_Healthy Leaf0701.jpg,125.6842875,150.4488328125,99.649459375,65.45384165073352,0.1069734375,Healthy Leaf
augmented_Healthy Leaf0702.jpg,125.0885140625,148.3621484375,113.4024203125,62.281024211922634,0.3561875,Healthy Leaf
augmented_Healthy Leaf0703.jpg,128.7334078125,153.6836703125,102.373346875,59.69067183382947,0.093125,Healthy Leaf
augmented_Healthy Leaf0704.jpg,141.9389015625,164.38013125,115.0779375,71.70799285964354,0.0854203125,Healthy Leaf
augmented_Healthy Leaf0705.jpg,135.658878125,159.4244,108.4469125,67.28192830163698,0.0897171875,Healthy Leaf
augmented_Healthy Leaf0706.jpg,132.304428125,156.106071875,107.104225,63.2911191372565,0.0931109375,Healthy Leaf
augmented_Healthy Leaf0707.jpg,127.888284375,152.867259375,101.4654421875,59.668416465185246,0.0926390625,Healthy Leaf
augmented_Healthy Leaf0708.jpg,118.7697625,143.232828125,102.319115625,55.85420076815312,0.03351875,Healthy Leaf
augmented_Healthy Leaf0709.jpg,144.792834375,172.8332515625,124.6617734375,68.43900225012466,0.042796875,Healthy Leaf
augmented_Healthy Leaf0710.jpg,144.783253125,172.8400203125,124.632678125,68.44162347375563,0.04295,Healthy Leaf
augmented_Healthy Leaf0711.jpg,166.6139609375,195.7064953125,150.85281875,82.37025164571082,0.02425625,Healthy Leaf
augmented_Healthy Leaf0712.jpg,130.4405828125,154.9129609375,118.727265625,72.79571370212632,0.0167421875,Healthy Leaf
augmented_Healthy Leaf0713.jpg,137.18044375,162.4122515625,124.9130109375,76.57149281256292,0.0177046875,Healthy Leaf
augmented_Healthy Leaf0714.jpg,137.18044375,162.4122515625,124.9130109375,76.57149281256292,0.0177046875,Healthy Leaf
augmented_Healthy Leaf0715.jpg,137.209684375,162.421,124.9468640625,76.58882884884228,0.0179734375,Healthy Leaf
augmented_Healthy Leaf0716.jpg,138.37509375,162.8273390625,126.4850390625,78.31042394747332,0.016896875,Healthy Leaf
augmented_Healthy Leaf0717.jpg,133.84955,153.162609375,143.3799796875,68.5986702017145,0.35439375,Healthy Leaf
augmented_Healthy Leaf0718.jpg,110.8128484375,131.122484375,99.0205984375,47.889095408461955,0.0339640625,Healthy Leaf
augmented_Healthy Leaf0719.jpg,154.7913859375,181.2657015625,138.6755703125,67.81208649234522,0.056965625,Healthy Leaf
augmented_Healthy Leaf0720.jpg,150.1029,172.7022421875,146.47459375,72.14511850879074,0.3639859375,Healthy Leaf
augmented_Healthy Leaf0721.jpg,154.095728125,180.4707734375,137.8439734375,67.83700785920199,0.0524640625,Healthy Leaf
augmented_Healthy Leaf0722.jpg,176.0113,204.9920375,158.25510625,79.75086398450391,0.071825,Healthy Leaf
augmented_Healthy Leaf0723.jpg,151.8538,177.2067125,138.56018125,79.48091136994334,0.0565609375,Healthy Leaf
augmented_Healthy Leaf0724.jpg,151.8538,177.2067125,138.56018125,79.48091136994334,0.0565609375,Healthy Leaf
augmented_Healthy Leaf0725.jpg,146.3349859375,172.3276625,132.39195625,75.39641957509902,0.0494171875,Healthy Leaf
augmented_Healthy Leaf0726.jpg,158.2431515625,187.4706171875,142.2840015625,85.1296596606797,0.060865625,Healthy Leaf
augmented_Healthy Leaf0727.jpg,135.15166875,161.1090359375,121.8290015625,80.11276235603616,0.0512421875,Healthy Leaf
augmented_Healthy Leaf0728.jpg,136.1641546875,161.4716984375,123.1458875,81.41381721061899,0.0462,Healthy Leaf
augmented_Healthy Leaf0729.jpg,134.402703125,160.3667203125,121.2820703125,80.12073945951711,0.048284375,Healthy Leaf
augmented_Healthy Leaf0730.jpg,156.9165671875,178.574575,151.0216484375,80.12309743621621,0.0187390625,Healthy Leaf
augmented_Healthy Leaf0731.jpg,141.50673125,164.291825,136.5179828125,72.52488845169749,0.0194171875,Healthy Leaf
augmented_Healthy Leaf0732.jpg,132.506053125,157.0750828125,126.186634375,69.58599075471452,0.0188515625,Healthy Leaf
augmented_Healthy Leaf0733.jpg,66.11780625,88.1551234375,54.987565625,41.74883688934603,0.0133890625,Healthy Leaf
augmented_Healthy Leaf0734.jpg,131.2765203125,169.0148375,108.369771875,73.36533869359866,0.0356875,Healthy Leaf
augmented_Healthy Leaf0735.jpg,99.4274546875,128.9309359375,82.5561046875,61.73450454747219,0.02619375,Healthy Leaf
augmented_Healthy Leaf0736.jpg,104.7745234375,122.53278125,115.0319265625,60.490598610820065,0.3547015625,Healthy Leaf
augmented_Healthy Leaf0737.jpg,99.5798203125,128.9219578125,82.539921875,61.73723960240186,0.0266796875,Healthy Leaf
augmented_Healthy Leaf0738.jpg,98.5117171875,128.0895625,81.8957421875,61.81419770405575,0.023184375,Healthy Leaf
augmented_Healthy Leaf0739.jpg,76.6201703125,105.6139265625,56.373828125,42.97548396028146,0.0990171875,Healthy Leaf
augmented_Healthy Leaf0740.jpg,134.02884375,181.9369984375,95.5909015625,64.7146822579699,0.17094375,Healthy Leaf
augmented_Healthy Leaf0741.jpg,102.063403125,138.61214375,74.7132609375,57.44199020974843,0.1361,Healthy Leaf
augmented_Healthy Leaf0742.jpg,108.3024609375,143.3020703125,82.5654515625,63.823822286010646,0.1246859375,Healthy Leaf
augmented_Healthy Leaf0743.jpg,115.609271875,148.8356171875,92.5926703125,68.73519033259373,0.12628125,Healthy Leaf
augmented_Healthy Leaf0744.jpg,76.9101265625,122.6174765625,41.5793578125,44.349173158579276,0.2518640625,Healthy Leaf
augmented_Healthy Leaf0745.jpg,76.9101265625,122.6174765625,41.5793578125,44.349173158579276,0.2518640625,Healthy Leaf
augmented_Healthy Leaf0746.jpg,76.9101265625,122.6174765625,41.5793578125,44.349173158579276,0.2518640625,Healthy Leaf
augmented_Healthy Leaf0747.jpg,76.8807984375,122.6061890625,41.4814828125,44.16994845411272,0.251728125,Healthy Leaf
augmented_Healthy Leaf0748.jpg,76.8807984375,122.6061890625,41.4814828125,44.16994845411272,0.251728125,Healthy Leaf
augmented_Healthy Leaf0749.jpg,89.334071875,131.9377015625,58.873915625,62.65178763161841,0.231859375,Healthy Leaf
augmented_Healthy Leaf0750.jpg,187.6798671875,211.1849953125,154.8174234375,68.0318331096041,0.163796875,Healthy Leaf
augmented_Healthy Leaf0751.jpg,152.765228125,174.5560921875,129.3442828125,64.54513190124572,0.159690625,Healthy Leaf
augmented_Healthy Leaf0752.jpg,146.717375,167.120984375,134.5086203125,67.9094236984225,0.3633359375,Healthy Leaf
augmented_Healthy Leaf0753.jpg,157.1402015625,177.9601046875,133.6331421875,68.38041145839794,0.154028125,Healthy Leaf
augmented_Healthy Leaf0754.jpg,157.65025625,178.5591171875,134.4622328125,68.58277873894325,0.158034375,Healthy Leaf
augmented_Healthy Leaf0755.jpg,141.51715,163.8420703125,121.3112359375,64.74224257268082,0.1342671875,Healthy Leaf
augmented_Healthy Leaf0756.jpg,136.307946875,156.8247625,126.24514375,66.61075220266882,0.3602453125,Healthy Leaf
augmented_Healthy Leaf0757.jpg,136.32269375,156.7875234375,126.317484375,66.65526064454588,0.3597703125,Healthy Leaf
augmented_Healthy Leaf0758.jpg,159.0411796875,176.8465125,144.1006234375,71.56451560175248,0.097690625,Healthy Leaf
augmented_Healthy Leaf0759.jpg,140.630784375,162.9910671875,120.0088703125,64.33784311757641,0.1295765625,Healthy Leaf
augmented_Healthy Leaf0760.jpg,71.058625,87.5627640625,57.0574640625,34.58578156052476,0.0731046875,Healthy Leaf
augmented_Healthy Leaf0761.jpg,125.792996875,150.41188125,100.7206734375,62.13096597982618,0.12675,Healthy Leaf
augmented_Healthy Leaf0762.jpg,124.8080828125,149.5290015625,99.4908984375,61.771800854217005,0.122625,Healthy Leaf
augmented_Healthy Leaf0763.jpg,121.94045,145.7877953125,94.84255,64.86837539866184,0.0933375,Healthy Leaf
augmented_Healthy Leaf0764.jpg,121.94045,145.7877953125,94.84255,64.86837539866184,0.0933375,Healthy Leaf
augmented_Healthy Leaf0765.jpg,121.94045,145.7877953125,94.84255,64.86837539866184,0.0933375,Healthy Leaf
augmented_Healthy Leaf0766.jpg,121.975415625,145.82849375,94.81944375,64.83396396080234,0.09236875,Healthy Leaf
augmented_Healthy Leaf0767.jpg,132.7173734375,155.1701125,107.3820734375,74.26556095512466,0.0832609375,Healthy Leaf
augmented_Healthy Leaf0768.jpg,195.55501875,217.8004953125,170.8623515625,61.3683601945017,0.0538609375,Healthy Leaf
augmented_Healthy Leaf0769.jpg,145.868025,167.1243046875,131.9066203125,58.070817152219085,0.03594375,Healthy Leaf
augmented_Healthy Leaf0770.jpg,145.8574,167.12905,131.848415625,58.02763235758076,0.0351078125,Healthy Leaf
augmented_Healthy Leaf0771.jpg,154.8255515625,174.907828125,141.746409375,62.38478214460818,0.03134375,Healthy Leaf
augmented_Healthy Leaf0772.jpg,127.7240046875,151.7600046875,96.6307125,68.22650739067136,0.0319359375,Healthy Leaf
augmented_Healthy Leaf0773.jpg,136.1934390625,158.9181375,106.753059375,75.42581258820157,0.0281046875,Healthy Leaf
augmented_Healthy Leaf0774.jpg,137.1531453125,160.283590625,106.493296875,76.22126990291608,0.0311546875,Healthy Leaf
augmented_Healthy Leaf0775.jpg,118.6397859375,153.6295171875,70.366615625,58.21818884890922,0.235590625,Healthy Leaf
augmented_Healthy Leaf0776.jpg,96.405240625,125.9636640625,57.640246875,50.679295792265115,0.2186546875,Healthy Leaf
augmented_Healthy Leaf0777.jpg,96.405240625,125.9636640625,57.640246875,50.679295792265115,0.2186546875,Healthy Leaf
augmented_Healthy Leaf0778.jpg,96.4008015625,125.9621796875,57.594415625,50.60312061794119,0.217959375,Healthy Leaf
augmented_Healthy Leaf0779.jpg,108.86650625,135.61595,74.44978125,65.58137037550405,0.1949328125,Healthy Leaf
augmented_Healthy Leaf0780.jpg,108.86650625,135.61595,74.44978125,65.58137037550405,0.1949328125,Healthy Leaf
augmented_Healthy Leaf0781.jpg,95.4357421875,125.1006953125,56.1479078125,49.48179081573846,0.21114375,Healthy Leaf
augmented_Healthy Leaf0782.jpg,95.532190625,127.3438125,50.4051125,41.38213791699377,0.045753125,Healthy Leaf
augmented_Healthy Leaf0783.jpg,94.7833171875,125.44488125,70.2854671875,47.714197713106124,0.3555265625,Healthy Leaf
augmented_Healthy Leaf0784.jpg,94.7619734375,125.523084375,70.3767125,47.75250573343228,0.355365625,Healthy Leaf
augmented_Healthy Leaf0785.jpg,94.593703125,125.4026421875,70.3746375,47.73354651963028,0.355084375,Healthy Leaf
augmented_Healthy Leaf0786.jpg,109.857746875,138.9169671875,68.8883046875,60.0015561581832,0.03959375,Healthy Leaf
augmented_Healthy Leaf0787.jpg,146.2744296875,168.0386984375,121.9107078125,75.16442679160137,0.1856125,Healthy Leaf
augmented_Healthy Leaf0788.jpg,131.2534484375,164.1086578125,112.57806875,72.83380365225443,0.0912703125,Healthy Leaf
augmented_Healthy Leaf0789.jpg,131.2534484375,164.1086578125,112.57806875,72.83380365225443,0.0912703125,Healthy Leaf
augmented_Healthy Leaf0790.jpg,127.609878125,155.6838640625,123.8386421875,73.41576157370666,0.3623109375,Healthy Leaf
augmented_Healthy Leaf0791.jpg,149.1099,176.8534984375,134.262371875,78.41916569249773,0.0736125,Healthy Leaf
augmented_Healthy Leaf0792.jpg,136.14210625,167.7268359375,118.257778125,75.48628634890309,0.082265625,Healthy Leaf
augmented_Healthy Leaf0793.jpg,96.8597671875,124.8065984375,97.33693125,63.65966134389228,0.3575828125,Healthy Leaf
augmented_Healthy Leaf0794.jpg,96.7849578125,124.77236875,97.21215,63.577492351836284,0.3585390625,Healthy Leaf
augmented_Healthy Leaf0795.jpg,105.6168953125,138.6576453125,82.7779125,73.21071681324909,0.0473390625,Healthy Leaf
augmented_Healthy Leaf0796.jpg,92.36095,128.19016875,65.74033125,62.55321164496641,0.0465953125,Healthy Leaf
augmented_Healthy Leaf0797.jpg,96.8956203125,126.61728125,83.96234375,56.11201414188479,0.097340625,Healthy Leaf
augmented_Healthy Leaf0798.jpg,119.997190625,155.1753171875,104.1058515625,69.67984945312732,0.1152109375,Healthy Leaf
augmented_Healthy Leaf0799.jpg,119.997190625,155.1753171875,104.1058515625,69.67984945312732,0.1152109375,Healthy Leaf
augmented_Healthy Leaf0800.jpg,120.4557375,148.786290625,122.3823296875,70.13053599825187,0.3581078125,Healthy Leaf
augmented_Healthy Leaf0801.jpg,120.47680625,148.77475625,122.3558375,70.09783294716652,0.3583796875,Healthy Leaf
augmented_Healthy Leaf0802.jpg,126.388290625,160.782690625,109.6737140625,77.4925066505633,0.1078421875,Healthy Leaf
augmented_Healthy Leaf0803.jpg,127.1063609375,160.4147234375,113.0165609375,74.03807631346241,0.1094046875,Healthy Leaf
augmented_Healthy Leaf0804.jpg,119.1880890625,154.3329609375,103.0854203125,69.55095687728908,0.1078,Healthy Leaf
augmented_Healthy Leaf0805.jpg,119.17436875,154.3250359375,103.102290625,69.56342264094438,0.106946875,Healthy Leaf
augmented_Healthy Leaf0806.jpg,146.1330265625,182.554671875,132.2473703125,79.02532843649317,0.0744609375,Healthy Leaf
augmented_Healthy Leaf0807.jpg,123.5320671875,148.3132265625,128.3654109375,71.11330613742602,0.3577578125,Healthy Leaf
augmented_Healthy Leaf0808.jpg,123.0237765625,155.41805625,113.7530328125,71.35243083789207,0.060921875,Healthy Leaf
augmented_Healthy Leaf0809.jpg,123.0237765625,155.41805625,113.7530328125,71.35243083789207,0.060921875,Healthy Leaf
augmented_Healthy Leaf0810.jpg,130.0934359375,161.027828125,122.1159546875,75.33350790451838,0.057015625,Healthy Leaf
augmented_Healthy Leaf0811.jpg,122.0555765625,154.6822703125,113.112946875,71.41916917372394,0.0585046875,Healthy Leaf
augmented_Healthy Leaf0812.jpg,135.1089609375,166.110534375,120.489146875,73.2097043750965,0.09065625,Healthy Leaf
augmented_Healthy Leaf0813.jpg,135.1089609375,166.110534375,120.489146875,73.2097043750965,0.09065625,Healthy Leaf
augmented_Healthy Leaf0814.jpg,135.1089609375,166.110534375,120.489146875,73.2097043750965,0.09065625,Healthy Leaf
augmented_Healthy Leaf0815.jpg,135.1089609375,166.110534375,120.489146875,73.2097043750965,0.09065625,Healthy Leaf
augmented_Healthy Leaf0816.jpg,131.3534453125,156.830928125,128.9964734375,73.24171090946565,0.3623375,Healthy Leaf
augmented_Healthy Leaf0817.jpg,146.578190625,174.88869375,142.056021875,65.80502324638883,0.0631703125,Healthy Leaf
augmented_Healthy Leaf0818.jpg,146.6016421875,174.9018984375,142.0571953125,65.79584510394687,0.063378125,Healthy Leaf
augmented_Healthy Leaf0819.jpg,145.784321875,174.1413828125,141.203778125,65.8683624948565,0.0583265625,Healthy Leaf
augmented_Healthy Leaf0820.jpg,159.260409375,193.1951984375,142.698225,82.40356294654731,0.0920609375,Healthy Leaf
augmented_Healthy Leaf0821.jpg,146.1798265625,174.6588625,135.7465265625,84.85755467635067,0.058896875,Healthy Leaf
augmented_Healthy Leaf0822.jpg,139.0846703125,169.17725625,128.1708734375,83.75232468380682,0.061671875,Healthy Leaf
augmented_Healthy Leaf0823.jpg,127.653984375,158.9692359375,117.325540625,73.1204267053449,0.0663328125,Healthy Leaf
augmented_Healthy Leaf0824.jpg,98.626371875,130.8686984375,88.504484375,64.26235440243181,0.0554890625,Healthy Leaf
augmented_Healthy Leaf0825.jpg,102.8277203125,136.1003640625,92.2323609375,67.08199653835241,0.057128125,Healthy Leaf
augmented_Healthy Leaf0826.jpg,107.600171875,138.6817421875,98.7979390625,71.7358467157993,0.056596875,Healthy Leaf
augmented_Healthy Leaf0827.jpg,159.314421875,194.6835828125,142.9546421875,82.12390789637104,0.0799140625,Healthy Leaf
augmented_Healthy Leaf0828.jpg,116.878421875,147.26881875,110.7865609375,71.73682032182386,0.0551359375,Healthy Leaf
augmented_Healthy Leaf0829.jpg,120.032965625,150.7601828125,113.5718046875,73.39152886719818,0.0562203125,Healthy Leaf
augmented_Healthy Leaf0830.jpg,120.032965625,150.7601828125,113.5718046875,73.39152886719818,0.0562203125,Healthy Leaf
augmented_Healthy Leaf0831.jpg,126.9943734375,155.9136375,121.69910625,77.21000231195684,0.052665625,Healthy Leaf
augmented_Healthy Leaf0832.jpg,126.9943734375,155.9136375,121.69910625,77.21000231195684,0.052665625,Healthy Leaf
augmented_Healthy Leaf0833.jpg,145.03929375,169.1914375,119.1856078125,55.86297063166596,0.1239,Healthy Leaf
augmented_Healthy Leaf0834.jpg,142.615309375,165.7031875,124.4806890625,61.14176313163258,0.35700625,Healthy Leaf
augmented_Healthy Leaf0835.jpg,142.6430484375,165.7041734375,124.4567,61.126478423354776,0.3572234375,Healthy Leaf
augmented_Healthy Leaf0836.jpg,142.5323203125,165.7653171875,124.5224015625,61.10868814784351,0.3565140625,Healthy Leaf
augmented_Healthy Leaf0837.jpg,152.0459796875,175.14730625,124.80918125,63.49433640188871,0.1133171875,Healthy Leaf
augmented_Healthy Leaf0838.jpg,153.8802625,176.6941984375,126.6706671875,64.74862517503682,0.11128125,Healthy Leaf
augmented_Healthy Leaf0839.jpg,159.8364515625,181.3412578125,133.55994375,67.54082942547457,0.105584375,Healthy Leaf
augmented_Healthy Leaf0840.jpg,157.945421875,179.8768390625,131.32121875,66.93975210730359,0.1081234375,Healthy Leaf
augmented_Healthy Leaf0841.jpg,150.86309375,173.7054484375,126.0074765625,60.738445091180715,0.120553125,Healthy Leaf
augmented_Healthy Leaf0842.jpg,150.86309375,173.7054484375,126.0074765625,60.738445091180715,0.120553125,Healthy Leaf
augmented_Healthy Leaf0843.jpg,144.418953125,168.2917171875,118.5105453125,55.77308744527085,0.1231078125,Healthy Leaf
augmented_Healthy Leaf0844.jpg,139.6443953125,167.8074765625,103.293525,67.8439200695627,0.0110484375,Healthy Leaf
augmented_Healthy Leaf0845.jpg,118.144171875,142.269009375,106.5229703125,65.40271169642624,0.35419375,Healthy Leaf
augmented_Healthy Leaf0846.jpg,123.3859625,149.477896875,93.334353125,65.80319586195576,0.009775,Healthy Leaf
augmented_Healthy Leaf0847.jpg,140.7690859375,163.652415625,114.543190625,72.20919281473859,0.054740625,Healthy Leaf
augmented_Healthy Leaf0848.jpg,138.8507734375,162.2181765625,113.0006828125,70.67237766501937,0.0490796875,Healthy Leaf
augmented_Healthy Leaf0849.jpg,147.9758125,173.314465625,120.4208671875,65.3936649519667,0.0984640625,Healthy Leaf
augmented_Healthy Leaf0850.jpg,139.82599375,164.92651875,115.020340625,62.951919615908245,0.0952734375,Healthy Leaf
augmented_Healthy Leaf0851.jpg,133.4985375,156.4232796875,117.1713359375,65.08887810951562,0.3607484375,Healthy Leaf
augmented_Healthy Leaf0852.jpg,154.179053125,177.347959375,128.9551453125,72.9444998902325,0.0849328125,Healthy Leaf
augmented_Healthy Leaf0853.jpg,139.0205296875,164.1651515625,114.066825,62.92344424889259,0.089265625,Healthy Leaf
augmented_Healthy Leaf0854.jpg,100.8045734375,128.65838125,64.9773171875,55.328076989839374,0.1842390625,Healthy Leaf
augmented_Healthy Leaf0855.jpg,103.1136703125,131.4878,65.99051875,55.90606730189535,0.1855453125,Healthy Leaf
augmented_Healthy Leaf0856.jpg,103.1136703125,131.4878,65.99051875,55.90606730189535,0.1855453125,Healthy Leaf
augmented_Healthy Leaf0857.jpg,114.8777453125,141.4433484375,80.348459375,69.46832088851244,0.17479375,Healthy Leaf
augmented_Healthy Leaf0858.jpg,102.19008125,130.660434375,64.64836875,55.055072909756426,0.18021875,Healthy Leaf
augmented_Healthy Leaf0859.jpg,168.002971875,195.6268921875,123.2576953125,50.45918502346403,0.09178125,Healthy Leaf
augmented_Healthy Leaf0860.jpg,151.1028796875,173.7130171875,122.247046875,63.52787493584994,0.112884375,Healthy Leaf
augmented_Healthy Leaf0861.jpg,151.139984375,173.740221875,122.235075,63.4345569574678,0.1111078125,Healthy Leaf
augmented_Healthy Leaf0862.jpg,150.2724109375,172.912621875,121.2071390625,63.365215785631776,0.106459375,Healthy Leaf
augmented_Healthy Leaf0863.jpg,136.5138,159.9134234375,113.23985,70.33925365389312,0.0826453125,Healthy Leaf
augmented_Healthy Leaf0864.jpg,142.413175,164.4412234375,120.396334375,73.72715960463871,0.08050625,Healthy Leaf
augmented_Healthy Leaf0865.jpg,112.123115625,138.1922390625,81.03061875,58.26422756882876,0.0282296875,Healthy Leaf
augmented_Healthy Leaf0866.jpg,111.2063875,137.5067640625,79.9505609375,57.364881304487,0.028403125,Healthy Leaf
augmented_Healthy Leaf0867.jpg,106.6835328125,133.5397984375,74.5494828125,52.918018520799926,0.0278484375,Healthy Leaf
augmented_Healthy Leaf0868.jpg,132.2488578125,157.3760109375,100.202846875,65.2477620121647,0.0572328125,Healthy Leaf
augmented_Healthy Leaf0869.jpg,143.1228375,168.9035390625,145.0682125,73.97123944191169,0.3619359375,Healthy Leaf
augmented_Healthy Leaf0870.jpg,143.077275,168.833259375,145.0880921875,74.02499820906147,0.36130625,Healthy Leaf
augmented_Healthy Leaf0871.jpg,143.5544921875,175.479690625,133.6052625,70.51861078276495,0.023090625,Healthy Leaf
augmented_Healthy Leaf0872.jpg,143.5544921875,175.479690625,133.6052625,70.51861078276495,0.023090625,Healthy Leaf
augmented_Healthy Leaf0873.jpg,153.5342234375,183.2864984375,143.1725953125,79.28637387550869,0.0225796875,Healthy Leaf
augmented_Healthy Leaf0874.jpg,147.3756671875,178.4557859375,137.4982015625,74.17197266065293,0.0240921875,Healthy Leaf
augmented_Healthy Leaf0875.jpg,108.4432578125,134.913921875,113.67176875,70.39344128800016,0.358278125,Healthy Leaf
augmented_Healthy Leaf0876.jpg,110.631059375,145.866321875,91.584478125,79.04001412802869,0.0671,Healthy Leaf
augmented_Healthy Leaf0877.jpg,113.2224203125,148.099825,94.5623765625,82.05536266798057,0.0662609375,Healthy Leaf
augmented_Healthy Leaf0878.jpg,107.0216015625,142.576209375,88.10605625,74.8173020196532,0.0735921875,Healthy Leaf
augmented_Healthy Leaf0879.jpg,107.0216015625,142.576209375,88.10605625,74.8173020196532,0.0735921875,Healthy Leaf
augmented_Healthy Leaf0880.jpg,104.8190671875,140.493778125,85.5344140625,71.97860919263617,0.06705,Healthy Leaf
augmented_Healthy Leaf0881.jpg,92.0386390625,128.71225,72.0171125,73.26169710323401,0.08368125,Healthy Leaf
augmented_Healthy Leaf0882.jpg,97.2885296875,120.3593984375,106.67256875,69.15051669691768,0.36031875,Healthy Leaf
augmented_Healthy Leaf0883.jpg,92.0111125,128.70344375,71.9162265625,73.17753733899494,0.0825125,Healthy Leaf
augmented_Healthy Leaf0884.jpg,95.8245734375,132.0970984375,76.156178125,78.97922407359638,0.0778515625,Healthy Leaf
augmented_Healthy Leaf0885.jpg,109.509396875,143.1728578125,92.4725078125,91.26372461548887,0.0727125,Healthy Leaf
augmented_Healthy Leaf0886.jpg,113.69205625,147.4006046875,101.8518,72.50893810819846,0.0346109375,Healthy Leaf
augmented_Healthy Leaf0887.jpg,124.8521484375,156.977059375,113.9256953125,79.90059083576666,0.0350015625,Healthy Leaf
augmented_Healthy Leaf0888.jpg,113.00405625,146.7137875,101.2156296875,72.641997776538,0.031084375,Healthy Leaf
augmented_Healthy Leaf0889.jpg,89.895465625,118.249665625,83.52671875,51.95253837119847,0.006378125,Healthy Leaf
augmented_Healthy Leaf0890.jpg,111.196234375,144.8314609375,103.561571875,64.89984268507783,0.007546875,Healthy Leaf
augmented_Healthy Leaf0891.jpg,111.196234375,144.8314609375,103.561571875,64.89984268507783,0.007546875,Healthy Leaf
augmented_Healthy Leaf0892.jpg,110.29318125,143.95239375,102.8582,65.04610112090167,0.00733125,Healthy Leaf
augmented_Healthy Leaf0893.jpg,110.2995359375,143.9574859375,102.8872484375,65.04894876605647,0.00843125,Healthy Leaf
augmented_Healthy Leaf0894.jpg,120.213896875,136.57536875,132.177934375,70.08057229579012,0.35571875,Healthy Leaf
augmented_Healthy Leaf0895.jpg,111.3044125,142.8174625,107.8638734375,72.27592052636462,0.0490640625,Healthy Leaf
augmented_Healthy Leaf0896.jpg,113.4627296875,144.0586671875,109.6628109375,75.51594015174149,0.0503875,Healthy Leaf
augmented_Healthy Leaf0897.jpg,168.8879265625,211.072759375,149.793734375,72.15024085774698,0.1054359375,Healthy Leaf
augmented_Healthy Leaf0898.jpg,144.0778125,174.3056375,140.6855671875,73.71280316145476,0.031915625,Healthy Leaf
augmented_Healthy Leaf0899.jpg,144.0778125,174.3056375,140.6855671875,73.71280316145476,0.031915625,Healthy Leaf
augmented_Healthy Leaf0900.jpg,143.3558421875,173.593340625,139.9994515625,73.76016936299665,0.02834375,Healthy Leaf
augmented_Healthy Leaf0901.jpg,173.60669375,212.685871875,156.87,74.3211514209185,0.0566609375,Healthy Leaf
augmented_Healthy Leaf0902.jpg,137.8746984375,171.9500359375,129.6958984375,71.10931590451084,0.0401875,Healthy Leaf
augmented_Healthy Leaf0903.jpg,138.2371359375,164.0534375,141.8657453125,72.87268989691844,0.360103125,Healthy Leaf
augmented_Healthy Leaf0904.jpg,111.834940625,143.15415625,110.2056609375,63.64386180484017,0.02816875,Healthy Leaf
augmented_Healthy Leaf0905.jpg,150.365421875,187.2638234375,144.2534375,79.9871049204182,0.0368578125,Healthy Leaf
augmented_Healthy Leaf0906.jpg,127.498290625,161.2894203125,124.521384375,72.1331770998008,0.0313359375,Healthy Leaf
augmented_Healthy Leaf0907.jpg,127.498290625,161.2894203125,124.521384375,72.1331770998008,0.0313359375,Healthy Leaf
augmented_Healthy Leaf0908.jpg,131.49681875,153.4094390625,139.139184375,71.39504959714878,0.356821875,Healthy Leaf
augmented_Healthy Leaf0909.jpg,143.698553125,172.0431578125,143.0040640625,75.49401887215554,0.0262421875,Healthy Leaf
augmented_Healthy Leaf0910.jpg,129.039365625,162.0984015625,125.34931875,74.14756413777977,0.03238125,Healthy Leaf
augmented_Healthy Leaf0911.jpg,157.768265625,181.361634375,142.389525,55.85828954791318,0.104021875,Healthy Leaf
augmented_Healthy Leaf0912.jpg,157.7553234375,181.356896875,142.334996875,55.7819623065224,0.103225,Healthy Leaf
augmented_Healthy Leaf0913.jpg,157.7553234375,181.356896875,142.334996875,55.7819623065224,0.103225,Healthy Leaf
augmented_Healthy Leaf0914.jpg,190.894796875,212.9804609375,163.8632515625,65.09297110778132,0.09490625,Healthy Leaf
augmented_Healthy Leaf0915.jpg,143.768290625,162.3870453125,137.0986421875,64.07661391955186,0.3578953125,Healthy Leaf
augmented_Healthy Leaf0916.jpg,157.51903125,177.7186296875,140.7918609375,69.45276485716272,0.075396875,Healthy Leaf
augmented_Healthy Leaf0917.jpg,137.807296875,159.470584375,118.9220625,60.40744441813698,0.048303125,Healthy Leaf
augmented_Healthy Leaf0918.jpg,132.7641578125,151.0118578125,121.6069609375,62.987136441159365,0.3554390625,Healthy Leaf
augmented_Healthy Leaf0919.jpg,132.73969375,151.031725,121.6474609375,62.95556924610657,0.355515625,Healthy Leaf
augmented_Healthy Leaf0920.jpg,137.8378671875,159.51171875,118.9350078125,60.37308846314351,0.047678125,Healthy Leaf
augmented_Healthy Leaf0921.jpg,149.2706625,170.88263125,131.021940625,66.67786981074303,0.04751875,Healthy Leaf
augmented_Healthy Leaf0922.jpg,136.9100109375,158.6091328125,118.1574875,60.46988757552693,0.0437625,Healthy Leaf
augmented_Healthy Leaf0923.jpg,136.0186875,158.0932640625,115.008071875,68.31361980274086,0.0601484375,Healthy Leaf
augmented_Healthy Leaf0924.jpg,136.024978125,158.2182703125,114.9640578125,68.29482248623306,0.060315625,Healthy Leaf
augmented_Healthy Leaf0925.jpg,72.3706234375,88.862609375,63.413115625,33.73822306226743,0.03760625,Healthy Leaf
augmented_Healthy Leaf0926.jpg,161.2808296875,188.455728125,137.118725,66.92017686395272,0.09261875,Healthy Leaf
augmented_Healthy Leaf0927.jpg,126.8437234375,148.3135203125,124.5308703125,63.73855127921473,0.3549734375,Healthy Leaf
augmented_Healthy Leaf0928.jpg,129.3092671875,153.945071875,112.7131890625,61.73307856817291,0.075078125,Healthy Leaf
augmented_Healthy Leaf0929.jpg,139.9751953125,163.467884375,127.3949953125,53.34904098376915,0.01929375,Healthy Leaf
augmented_Healthy Leaf0930.jpg,146.9245515625,168.39184375,132.8802125,60.05102240808418,0.015953125,Healthy Leaf
augmented_Healthy Leaf0931.jpg,148.0092953125,168.5444359375,136.6407515625,68.90859369552872,0.3640109375,Healthy Leaf
augmented_Healthy Leaf0932.jpg,155.8190328125,178.8389296875,137.5392703125,67.82345295191492,0.1124203125,Healthy Leaf
augmented_Healthy Leaf0933.jpg,151.8016046875,175.6860875,133.748328125,64.04712505666598,0.102790625,Healthy Leaf
augmented_Healthy Leaf0934.jpg,151.8735,175.7215859375,134.158203125,64.34041356537875,0.110709375,Healthy Leaf
augmented_Healthy Leaf0935.jpg,151.8898984375,175.72316875,134.1192,64.2840842957083,0.1102,Healthy Leaf
augmented_Healthy Leaf0936.jpg,143.363865625,162.1659953125,137.5690375,67.40615190609806,0.35764375,Healthy Leaf
augmented_Healthy Leaf0937.jpg,141.9455875,166.38965,124.1354421875,64.07434531300515,0.0569890625,Healthy Leaf
augmented_Healthy Leaf0938.jpg,138.707175,160.3640578125,131.729325,67.7357622770687,0.35826875,Healthy Leaf
augmented_Healthy Leaf0939.jpg,138.640734375,160.3931078125,131.7546703125,67.6924187731634,0.35863125,Healthy Leaf
augmented_Healthy Leaf0940.jpg,147.5832390625,171.18746875,128.89315625,69.92353681512547,0.057359375,Healthy Leaf
augmented_Healthy Leaf0941.jpg,61.3978453125,78.3937015625,46.6623890625,25.387393166105255,0.0725078125,Healthy Leaf
augmented_Healthy Leaf0942.jpg,62.8013015625,79.881434375,47.61889375,25.96150669974845,0.0739796875,Healthy Leaf
augmented_Healthy Leaf0943.jpg,107.466025,131.154540625,99.6048265625,51.70076235859449,0.35524375,Healthy Leaf
augmented_Healthy Leaf0944.jpg,106.8211921875,132.7325484375,80.6720875,45.69516411520349,0.1099921875,Healthy Leaf
augmented_Healthy Leaf0945.jpg,120.4857515625,145.6074171875,91.9095,65.0455382042235,0.1059234375,Healthy Leaf
augmented_Healthy Leaf0946.jpg,150.151609375,188.29519375,151.8812984375,86.95152759608585,0.1091234375,Healthy Leaf
augmented_Healthy Leaf0947.jpg,130.947203125,168.3459578125,137.33975625,77.76230545345918,0.098234375,Healthy Leaf
augmented_Healthy Leaf0948.jpg,160.512803125,196.8488875,156.1184453125,85.49367670204484,0.1198546875,Healthy Leaf
augmented_Healthy Leaf0949.jpg,137.3584296875,161.17334375,141.083828125,78.67659862209311,0.367546875,Healthy Leaf
augmented_Healthy Leaf0950.jpg,137.0942296875,172.8513515625,141.4929515625,83.22964953254379,0.089184375,Healthy Leaf
augmented_Healthy Leaf0951.jpg,135.67085,171.3049234375,140.53326875,81.22430674059768,0.0978703125,Healthy Leaf
augmented_Healthy Leaf0952.jpg,107.519125,143.3042859375,103.138703125,69.05124794818808,0.0624796875,Healthy Leaf
augmented_Healthy Leaf0953.jpg,112.668553125,149.563165625,107.633284375,72.18038064762963,0.0636765625,Healthy Leaf
augmented_Healthy Leaf0954.jpg,111.615721875,148.759215625,106.7181609375,72.2130216003421,0.0579625,Healthy Leaf
augmented_Healthy Leaf0955.jpg,115.7661640625,149.71613125,115.4602390625,76.6071401361699,0.027946875,Healthy Leaf
augmented_Healthy Leaf0956.jpg,114.889809375,148.859784375,114.67711875,76.74933201382446,0.027653125,Healthy Leaf
augmented_Healthy Leaf0957.jpg,123.72631875,150.7098046875,124.2033421875,76.967274960963,0.364771875,Healthy Leaf
augmented_Healthy Leaf0958.jpg,129.347784375,165.6967703125,122.7304546875,84.48774511963167,0.1042796875,Healthy Leaf
augmented_Healthy Leaf0959.jpg,124.7011,163.170953125,119.2753,80.94488584276996,0.106678125,Healthy Leaf
augmented_Healthy Leaf0960.jpg,124.958571875,163.2528765625,119.879325,81.09526502976821,0.1122703125,Healthy Leaf
augmented_Healthy Leaf0961.jpg,125.9479875,144.020890625,130.9301265625,75.22874992321071,0.358734375,Healthy Leaf
augmented_Healthy Leaf0962.jpg,122.42960625,152.8872078125,119.9906453125,79.40951495503805,0.0876359375,Healthy Leaf
augmented_Healthy Leaf0963.jpg,116.2721,148.4818296875,114.32206875,76.18764781121246,0.09325625,Healthy Leaf
augmented_Healthy Leaf0964.jpg,110.0201140625,143.4659703125,102.5355765625,74.3719619599364,0.072028125,Healthy Leaf
augmented_Healthy Leaf0965.jpg,77.8033421875,101.7522890625,75.5493921875,54.083266685590154,0.064828125,Healthy Leaf
augmented_Healthy Leaf0966.jpg,111.50089375,128.5789640625,114.83171875,69.81950068655799,0.3583640625,Healthy Leaf
augmented_Healthy Leaf0967.jpg,111.8918,141.942946875,106.415490625,75.48228564343624,0.0930765625,Healthy Leaf
augmented_Healthy Leaf0968.jpg,111.8918,141.942946875,106.415490625,75.48228564343624,0.0930765625,Healthy Leaf
augmented_Healthy Leaf0969.jpg,130.4423453125,167.951821875,124.7297453125,78.21982301630406,0.0748109375,Healthy Leaf
augmented_Healthy Leaf0970.jpg,105.9523375,138.1159171875,103.6178453125,67.66350562345156,0.059765625,Healthy Leaf
augmented_Healthy Leaf0971.jpg,111.277496875,132.9915828125,117.103453125,67.78685078570041,0.3555234375,Healthy Leaf
augmented_Healthy Leaf0972.jpg,105.9518953125,138.115665625,103.6040984375,67.65524221656783,0.06065625,Healthy Leaf
augmented_Healthy Leaf0973.jpg,105.9518953125,138.115665625,103.6040984375,67.65524221656783,0.06065625,Healthy Leaf
augmented_Healthy Leaf0974.jpg,112.9868984375,144.0481515625,109.2019125,76.23186129975645,0.0542828125,Healthy Leaf
augmented_Healthy Leaf0975.jpg,120.1165421875,149.9040640625,116.227234375,80.60406810650657,0.0526453125,Healthy Leaf
augmented_Healthy Leaf0976.jpg,116.7489078125,146.0217234375,114.998925,74.55415339272453,0.05725625,Healthy Leaf
augmented_Healthy Leaf0977.jpg,71.83515625,99.2890140625,61.171290625,58.80532339050825,0.091890625,Healthy Leaf
augmented_Healthy Leaf0978.jpg,106.9863390625,149.1538609375,87.3508484375,73.65010867839432,0.1358359375,Healthy Leaf
augmented_Healthy Leaf0979.jpg,83.455453125,115.2258890625,70.3890421875,67.52330599007904,0.1055265625,Healthy Leaf
augmented_Healthy Leaf0980.jpg,92.8104390625,111.3808625,95.206184375,66.08089936876075,0.36090625,Healthy Leaf
augmented_Healthy Leaf0981.jpg,92.838825,111.362796875,95.3289234375,66.12263187548642,0.3607859375,Healthy Leaf
augmented_Healthy Leaf0982.jpg,92.821978125,111.3298671875,95.3127515625,66.05773164359236,0.3608484375,Healthy Leaf
augmented_Healthy Leaf0983.jpg,90.579646875,117.590240625,73.5211875,49.97702508607979,0.2553421875,Healthy Leaf
augmented_Healthy Leaf0984.jpg,89.9441109375,114.7735328125,77.3229515625,52.22108484246929,0.3626390625,Healthy Leaf
augmented_Healthy Leaf0985.jpg,123.0686203125,145.2813234375,108.0887796875,74.92330728818699,0.216853125,Healthy Leaf
augmented_Healthy Leaf0986.jpg,94.6561578125,124.4343328125,77.6652375,49.30008835963642,0.2516578125,Healthy Leaf
augmented_Healthy Leaf0987.jpg,128.9019515625,153.3678671875,114.6789234375,74.27532264184119,0.2094828125,Healthy Leaf
augmented_Healthy Leaf0988.jpg,93.7244953125,123.5963265625,76.6216625,47.62184651179415,0.248359375,Healthy Leaf
augmented_Healthy Leaf0989.jpg,93.691534375,123.5843859375,76.582621875,47.44639373047591,0.24715625,Healthy Leaf
augmented_Healthy Leaf0990.jpg,103.3497765625,120.3060875,96.318221875,52.68428754920171,0.1442375,Healthy Leaf
augmented_Healthy Leaf0991.jpg,163.3647515625,190.7939546875,147.34810625,73.07654495402444,0.1826,Healthy Leaf
augmented_Healthy Leaf0992.jpg,133.967471875,155.0672421875,125.0511796875,68.44375821363437,0.1668390625,Healthy Leaf
augmented_Healthy Leaf0993.jpg,133.967471875,155.0672421875,125.0511796875,68.44375821363437,0.1668390625,Healthy Leaf
augmented_Healthy Leaf0994.jpg,128.6180953125,149.26355625,121.124959375,68.83083126716176,0.3632921875,Healthy Leaf
augmented_Healthy Leaf0995.jpg,134.0041203125,155.0844296875,125.082571875,68.36946690741703,0.1661515625,Healthy Leaf
augmented_Healthy Leaf0996.jpg,139.9334515625,160.034871875,131.4824796875,72.50007732126238,0.1609046875,Healthy Leaf
augmented_Healthy Leaf0997.jpg,133.145484375,154.2299640625,124.225609375,68.26696157734224,0.1652140625,Healthy Leaf
augmented_Healthy Leaf0998.jpg,133.1219296875,154.237875,124.0534734375,67.88154080157776,0.160346875,Healthy Leaf
augmented_Healthy Leaf0999.jpg,62.485059375,83.036846875,54.863059375,43.00540195388496,0.11859375,Healthy Leaf
augmented_Healthy Leaf1000.jpg,97.7250421875,128.1723671875,85.0106578125,66.60792741581962,0.1866515625,Healthy Leaf
augmented_Herbicide Growth Damage0001.jpg,181.8254984375,195.9492765625,175.9108859375,74.39876267554685,0.0392109375,Herbicide Growth Damage
augmented_Herbicide Growth Damage0002.jpg,160.883321875,173.0787421875,159.8786546875,80.44414883229372,0.3714828125,Herbicide Growth Damage
augmented_Herbicide Growth Damage0003.jpg,160.7881859375,173.1483859375,160.0264609375,80.45017930226624,0.3719828125,Herbicide Growth Damage
augmented_Herbicide Growth Damage0004.jpg,181.8534328125,195.95119375,175.9270234375,74.38389612511011,0.0387828125,Herbicide Growth Damage
augmented_Herbicide Growth Damage0005.jpg,144.36735,161.8783359375,138.993646875,81.92795701764423,0.01529375,Herbicide Growth Damage
augmented_Herbicide Growth Damage0006.jpg,146.8026625,163.876765625,142.6938296875,85.37621650082131,0.0439875,Herbicide Growth Damage
augmented_Herbicide Growth Damage0007.jpg,147.650521875,153.1853046875,152.9115296875,79.52600246509687,0.3631765625,Herbicide Growth Damage
augmented_Herbicide Growth Damage0008.jpg,166.9564734375,180.9240625,163.6283109375,83.52657518186858,0.0347296875,Herbicide Growth Damage
augmented_Herbicide Growth Damage0009.jpg,83.1429109375,96.5785890625,77.8194796875,41.17195984475293,0.02971875,Herbicide Growth Damage
augmented_Herbicide Growth Damage0010.jpg,156.5579984375,177.143090625,146.377390625,78.85169301748437,0.101484375,Herbicide Growth Damage
augmented_Herbicide Growth Damage0011.jpg,143.1857484375,162.1324046875,133.6077046875,73.86452135163638,0.1154984375,Herbicide Growth Damage
augmented_Herbicide Growth Damage0012.jpg,136.65080625,153.6440859375,130.6411953125,73.13398592364575,0.363796875,Herbicide Growth Damage
augmented_Herbicide Growth Damage0013.jpg,143.2008046875,162.1379609375,133.621265625,73.87470801138018,0.11536875,Herbicide Growth Damage
augmented_Herbicide Growth Damage0014.jpg,131.943565625,148.956025,125.7056875,73.90519966626,0.067959375,Herbicide Growth Damage
augmented_Herbicide Growth Damage0015.jpg,142.62309375,157.5457609375,138.084278125,76.29822414153396,0.0553140625,Herbicide Growth Damage
augmented_Herbicide Growth Damage0016.jpg,134.908146875,151.566940625,129.4106421875,76.47677256340546,0.0671921875,Herbicide Growth Damage
augmented_Herbicide Growth Damage0017.jpg,126.9107125,129.571453125,135.8956828125,80.33765704276566,0.362225,Herbicide Growth Damage
augmented_Herbicide Growth Damage0018.jpg,124.9277140625,144.3305265625,120.420228125,93.30343853024695,0.029465625,Herbicide Growth Damage
augmented_Herbicide Growth Damage0019.jpg,124.9277140625,144.3305265625,120.420228125,93.30343853024695,0.029465625,Herbicide Growth Damage
augmented_Herbicide Growth Damage0020.jpg,125.580753125,144.8919328125,121.127725,94.21060550672826,0.026978125,Herbicide Growth Damage
augmented_Herbicide Growth Damage0021.jpg,125.84415625,144.95743125,121.3379890625,94.47697865402716,0.026859375,Herbicide Growth Damage
augmented_Herbicide Growth Damage0022.jpg,124.23399375,143.53423125,119.8436375,93.38370337635881,0.02725625,Herbicide Growth Damage
augmented_Herbicide Growth Damage0023.jpg,124.176478125,143.4866578125,119.778859375,93.38602630277452,0.025796875,Herbicide Growth Damage
augmented_Herbicide Growth Damage0024.jpg,162.6959984375,176.496334375,156.04194375,84.4273038425402,0.0319390625,Herbicide Growth Damage
augmented_Herbicide Growth Damage0025.jpg,132.2870515625,145.4929609375,127.323025,78.36960272103647,0.025225,Herbicide Growth Damage
augmented_Herbicide Growth Damage0026.jpg,132.2870515625,145.4929609375,127.323025,78.36960272103647,0.025225,Herbicide Growth Damage
augmented_Herbicide Growth Damage0027.jpg,132.7654765625,135.4016625,135.3449078125,72.39912367490088,0.3573796875,Herbicide Growth Damage
augmented_Herbicide Growth Damage0028.jpg,132.822565625,135.5247671875,135.397690625,72.41936756012572,0.356509375,Herbicide Growth Damage
augmented_Herbicide Growth Damage0029.jpg,137.2948625,150.1299734375,133.271125,82.4648985473971,0.0255046875,Herbicide Growth Damage
augmented_Herbicide Growth Damage0030.jpg,131.424334375,144.593084375,126.486503125,78.44832678644877,0.0233546875,Herbicide Growth Damage
augmented_Herbicide Growth Damage0031.jpg,131.444221875,144.6066234375,126.5436484375,78.46334736972828,0.02360625,Herbicide Growth Damage
augmented_Herbicide Growth Damage0032.jpg,167.6454109375,181.9258921875,163.08840625,69.40846046924945,0.0283796875,Herbicide Growth Damage
augmented_Herbicide Growth Damage0033.jpg,164.49885625,171.0931546875,166.43690625,71.59565515995338,0.36065625,Herbicide Growth Damage
augmented_Herbicide Growth Damage0034.jpg,173.227359375,187.5213546875,169.476584375,71.98017304137092,0.0253984375,Herbicide Growth Damage
augmented_Herbicide Growth Damage0035.jpg,166.6107796875,180.96,162.0929390625,69.37045780208983,0.0251703125,Herbicide Growth Damage
augmented_Herbicide Growth Damage0036.jpg,155.20609375,167.1271640625,148.41281875,84.51179420018839,0.0281359375,Herbicide Growth Damage
augmented_Herbicide Growth Damage0037.jpg,140.288825,152.419684375,134.3087359375,81.23887282386492,0.0251375,Herbicide Growth Damage
augmented_Herbicide Growth Damage0038.jpg,139.44605625,151.7820921875,133.5123421875,81.2555735602216,0.0247734375,Herbicide Growth Damage
augmented_Herbicide Growth Damage0039.jpg,139.568034375,151.653515625,133.6373796875,81.30422383274798,0.02415,Herbicide Growth Damage
augmented_Herbicide Growth Damage0040.jpg,139.36604375,151.7426140625,133.4030203125,81.27628980997086,0.0227921875,Herbicide Growth Damage
augmented_Herbicide Growth Damage0041.jpg,164.2017703125,176.9150953125,161.545028125,82.86253383982032,0.022446875,Herbicide Growth Damage
augmented_Herbicide Growth Damage0042.jpg,159.89363125,173.810421875,156.9242390625,79.19860472181826,0.023521875,Herbicide Growth Damage
augmented_Herbicide Growth Damage0043.jpg,215.0407890625,224.5253609375,210.525840625,73.49572644023777,0.0247390625,Herbicide Growth Damage
augmented_Herbicide Growth Damage0044.jpg,170.5199140625,183.2194453125,167.0557234375,68.72633597810201,0.0189546875,Herbicide Growth Damage
augmented_Herbicide Growth Damage0045.jpg,179.951346875,188.5549859375,176.8329125,60.77367771459545,0.008,Herbicide Growth Damage
augmented_Herbicide Growth Damage0046.jpg,162.3146046875,173.0306015625,158.5716890625,50.996185755403786,0.0075765625,Herbicide Growth Damage
augmented_Herbicide Growth Damage0047.jpg,140.472259375,152.91576875,136.312440625,55.67733177736917,0.0226828125,Herbicide Growth Damage
augmented_Herbicide Growth Damage0048.jpg,105.7490390625,116.02214375,101.9818703125,41.314781865496194,0.0154296875,Herbicide Growth Damage
augmented_Herbicide Growth Damage0049.jpg,164.5962515625,178.18460625,159.7277265625,65.4353319224217,0.02573125,Herbicide Growth Damage
augmented_Herbicide Growth Damage0050.jpg,134.3549609375,152.7185609375,128.53268125,90.4642757799228,0.018640625,Herbicide Growth Damage
augmented_Herbicide Growth Damage0051.jpg,121.6008125,125.45603125,128.23113125,75.46802650548895,0.358815625,Herbicide Growth Damage
augmented_Herbicide Growth Damage0052.jpg,122.18259375,139.33859375,117.203790625,87.26124609116695,0.015778125,Herbicide Growth Damage
augmented_Herbicide Growth Damage0053.jpg,122.18259375,139.33859375,117.203790625,87.26124609116695,0.015778125,Herbicide Growth Damage
augmented_Herbicide Growth Damage0054.jpg,138.3184265625,152.509959375,134.4301640625,98.11508585369543,0.01391875,Herbicide Growth Damage
augmented_Herbicide Growth Damage0055.jpg,133.220565625,148.29708125,128.86138125,95.66181075127416,0.01394375,Herbicide Growth Damage
augmented_Herbicide Growth Damage0056.jpg,131.652428125,147.0320296875,127.1775375,94.70550004739908,0.014575,Herbicide Growth Damage
augmented_Herbicide Growth Damage0057.jpg,133.2839140625,151.4146234375,123.090078125,70.31834720014231,0.04411875,Herbicide Growth Damage
augmented_Herbicide Growth Damage0058.jpg,133.2839140625,151.4146234375,123.090078125,70.31834720014231,0.04411875,Herbicide Growth Damage
augmented_Herbicide Growth Damage0059.jpg,133.2839140625,151.4146234375,123.090078125,70.31834720014231,0.04411875,Herbicide Growth Damage
augmented_Herbicide Growth Damage0060.jpg,139.989725,158.011321875,129.2677078125,78.0281265961582,0.0392484375,Herbicide Growth Damage
augmented_Herbicide Growth Damage0061.jpg,138.0295875,155.825734375,128.171425,73.96799089647278,0.043446875,Herbicide Growth Damage
augmented_Herbicide Growth Damage0062.jpg,111.9598875,126.30655625,106.492953125,56.85405906363817,0.0164578125,Herbicide Growth Damage
augmented_Herbicide Growth Damage0063.jpg,90.2627234375,102.929984375,86.4483765625,45.51211174636451,0.010034375,Herbicide Growth Damage
augmented_Herbicide Growth Damage0064.jpg,145.305040625,162.8126796875,137.3909734375,73.71739082914522,0.0267703125,Herbicide Growth Damage
augmented_Herbicide Growth Damage0065.jpg,144.380228125,161.8733875,136.5481484375,73.75537731901419,0.025084375,Herbicide Growth Damage
augmented_Herbicide Growth Damage0066.jpg,144.362784375,161.8453609375,136.52789375,73.78321831114471,0.0275390625,Herbicide Growth Damage
augmented_Herbicide Growth Damage0067.jpg,91.410484375,105.6383578125,87.194575,53.135244433332915,0.025928125,Herbicide Growth Damage
augmented_Herbicide Growth Damage0068.jpg,143.7907859375,162.569465625,137.0329265625,84.14466534288002,0.071525,Herbicide Growth Damage
augmented_Herbicide Growth Damage0069.jpg,148.1287453125,166.4956609375,141.2456875,87.30062533962379,0.0624125,Herbicide Growth Damage
augmented_Herbicide Growth Damage0070.jpg,142.8740453125,161.6656140625,136.12815,84.17293860061905,0.06425625,Herbicide Growth Damage
augmented_Herbicide Growth Damage0071.jpg,142.84105,161.62985625,136.16236875,84.2059577578786,0.0695921875,Herbicide Growth Damage
augmented_Herbicide Growth Damage0072.jpg,145.3280515625,161.603275,142.091428125,81.34407000445597,0.0479984375,Herbicide Growth Damage
augmented_Herbicide Growth Damage0073.jpg,144.4188640625,160.73870625,141.1672859375,81.35188389500783,0.043378125,Herbicide Growth Damage
augmented_Herbicide Growth Damage0074.jpg,97.23525625,125.983553125,79.2960625,71.03141364215305,0.0402734375,Herbicide Growth Damage
augmented_Herbicide Growth Damage0075.jpg,108.7197171875,135.4464078125,92.504475,81.10395542069733,0.0394765625,Herbicide Growth Damage
augmented_Herbicide Growth Damage0076.jpg,108.7197171875,135.4464078125,92.504475,81.10395542069733,0.0394765625,Herbicide Growth Damage
augmented_Herbicide Growth Damage0077.jpg,118.2481265625,144.56020625,102.2946375,71.11955844928482,0.1220046875,Herbicide Growth Damage
augmented_Herbicide Growth Damage0078.jpg,127.2097265625,152.6984015625,110.990771875,78.27161633539225,0.1037796875,Herbicide Growth Damage
augmented_Herbicide Growth Damage0079.jpg,149.958578125,160.905915625,144.4189421875,46.263625245889976,0.0553234375,Herbicide Growth Damage
augmented_Herbicide Growth Damage0080.jpg,174.7129890625,186.627934375,167.9966953125,54.02312002943513,0.0619859375,Herbicide Growth Damage
augmented_Herbicide Growth Damage0081.jpg,169.593928125,181.187615625,165.7583984375,61.717671184200334,0.3597234375,Herbicide Growth Damage
augmented_Herbicide Growth Damage0082.jpg,174.6905859375,186.6128328125,167.9692765625,53.9794631429846,0.0618953125,Herbicide Growth Damage
augmented_Herbicide Growth Damage0083.jpg,174.6905859375,186.6128328125,167.9692765625,53.9794631429846,0.0618953125,Herbicide Growth Damage
augmented_Herbicide Growth Damage0084.jpg,174.6905859375,186.6128328125,167.9692765625,53.9794631429846,0.0618953125,Herbicide Growth Damage
augmented_Herbicide Growth Damage0085.jpg,181.9848796875,193.1870484375,174.9516515625,59.52066906590127,0.0566296875,Herbicide Growth Damage
augmented_Herbicide Growth Damage0086.jpg,177.242390625,188.72915,170.5137296875,56.870194610986715,0.062865625,Herbicide Growth Damage
augmented_Herbicide Growth Damage0087.jpg,164.3220765625,177.41080625,155.129178125,60.70462709837135,0.1019953125,Herbicide Growth Damage
augmented_Herbicide Growth Damage0088.jpg,164.2819703125,177.385184375,155.0762234375,60.683175105055675,0.10245625,Herbicide Growth Damage
augmented_Herbicide Growth Damage0089.jpg,164.2819703125,177.385184375,155.0762234375,60.683175105055675,0.10245625,Herbicide Growth Damage
augmented_Herbicide Growth Damage0090.jpg,164.2819703125,177.385184375,155.0762234375,60.683175105055675,0.10245625,Herbicide Growth Damage
augmented_Herbicide Growth Damage0091.jpg,170.4145015625,182.8532046875,162.7245546875,62.201914043279245,0.095709375,Herbicide Growth Damage
augmented_Herbicide Growth Damage0092.jpg,144.2175375,158.3019875,134.2012625,58.318851104176375,0.13463125,Herbicide Growth Damage
augmented_Herbicide Growth Damage0093.jpg,172.0739015625,184.38643125,163.4782046875,66.42210666709467,0.1047546875,Herbicide Growth Damage
augmented_Herbicide Growth Damage0094.jpg,168.390421875,181.1223390625,159.8083109375,65.26842112891072,0.1186421875,Herbicide Growth Damage
augmented_Herbicide Growth Damage0095.jpg,156.4910984375,171.3500328125,144.8792140625,63.03484920411058,0.1350734375,Herbicide Growth Damage
augmented_Herbicide Growth Damage0096.jpg,130.0360203125,144.3229890625,126.1474453125,71.51820255149032,0.3619203125,Herbicide Growth Damage
augmented_Herbicide Growth Damage0097.jpg,145.875809375,160.157103125,137.79303125,77.81640680792063,0.120496875,Herbicide Growth Damage
augmented_Herbicide Growth Damage0098.jpg,137.1402546875,152.7104078125,126.680146875,75.09798394324473,0.125275,Herbicide Growth Damage
augmented_Herbicide Growth Damage0099.jpg,82.324853125,91.865721875,77.9762328125,35.775545481183244,0.0058640625,Herbicide Growth Damage
augmented_Herbicide Growth Damage0100.jpg,135.3084875,147.290015625,133.432265625,64.25224114748346,0.3541921875,Herbicide Growth Damage
augmented_Herbicide Growth Damage0101.jpg,139.273784375,152.03705625,130.8912359375,62.07454772434782,0.0186234375,Herbicide Growth Damage
augmented_Herbicide Growth Damage0102.jpg,146.9545578125,158.7354140625,139.8965890625,66.32307218077675,0.0194875,Herbicide Growth Damage
augmented_Herbicide Growth Damage0103.jpg,143.3341265625,154.951890625,134.90981875,68.8941805918242,0.05733125,Herbicide Growth Damage
augmented_Herbicide Growth Damage0104.jpg,165.564515625,178.0504421875,160.142903125,68.93986559036483,0.0513546875,Herbicide Growth Damage
augmented_Herbicide Growth Damage0105.jpg,143.8344328125,154.362015625,144.599440625,65.20461783347966,0.3562484375,Herbicide Growth Damage
augmented_Herbicide Growth Damage0106.jpg,167.3999890625,179.7018125,163.22991875,56.26094617713155,0.0373328125,Herbicide Growth Damage
augmented_Herbicide Growth Damage0107.jpg,175.1414390625,186.6281609375,171.6317625,59.55884831165807,0.036971875,Herbicide Growth Damage
augmented_Herbicide Growth Damage0108.jpg,147.52065625,166.446384375,125.939228125,74.29296572531065,0.06773125,Herbicide Growth Damage
augmented_Herbicide Growth Damage0109.jpg,144.9458140625,163.65574375,123.7208296875,73.02971546218079,0.068203125,Herbicide Growth Damage
augmented_Herbicide Growth Damage0110.jpg,144.9458140625,163.65574375,123.7208296875,73.02971546218079,0.068203125,Herbicide Growth Damage
augmented_Herbicide Growth Damage0111.jpg,148.0702015625,166.22806875,127.146921875,76.17546283873148,0.0663015625,Herbicide Growth Damage
augmented_Herbicide Growth Damage0112.jpg,115.4864453125,140.4921328125,83.66451875,57.6725240341251,0.2035359375,Herbicide Growth Damage
augmented_Herbicide Growth Damage0113.jpg,115.4864453125,140.4921328125,83.66451875,57.6725240341251,0.2035359375,Herbicide Growth Damage
augmented_Herbicide Growth Damage0114.jpg,114.0806296875,138.1255,97.4312859375,61.032489636870025,0.363934375,Herbicide Growth Damage
augmented_Herbicide Growth Damage0115.jpg,114.232928125,138.127778125,97.256825,61.06553510841856,0.3638625,Herbicide Growth Damage
augmented_Herbicide Growth Damage0116.jpg,114.609840625,139.636934375,82.4284703125,57.27916992846545,0.193965625,Herbicide Growth Damage
augmented_Herbicide Growth Damage0117.jpg,114.5080140625,139.5518484375,82.6280125,57.503818099512195,0.199090625,Herbicide Growth Damage
augmented_Herbicide Growth Damage0118.jpg,91.108053125,104.2501015625,77.581571875,42.130090379334305,0.005496875,Herbicide Growth Damage
augmented_Herbicide Growth Damage0119.jpg,149.82300625,167.819140625,127.708184375,70.57009644616474,0.014396875,Herbicide Growth Damage
augmented_Herbicide Growth Damage0120.jpg,142.799721875,159.513675,131.8686015625,72.84786382017722,0.361596875,Herbicide Growth Damage
augmented_Herbicide Growth Damage0121.jpg,149.1164078125,166.8758515625,126.990715625,70.72810518514224,0.0165140625,Herbicide Growth Damage
augmented_Herbicide Growth Damage0122.jpg,149.149359375,166.8947796875,127.0260453125,70.7483460193251,0.01500625,Herbicide Growth Damage
augmented_Herbicide Growth Damage0123.jpg,149.120825,166.8748140625,126.9925640625,70.7492601605889,0.016628125,Herbicide Growth Damage
augmented_Herbicide Growth Damage0124.jpg,164.9798296875,180.45893125,147.3329171875,73.86269628294464,0.02739375,Herbicide Growth Damage
augmented_Herbicide Growth Damage0125.jpg,160.4266109375,168.1281859375,156.312346875,37.31873111789843,0.0134484375,Herbicide Growth Damage
augmented_Herbicide Growth Damage0126.jpg,182.83423125,190.8385796875,178.4107796875,42.55789154478558,0.016103125,Herbicide Growth Damage
augmented_Herbicide Growth Damage0127.jpg,182.83423125,190.8385796875,178.4107796875,42.55789154478558,0.016103125,Herbicide Growth Damage
augmented_Herbicide Growth Damage0128.jpg,182.793384375,190.8040265625,178.3543921875,42.592994589396746,0.015696875,Herbicide Growth Damage
augmented_Herbicide Growth Damage0129.jpg,182.793384375,190.8040265625,178.3543921875,42.592994589396746,0.015696875,Herbicide Growth Damage
augmented_Herbicide Growth Damage0130.jpg,182.1291828125,190.0792984375,177.66539375,42.73105110929278,0.0142875,Herbicide Growth Damage
augmented_Herbicide Growth Damage0131.jpg,174.2179859375,196.2104234375,142.3933140625,73.28294188916412,0.010265625,Herbicide Growth Damage
augmented_Herbicide Growth Damage0132.jpg,136.288234375,155.0192390625,113.5127875,63.85291665542129,0.007040625,Herbicide Growth Damage
augmented_Herbicide Growth Damage0133.jpg,138.9218359375,158.112125,115.93083125,65.09528248818039,0.00695,Herbicide Growth Damage
augmented_Herbicide Growth Damage0134.jpg,151.0918734375,168.762221875,129.52228125,74.86421424171795,0.007196875,Herbicide Growth Damage
augmented_Herbicide Growth Damage0135.jpg,155.231153125,172.2729796875,134.403925,75.35007215186647,0.0069921875,Herbicide Growth Damage
augmented_Herbicide Growth Damage0136.jpg,138.1393453125,157.128309375,115.18109375,65.27099255802058,0.00826875,Herbicide Growth Damage
augmented_Herbicide Growth Damage0137.jpg,91.1357203125,104.599653125,76.2239359375,42.03456480794349,0.0005046875,Herbicide Growth Damage
augmented_Herbicide Growth Damage0138.jpg,137.6377296875,154.9251609375,114.932275,64.68344711861174,0.0025875,Herbicide Growth Damage
augmented_Herbicide Growth Damage0139.jpg,140.68933125,157.5388828125,117.7133265625,69.52808126306127,0.0037234375,Herbicide Growth Damage
augmented_Herbicide Growth Damage0140.jpg,147.99605625,176.49985625,129.558509375,83.94627394903806,0.052703125,Herbicide Growth Damage
augmented_Herbicide Growth Damage0141.jpg,123.4263140625,145.7196890625,109.280271875,85.09336523517545,0.0311125,Herbicide Growth Damage
augmented_Herbicide Growth Damage0142.jpg,124.23583125,139.716503125,125.8341,82.65357591321268,0.3643046875,Herbicide Growth Damage
augmented_Herbicide Growth Damage0143.jpg,134.8565734375,155.514834375,122.331303125,88.17235233375972,0.028821875,Herbicide Growth Damage
augmented_Herbicide Growth Damage0144.jpg,134.8565734375,155.514834375,122.331303125,88.17235233375972,0.028821875,Herbicide Growth Damage
augmented_Herbicide Growth Damage0145.jpg,122.639375,144.9301609375,108.5466875,85.15660935647732,0.0274171875,Herbicide Growth Damage
augmented_Herbicide Growth Damage0146.jpg,98.687328125,114.018509375,90.5560171875,60.85201407871374,0.02316875,Herbicide Growth Damage
augmented_Herbicide Growth Damage0147.jpg,71.6503125,84.6564734375,65.5622078125,43.71338282491762,0.0140046875,Herbicide Growth Damage
augmented_Herbicide Growth Damage0148.jpg,138.6838484375,157.7888640625,127.43246875,86.40823034832763,0.04065625,Herbicide Growth Damage
augmented_Herbicide Growth Damage0149.jpg,138.9849125,151.2585703125,141.022615625,84.3163234379248,0.3663859375,Herbicide Growth Damage
augmented_Herbicide Growth Damage0150.jpg,139.013021875,151.367025,141.004821875,84.30878977930337,0.3671140625,Herbicide Growth Damage
augmented_Herbicide Growth Damage0151.jpg,133.8129578125,156.289815625,117.5032390625,81.8033688323583,0.0085375,Herbicide Growth Damage
augmented_Herbicide Growth Damage0152.jpg,129.8419625,147.1135765625,126.9985046875,79.10234229284141,0.365278125,Herbicide Growth Damage
augmented_Herbicide Growth Damage0153.jpg,130.5404734375,152.7055328125,114.2666625,79.77510685949807,0.008121875,Herbicide Growth Damage
augmented_Herbicide Growth Damage0154.jpg,127.4314984375,152.9172015625,112.464815625,87.1312367294927,0.0372921875,Herbicide Growth Damage
augmented_Herbicide Growth Damage0155.jpg,127.4314984375,152.9172015625,112.464815625,87.1312367294927,0.0372921875,Herbicide Growth Damage
augmented_Herbicide Growth Damage0156.jpg,127.4314984375,152.9172015625,112.464815625,87.1312367294927,0.0372921875,Herbicide Growth Damage
augmented_Herbicide Growth Damage0157.jpg,127.4422421875,152.93171875,112.4651078125,87.11372781637988,0.0352140625,Herbicide Growth Damage
augmented_Herbicide Growth Damage0158.jpg,122.9212640625,132.8679078125,130.9859890625,82.67238680231588,0.364378125,Herbicide Growth Damage
augmented_Herbicide Growth Damage0159.jpg,148.27174375,166.1645875,139.580171875,92.87752970821032,0.00686875,Herbicide Growth Damage
augmented_Herbicide Growth Damage0160.jpg,111.2955140625,135.5685234375,99.232621875,85.38403894122884,0.0082703125,Herbicide Growth Damage
augmented_Herbicide Growth Damage0161.jpg,111.2844546875,135.562184375,99.1970359375,85.38197916681449,0.0098,Herbicide Growth Damage
augmented_Herbicide Growth Damage0162.jpg,153.2782875,161.2346015625,158.8945640625,82.66664021959922,0.3694515625,Herbicide Growth Damage
augmented_Herbicide Growth Damage0163.jpg,150.7837671875,168.648825,142.4649421875,84.24933878913289,0.009125,Herbicide Growth Damage
augmented_Herbicide Growth Damage0164.jpg,150.2257640625,167.8094203125,142.1186546875,84.40197394475668,0.0111234375,Herbicide Growth Damage
augmented_Herbicide Growth Damage0165.jpg,159.7294796875,184.0760015625,144.7819640625,89.50187801507568,0.0252484375,Herbicide Growth Damage
augmented_Herbicide Growth Damage0166.jpg,143.8904828125,167.3801484375,130.20705,83.19063080097362,0.021371875,Herbicide Growth Damage
augmented_Herbicide Growth Damage0167.jpg,136.9500296875,159.6767296875,123.7812859375,79.17375694322754,0.020471875,Herbicide Growth Damage
augmented_Herbicide Growth Damage0168.jpg,136.9500296875,159.6767296875,123.7812859375,79.17375694322754,0.020471875,Herbicide Growth Damage
augmented_Herbicide Growth Damage0169.jpg,148.6326640625,169.7386625,136.4549328125,88.9159131155918,0.019134375,Herbicide Growth Damage
augmented_Herbicide Growth Damage0170.jpg,143.6287203125,165.61938125,130.9862890625,86.1871939517227,0.0193640625,Herbicide Growth Damage
augmented_Herbicide Growth Damage0171.jpg,136.26806875,159.003896875,123.2207671875,79.34145080792318,0.0200015625,Herbicide Growth Damage
augmented_Herbicide Growth Damage0172.jpg,136.263075,158.9860203125,123.197346875,79.347324264046,0.020521875,Herbicide Growth Damage
augmented_Herbicide Growth Damage0173.jpg,126.0782171875,149.4818640625,110.7171671875,87.2486348794183,0.00885625,Herbicide Growth Damage
augmented_Herbicide Growth Damage0174.jpg,144.3616390625,162.7842046875,133.2131875,82.3913771940723,0.00873125,Herbicide Growth Damage
augmented_Herbicide Growth Damage0175.jpg,144.3616390625,162.7842046875,133.2131875,82.3913771940723,0.00873125,Herbicide Growth Damage
augmented_Herbicide Growth Damage0176.jpg,116.0927015625,129.7329421875,109.3244375,55.98307233625748,0.0200828125,Herbicide Growth Damage
augmented_Herbicide Growth Damage0177.jpg,157.4888765625,173.251015625,148.7915625,78.40152022257215,0.031428125,Herbicide Growth Damage
augmented_Herbicide Growth Damage0178.jpg,150.895340625,169.2607,137.7114359375,76.69775789156807,0.0203015625,Herbicide Growth Damage
augmented_Herbicide Growth Damage0179.jpg,150.7824328125,169.118409375,137.601540625,76.91690204118012,0.0201640625,Herbicide Growth Damage
augmented_Herbicide Growth Damage0180.jpg,148.8257046875,164.2104578125,143.62485,76.65845669198839,0.3658265625,Herbicide Growth Damage
augmented_Herbicide Growth Damage0181.jpg,158.5062421875,175.8528734375,145.99503125,81.376645345581,0.0178921875,Herbicide Growth Damage
augmented_Herbicide Growth Damage0182.jpg,155.18550625,173.035215625,142.744290625,80.67824659168899,0.02065625,Herbicide Growth Damage
augmented_Herbicide Growth Damage0183.jpg,154.9733265625,172.8374796875,140.74579375,80.47543988472648,0.02431875,Herbicide Growth Damage
augmented_Herbicide Growth Damage0184.jpg,161.476134375,178.35691875,148.8437203125,82.68532460820337,0.023934375,Herbicide Growth Damage
augmented_Herbicide Growth Damage0185.jpg,154.1635171875,172.008390625,139.9749921875,80.6109707519186,0.024175,Herbicide Growth Damage
augmented_Herbicide Growth Damage0186.jpg,149.4589625,168.0515859375,136.5277109375,82.82838446020469,0.02004375,Herbicide Growth Damage
augmented_Herbicide Growth Damage0187.jpg,149.4238015625,168.0175296875,136.500253125,82.85237553110215,0.02010625,Herbicide Growth Damage
augmented_Herbicide Growth Damage0188.jpg,149.4238015625,168.0175296875,136.500253125,82.85237553110215,0.02010625,Herbicide Growth Damage
augmented_Herbicide Growth Damage0189.jpg,154.466965625,172.356125,142.0852703125,85.0886225946919,0.018696875,Herbicide Growth Damage
augmented_Herbicide Growth Damage0190.jpg,148.6893796875,167.1152453125,135.758140625,82.95330588914692,0.0221828125,Herbicide Growth Damage
augmented_Herbicide Growth Damage0191.jpg,133.3323890625,153.0797515625,124.6353578125,90.06895904841548,0.0426765625,Herbicide Growth Damage
augmented_Herbicide Growth Damage0192.jpg,132.49009375,152.4437703125,124.070034375,90.10232197830167,0.0391203125,Herbicide Growth Damage
augmented_Herbicide Growth Damage0193.jpg,152.3165625,157.4916640625,158.828834375,86.20106137868895,0.36993125,Herbicide Growth Damage
augmented_Herbicide Growth Damage0194.jpg,182.435075,194.7035640625,176.8346765625,83.2959544951493,0.01930625,Herbicide Growth Damage
augmented_Herbicide Growth Damage0195.jpg,116.48475,140.1490546875,101.03190625,94.28252875551759,0.0424265625,Herbicide Growth Damage
augmented_Herbicide Growth Damage0196.jpg,94.3866125,114.936446875,81.49445,76.96904450303224,0.0293578125,Herbicide Growth Damage
augmented_Herbicide Growth Damage0197.jpg,112.8754234375,136.2450125,97.86933125,92.14170504247431,0.039946875,Herbicide Growth Damage
augmented_Herbicide Growth Damage0198.jpg,112.800965625,136.1740125,97.81775,92.15986535674315,0.0406171875,Herbicide Growth Damage
augmented_Herbicide Growth Damage0199.jpg,155.6348,173.119296875,145.604640625,97.00927775137542,0.0286859375,Herbicide Growth Damage
augmented_Herbicide Growth Damage0200.jpg,121.466340625,143.7026375,107.82414375,96.4016827857249,0.0366515625,Herbicide Growth Damage
augmented_Herbicide Growth Damage0201.jpg,121.466340625,143.7026375,107.82414375,96.4016827857249,0.0366515625,Herbicide Growth Damage
augmented_Herbicide Growth Damage0202.jpg,112.058884375,135.4411015625,97.071378125,92.31870336292907,0.038384375,Herbicide Growth Damage
augmented_Herbicide Growth Damage0203.jpg,95.2863234375,127.6419984375,71.8486046875,57.487214593328254,0.043925,Herbicide Growth Damage
augmented_Herbicide Growth Damage0204.jpg,82.767765625,109.8974421875,63.6805421875,60.33165216156104,0.0269953125,Herbicide Growth Damage
augmented_Herbicide Growth Damage0205.jpg,82.773575,109.9128515625,63.6795515625,60.30205029626357,0.0247140625,Herbicide Growth Damage
augmented_Herbicide Growth Damage0206.jpg,106.7538703125,130.8738203125,90.1714265625,80.21459630960008,0.0202453125,Herbicide Growth Damage
augmented_Herbicide Growth Damage0207.jpg,81.893746875,109.058315625,62.766240625,60.495785808677404,0.022009375,Herbicide Growth Damage
augmented_Herbicide Growth Damage0208.jpg,103.2592546875,128.6659390625,87.847128125,76.89556157654678,0.0785875,Herbicide Growth Damage
augmented_Herbicide Growth Damage0209.jpg,106.7125078125,131.8973625,91.67114375,82.83550104572372,0.06540625,Herbicide Growth Damage
augmented_Herbicide Growth Damage0210.jpg,114.0621515625,138.22389375,100.2333609375,84.40865704268519,0.06833125,Herbicide Growth Damage
augmented_Herbicide Growth Damage0211.jpg,124.4380328125,145.7048375,113.9423171875,84.0714825354291,0.0168734375,Herbicide Growth Damage
augmented_Herbicide Growth Damage0212.jpg,128.0141640625,141.221890625,128.6800609375,82.5850595145509,0.3660234375,Herbicide Growth Damage
augmented_Herbicide Growth Damage0213.jpg,123.6545734375,144.8941734375,113.22379375,84.14765026369105,0.0174125,Herbicide Growth Damage
augmented_Herbicide Growth Damage0214.jpg,123.6168484375,144.862003125,113.199365625,84.15171202079289,0.0173390625,Herbicide Growth Damage
augmented_Herbicide Growth Damage0215.jpg,126.0915109375,141.49039375,123.06260625,80.41434734575921,0.3641515625,Herbicide Growth Damage
augmented_Herbicide Growth Damage0216.jpg,127.126709375,148.399853125,115.056103125,82.53415537301507,0.0452765625,Herbicide Growth Damage
augmented_Herbicide Growth Damage0217.jpg,126.359609375,147.641565625,114.3066765625,82.58846420594986,0.0437515625,Herbicide Growth Damage
augmented_Herbicide Growth Damage0218.jpg,126.2757984375,147.597346875,114.1893828125,82.54895152062556,0.0414546875,Herbicide Growth Damage
augmented_Herbicide Growth Damage0219.jpg,126.304596875,147.6083875,114.208403125,82.55928646127056,0.0426421875,Herbicide Growth Damage
augmented_Herbicide Growth Damage0220.jpg,118.986875,138.6227625,106.0643046875,92.94927715571751,0.027840625,Herbicide Growth Damage
augmented_Herbicide Growth Damage0221.jpg,118.1601375,137.8008046875,105.301796875,93.07577774443112,0.0267078125,Herbicide Growth Damage
augmented_Herbicide Growth Damage0222.jpg,137.3419125,156.9298125,124.7211140625,91.97955436588525,0.041046875,Herbicide Growth Damage
augmented_Herbicide Growth Damage0223.jpg,60.5466046875,74.6240828125,52.8296765625,41.20591080282806,0.01295625,Herbicide Growth Damage
augmented_Herbicide Growth Damage0224.jpg,141.153740625,168.691796875,120.3307359375,77.23673714775845,0.0956109375,Herbicide Growth Damage
augmented_Herbicide Growth Damage0225.jpg,138.8791484375,165.9067015625,118.78028125,78.49645165188998,0.0922984375,Herbicide Growth Damage
augmented_Herbicide Growth Damage0226.jpg,112.4703578125,129.4340890625,108.707840625,78.2287619189984,0.3663,Herbicide Growth Damage
augmented_Herbicide Growth Damage0227.jpg,116.613721875,138.1539515625,101.9781015625,82.60746029984382,0.0537453125,Herbicide Growth Damage
augmented_Herbicide Growth Damage0228.jpg,116.6214171875,138.1578078125,101.988471875,82.61985078240781,0.0547828125,Herbicide Growth Damage
augmented_Herbicide Growth Damage0229.jpg,103.5729515625,133.5308328125,82.9263109375,60.86539344934519,0.128365625,Herbicide Growth Damage
augmented_Herbicide Growth Damage0230.jpg,88.4473484375,113.366459375,72.208278125,62.75235837735283,0.09523125,Herbicide Growth Damage
augmented_Herbicide Growth Damage0231.jpg,113.0411015625,134.4001015625,98.7333734375,80.90747429779728,0.0766921875,Herbicide Growth Damage
augmented_Herbicide Growth Damage0232.jpg,152.1147625,156.674278125,156.91545625,82.91625880938214,0.365915625,Herbicide Growth Damage
augmented_Herbicide Growth Damage0233.jpg,125.636721875,144.1719078125,114.8571,80.66556150794557,0.021946875,Herbicide Growth Damage
augmented_Herbicide Growth Damage0234.jpg,107.7001578125,124.4302234375,98.644634375,68.85789617554835,0.0169609375,Herbicide Growth Damage
augmented_Herbicide Growth Damage0235.jpg,134.029178125,153.733203125,122.34123125,86.24330611192451,0.023884375,Herbicide Growth Damage
augmented_Herbicide Growth Damage0236.jpg,135.211646875,155.153178125,123.5205640625,87.06661136325293,0.024196875,Herbicide Growth Damage
augmented_Herbicide Growth Damage0237.jpg,135.211646875,155.153178125,123.5205640625,87.06661136325293,0.024196875,Herbicide Growth Damage
augmented_Herbicide Growth Damage0238.jpg,135.211646875,155.153178125,123.5205640625,87.06661136325293,0.024196875,Herbicide Growth Damage
augmented_Herbicide Growth Damage0239.jpg,136.136865625,147.76865,139.365328125,85.10072281100844,0.367178125,Herbicide Growth Damage
augmented_Herbicide Growth Damage0240.jpg,135.2203296875,155.178325,123.49450625,87.02672362106564,0.0231578125,Herbicide Growth Damage
augmented_Herbicide Growth Damage0241.jpg,145.0068234375,163.3885859375,134.44244375,89.93809665358461,0.023409375,Herbicide Growth Damage
augmented_Herbicide Growth Damage0242.jpg,138.53654375,152.586246875,137.313409375,81.79419238020073,0.365984375,Herbicide Growth Damage
augmented_Herbicide Growth Damage0243.jpg,138.6789625,152.5437328125,137.218584375,81.7931505684497,0.36498125,Herbicide Growth Damage
augmented_Herbicide Growth Damage0244.jpg,141.059834375,160.0972984375,130.15125,81.82015393146143,0.0109640625,Herbicide Growth Damage
augmented_Herbicide Growth Damage0245.jpg,141.059834375,160.0972984375,130.15125,81.82015393146143,0.0109640625,Herbicide Growth Damage
augmented_Herbicide Growth Damage0246.jpg,150.7418765625,166.363915625,139.621909375,75.24590987758116,0.009234375,Herbicide Growth Damage
augmented_Herbicide Growth Damage0247.jpg,162.774003125,177.12555625,152.7533390625,78.28766558087304,0.0079234375,Herbicide Growth Damage
augmented_Herbicide Growth Damage0248.jpg,146.4735296875,163.623075,134.4052875,79.16661556553278,0.005321875,Herbicide Growth Damage
augmented_Herbicide Growth Damage0249.jpg,144.909303125,157.536734375,141.8387609375,79.83662331308919,0.36404375,Herbicide Growth Damage
augmented_Herbicide Growth Damage0250.jpg,136.414196875,147.01499375,137.6954484375,84.91903015667336,0.36653125,Herbicide Growth Damage
augmented_Herbicide Growth Damage0251.jpg,136.357096875,147.05480625,137.7250890625,84.88981316428276,0.366071875,Herbicide Growth Damage
augmented_Herbicide Growth Damage0252.jpg,136.392559375,146.928690625,137.8013875,84.89707444178731,0.3657046875,Herbicide Growth Damage
augmented_Herbicide Growth Damage0253.jpg,136.3815703125,146.9531484375,137.768853125,84.88614439331297,0.3655125,Herbicide Growth Damage
augmented_Herbicide Growth Damage0254.jpg,136.419584375,154.732053125,124.9623765625,88.00740456600444,0.010528125,Herbicide Growth Damage
augmented_Herbicide Growth Damage0255.jpg,143.4841359375,160.6923453125,132.6007234375,90.47183369969008,0.0111234375,Herbicide Growth Damage
augmented_Herbicide Growth Damage0256.jpg,180.013434375,193.9137578125,171.2284453125,93.71150723753674,0.02354375,Herbicide Growth Damage
augmented_Herbicide Growth Damage0257.jpg,154.4541421875,169.5443609375,145.4159484375,89.25624142137015,0.0167484375,Herbicide Growth Damage
augmented_Herbicide Growth Damage0258.jpg,154.4541421875,169.5443609375,145.4159484375,89.25624142137015,0.0167484375,Herbicide Growth Damage
augmented_Herbicide Growth Damage0259.jpg,149.8372140625,165.8385953125,140.4176640625,85.89944871468887,0.0174609375,Herbicide Growth Damage
augmented_Herbicide Growth Damage0260.jpg,106.5375765625,121.1199359375,110.6345421875,80.98731742070962,0.36738125,Herbicide Growth Damage
augmented_Herbicide Growth Damage0261.jpg,113.5964890625,136.727559375,101.2219390625,92.03370050886501,0.0421453125,Herbicide Growth Damage
augmented_Herbicide Growth Damage0262.jpg,125.409515625,138.796671875,113.0670828125,56.41651675397844,0.08076875,Herbicide Growth Damage
augmented_Herbicide Growth Damage0263.jpg,156.3993828125,171.7503078125,140.9342453125,70.60434415324426,0.0971546875,Herbicide Growth Damage
augmented_Herbicide Growth Damage0264.jpg,158.95435,174.2099796875,143.432515625,72.78138028915716,0.0915828125,Herbicide Growth Damage
augmented_Herbicide Growth Damage0265.jpg,161.2518375,176.00883125,146.124859375,74.70139518624974,0.0968796875,Herbicide Growth Damage
augmented_Herbicide Growth Damage0266.jpg,153.90795,170.3678109375,135.90445625,72.7044200325961,0.0923890625,Herbicide Growth Damage
augmented_Herbicide Growth Damage0267.jpg,153.89034375,170.3474265625,135.8754640625,72.77014170812066,0.091703125,Herbicide Growth Damage
augmented_Herbicide Growth Damage0268.jpg,141.88820625,161.30448125,119.8654625,69.24732612782219,0.0258375,Herbicide Growth Damage
augmented_Herbicide Growth Damage0269.jpg,141.9042875,161.32558125,119.8603453125,69.18767328175903,0.0232828125,Herbicide Growth Damage
augmented_Herbicide Growth Damage0270.jpg,148.929203125,167.321753125,128.235975,73.192829555095,0.0236328125,Herbicide Growth Damage
augmented_Herbicide Growth Damage0271.jpg,141.1000171875,160.506528125,119.0671203125,69.45225543441695,0.0259828125,Herbicide Growth Damage
augmented_Herbicide Growth Damage0272.jpg,149.2831234375,166.6192734375,130.06020625,70.83884480246005,0.026984375,Herbicide Growth Damage
augmented_Herbicide Growth Damage0273.jpg,149.2831234375,166.6192734375,130.06020625,70.83884480246005,0.026984375,Herbicide Growth Damage
augmented_Herbicide Growth Damage0274.jpg,149.2831234375,166.6192734375,130.06020625,70.83884480246005,0.026984375,Herbicide Growth Damage
augmented_Herbicide Growth Damage0275.jpg,144.5386921875,160.1969921875,136.190003125,74.03173275646708,0.363103125,Herbicide Growth Damage
augmented_Herbicide Growth Damage0276.jpg,144.689190625,160.2329703125,136.198221875,74.01957261347727,0.3631078125,Herbicide Growth Damage
augmented_Herbicide Growth Damage0277.jpg,172.701959375,186.321634375,156.77600625,73.51703651879474,0.023103125,Herbicide Growth Damage
augmented_Herbicide Growth Damage0278.jpg,164.1873453125,178.95896875,148.49509375,71.26195956100226,0.02401875,Herbicide Growth Damage
augmented_Herbicide Growth Damage0279.jpg,164.1873453125,178.95896875,148.49509375,71.26195956100226,0.02401875,Herbicide Growth Damage
augmented_Herbicide Growth Damage0280.jpg,178.78336875,193.92346875,164.0666640625,91.94860975612369,0.04073125,Herbicide Growth Damage
augmented_Herbicide Growth Damage0281.jpg,157.794815625,173.019734375,141.821903125,85.46460118430598,0.033221875,Herbicide Growth Damage
augmented_Herbicide Growth Damage0282.jpg,143.53968125,163.3289328125,118.673496875,78.7657383303917,0.0992,Herbicide Growth Damage
augmented_Herbicide Growth Damage0283.jpg,131.2762796875,149.243625,121.488059375,75.64565135792769,0.3669203125,Herbicide Growth Damage
augmented_Herbicide Growth Damage0284.jpg,131.2199171875,149.389540625,121.6374984375,75.60100857783016,0.3673859375,Herbicide Growth Damage
augmented_Herbicide Growth Damage0285.jpg,131.20115,149.288865625,121.4464796875,75.59755222704896,0.367153125,Herbicide Growth Damage
augmented_Herbicide Growth Damage0286.jpg,137.23520625,156.9374796875,113.9359859375,75.59884069851695,0.095390625,Herbicide Growth Damage
augmented_Herbicide Growth Damage0287.jpg,153.606221875,168.0109859375,140.87738125,61.69741191180543,0.03435,Herbicide Growth Damage
augmented_Herbicide Growth Damage0288.jpg,158.05053125,172.7128078125,144.9534453125,63.525258442497446,0.035415625,Herbicide Growth Damage
augmented_Herbicide Growth Damage0289.jpg,157.23466875,171.869725,144.23105,63.677935192357644,0.03379375,Herbicide Growth Damage
augmented_Herbicide Growth Damage0290.jpg,157.2329203125,171.8568125,144.185475,63.63516671802449,0.031590625,Herbicide Growth Damage
augmented_Herbicide Growth Damage0291.jpg,151.2538171875,166.6179203125,137.0988515625,68.96056176598243,0.364296875,Herbicide Growth Damage
augmented_Herbicide Growth Damage0292.jpg,162.6278296875,177.8716875,145.012746875,67.8931151747604,0.062728125,Herbicide Growth Damage
augmented_Herbicide Growth Damage0293.jpg,153.77761875,171.078496875,133.62308125,64.87417038214059,0.061234375,Herbicide Growth Damage
augmented_Herbicide Growth Damage0294.jpg,169.83979375,182.4176609375,159.2916796875,71.31717519971124,0.0109671875,Herbicide Growth Damage
augmented_Herbicide Growth Damage0295.jpg,170.5426828125,189.1766546875,147.3484875,81.54738557401221,0.0712375,Herbicide Growth Damage
augmented_Herbicide Growth Damage0296.jpg,159.5782765625,178.3417234375,139.65280625,80.17303251116346,0.0628390625,Herbicide Growth Damage
augmented_Herbicide Growth Damage0297.jpg,80.49584375,93.30523125,70.8565328125,40.100586102533185,0.0177984375,Herbicide Growth Damage
augmented_Herbicide Growth Damage0298.jpg,140.2241640625,158.0768484375,123.380728125,71.3828958037364,0.052934375,Herbicide Growth Damage
augmented_Herbicide Growth Damage0299.jpg,140.2241640625,158.0768484375,123.380728125,71.3828958037364,0.052934375,Herbicide Growth Damage
augmented_Herbicide Growth Damage0300.jpg,140.2608875,155.3989546875,133.699128125,72.25808779105832,0.360465625,Herbicide Growth Damage
augmented_Herbicide Growth Damage0301.jpg,159.179125,174.0702390625,145.0330984375,77.07079325338448,0.0393609375,Herbicide Growth Damage
augmented_Herbicide Growth Damage0302.jpg,158.454934375,171.6534421875,143.355525,68.10016934016315,0.0433171875,Herbicide Growth Damage
augmented_Herbicide Growth Damage0303.jpg,195.9512921875,208.4950859375,178.893178125,79.94246787243284,0.05655625,Herbicide Growth Damage
augmented_Herbicide Growth Damage0304.jpg,180.0899046875,190.630021875,168.2513671875,68.49227238214087,0.034175,Herbicide Growth Damage
augmented_Herbicide Growth Damage0305.jpg,160.7463328125,174.1479328125,145.7398828125,69.46296746040125,0.041534375,Herbicide Growth Damage
augmented_Herbicide Growth Damage0306.jpg,160.7673546875,174.170725,145.7343265625,69.41096518312034,0.040590625,Herbicide Growth Damage
augmented_Herbicide Growth Damage0307.jpg,215.9800796875,225.4949296875,204.6564328125,66.36035317262922,0.008375,Herbicide Growth Damage
augmented_Herbicide Growth Damage0308.jpg,187.49089375,197.3380921875,180.33219375,55.47876683410868,0.005365625,Herbicide Growth Damage
augmented_Herbicide Growth Damage0309.jpg,189.48424375,199.027340625,182.8159953125,55.374695860724366,0.0054015625,Herbicide Growth Damage
augmented_Herbicide Growth Damage0310.jpg,176.0127125,187.1607890625,166.3304125,59.94582968120602,0.0066265625,Herbicide Growth Damage
augmented_Herbicide Growth Damage0311.jpg,172.1353546875,183.938171875,162.500253125,56.50833952192333,0.0055578125,Herbicide Growth Damage
augmented_Herbicide Growth Damage0312.jpg,147.790059375,166.0546171875,132.79575,67.38623994245202,0.0041546875,Herbicide Growth Damage
augmented_Herbicide Growth Damage0313.jpg,147.7754328125,166.039375,132.7869078125,67.3844326395647,0.0041671875,Herbicide Growth Damage
augmented_Herbicide Growth Damage0314.jpg,159.799234375,175.9685484375,146.000359375,76.38495053117056,0.0050734375,Herbicide Growth Damage
augmented_Herbicide Growth Damage0315.jpg,150.1130453125,167.8325015625,135.1566140625,70.59446548272352,0.00526875,Herbicide Growth Damage
augmented_Herbicide Growth Damage0316.jpg,173.182271875,189.69066875,153.143228125,79.64216518622435,0.0221015625,Herbicide Growth Damage
augmented_Herbicide Growth Damage0317.jpg,144.540928125,158.8427265625,138.401459375,74.76983428724168,0.3612171875,Herbicide Growth Damage
augmented_Herbicide Growth Damage0318.jpg,153.842971875,169.3730078125,137.210115625,75.7984420355356,0.016315625,Herbicide Growth Damage
augmented_Herbicide Growth Damage0319.jpg,149.904884375,165.909384375,133.2108203125,72.87324598605534,0.0227328125,Herbicide Growth Damage
augmented_Herbicide Growth Damage0320.jpg,153.560203125,169.72159375,136.515025,79.43917118290075,0.0528296875,Herbicide Growth Damage
augmented_Herbicide Growth Damage0321.jpg,150.7141703125,166.7134578125,133.9139109375,78.04174502892666,0.0514828125,Herbicide Growth Damage
augmented_Herbicide Growth Damage0322.jpg,150.6799703125,166.70584375,133.8195,77.93145634609519,0.0494703125,Herbicide Growth Damage
augmented_Herbicide Growth Damage0323.jpg,152.2589578125,167.54338125,135.346671875,79.85981673611525,0.0528390625,Herbicide Growth Damage
augmented_Herbicide Growth Damage0324.jpg,152.2589578125,167.54338125,135.346671875,79.85981673611525,0.0528390625,Herbicide Growth Damage
augmented_Herbicide Growth Damage0325.jpg,149.990525,165.9623046875,133.2325046875,78.10844449585025,0.0484609375,Herbicide Growth Damage
augmented_Herbicide Growth Damage0326.jpg,155.2884953125,160.2966109375,160.13966875,81.88799959771266,0.366053125,Herbicide Growth Damage
augmented_Herbicide Growth Damage0327.jpg,147.45829375,164.833859375,140.1560328125,85.44911282236473,0.0471125,Herbicide Growth Damage
augmented_Herbicide Growth Damage0328.jpg,113.45615,128.477996875,106.789928125,65.69534791796893,0.0158,Herbicide Growth Damage
augmented_Herbicide Growth Damage0329.jpg,156.8498296875,172.5414953125,149.9956609375,91.99379343098029,0.0191265625,Herbicide Growth Damage
augmented_Herbicide Growth Damage0330.jpg,149.1195875,167.3533734375,141.5591421875,83.34459522945978,0.02836875,Herbicide Growth Damage
augmented_Herbicide Growth Damage0331.jpg,159.4839125,175.24818125,153.738221875,87.74842966892538,0.0250125,Herbicide Growth Damage
augmented_Herbicide Growth Damage0332.jpg,154.0766703125,170.7727859375,147.623971875,86.36096279361172,0.0259515625,Herbicide Growth Damage
augmented_Herbicide Growth Damage0333.jpg,160.5122390625,176.06306875,154.832128125,87.91085549692197,0.024859375,Herbicide Growth Damage
augmented_Herbicide Growth Damage0334.jpg,151.7522640625,169.334953125,144.67503125,86.52757834330185,0.028596875,Herbicide Growth Damage
augmented_Herbicide Growth Damage0335.jpg,150.0019484375,168.09695625,140.258128125,83.43260247325357,0.02055625,Herbicide Growth Damage
augmented_Herbicide Growth Damage0336.jpg,152.2259703125,161.147584375,155.0459890625,81.41142614796101,0.3676375,Herbicide Growth Damage
augmented_Herbicide Growth Damage0337.jpg,154.0029453125,171.635209375,144.792953125,87.193413902979,0.019878125,Herbicide Growth Damage
augmented_Herbicide Growth Damage0338.jpg,154.0029453125,171.635209375,144.792953125,87.193413902979,0.019878125,Herbicide Growth Damage
augmented_Herbicide Growth Damage0339.jpg,126.9486484375,140.281140625,120.9298390625,65.10740496988116,0.024509375,Herbicide Growth Damage
augmented_Herbicide Growth Damage0340.jpg,158.0705890625,173.3694,149.62191875,81.49279888919801,0.03175,Herbicide Growth Damage
augmented_Herbicide Growth Damage0341.jpg,158.0705890625,173.3694,149.62191875,81.49279888919801,0.03175,Herbicide Growth Damage
augmented_Herbicide Growth Damage0342.jpg,158.0705890625,173.3694,149.62191875,81.49279888919801,0.03175,Herbicide Growth Damage
augmented_Herbicide Growth Damage0343.jpg,163.6119171875,177.8070640625,156.1552265625,86.15285877761085,0.02929375,Herbicide Growth Damage
augmented_Herbicide Growth Damage0344.jpg,151.013875,170.0656296875,137.960184375,83.22000459632045,0.029275,Herbicide Growth Damage
augmented_Herbicide Growth Damage0345.jpg,156.55645,174.8078828125,145.7256734375,88.60985398575619,0.0271765625,Herbicide Growth Damage
augmented_Herbicide Growth Damage0346.jpg,150.3213765625,169.107284375,137.41753125,83.3688989885277,0.0300171875,Herbicide Growth Damage
augmented_Herbicide Growth Damage0347.jpg,149.292071875,166.8100625,138.9496390625,84.07809530471485,0.008359375,Herbicide Growth Damage
augmented_Herbicide Growth Damage0348.jpg,149.292071875,166.8100625,138.9496390625,84.07809530471485,0.008359375,Herbicide Growth Damage
augmented_Herbicide Growth Damage0349.jpg,113.769159375,139.5273375,99.7030953125,93.31717571360404,0.0490328125,Herbicide Growth Damage
augmented_Herbicide Growth Damage0350.jpg,116.0218171875,127.901878125,125.6136234375,84.6991610690522,0.3691546875,Herbicide Growth Damage
augmented_Herbicide Growth Damage0351.jpg,126.3424828125,149.5133921875,114.3241640625,98.62250912716135,0.0414609375,Herbicide Growth Damage
augmented_Herbicide Growth Damage0352.jpg,113.103509375,138.809028125,99.1314578125,93.43383826022998,0.0461296875,Herbicide Growth Damage
augmented_Herbicide Growth Damage0353.jpg,113.078946875,138.7755640625,99.06740625,93.42739208264798,0.0433875,Herbicide Growth Damage
augmented_Herbicide Growth Damage0354.jpg,80.0643375,102.0281140625,67.6944734375,61.71897156217945,0.08248125,Herbicide Growth Damage
augmented_Herbicide Growth Damage0355.jpg,108.512725,135.7044703125,91.855575,84.1061235736788,0.1258578125,Herbicide Growth Damage
augmented_Herbicide Growth Damage0356.jpg,108.23724375,135.6975296875,91.6985015625,84.00239534879387,0.1247015625,Herbicide Growth Damage
augmented_Herbicide Growth Damage0357.jpg,108.23724375,135.6975296875,91.6985015625,84.00239534879387,0.1247015625,Herbicide Growth Damage
augmented_Herbicide Growth Damage0358.jpg,120.5278109375,145.8844296875,106.4994109375,91.11251383029375,0.1063578125,Herbicide Growth Damage
augmented_Herbicide Growth Damage0359.jpg,107.3634578125,134.8378640625,90.802171875,83.97856007282198,0.113203125,Herbicide Growth Damage
augmented_Herbicide Growth Damage0360.jpg,142.6486421875,159.8477140625,134.8437109375,88.60779528209368,0.0511078125,Herbicide Growth Damage
augmented_Herbicide Growth Damage0361.jpg,146.004078125,162.90148125,138.4468984375,92.23786052748032,0.0506578125,Herbicide Growth Damage
augmented_Herbicide Growth Damage0362.jpg,151.52560625,159.03049375,158.2268953125,86.2041769624375,0.3726078125,Herbicide Growth Damage
augmented_Herbicide Growth Damage0363.jpg,151.7860140625,169.2872140625,141.8787640625,89.07509614941397,0.018671875,Herbicide Growth Damage
augmented_Herbicide Growth Damage0364.jpg,153.369140625,170.5022375,144.0806765625,90.62917481115059,0.019953125,Herbicide Growth Damage
augmented_Herbicide Growth Damage0365.jpg,151.1762734375,168.5036109375,141.5329984375,89.22980302430508,0.019534375,Herbicide Growth Damage
augmented_Herbicide Growth Damage0366.jpg,151.15943125,168.5062359375,141.504178125,89.20425645818837,0.020075,Herbicide Growth Damage
augmented_Herbicide Growth Damage0367.jpg,93.662715625,108.15560625,88.032621875,56.45925782163076,0.0068390625,Herbicide Growth Damage
augmented_Herbicide Growth Damage0368.jpg,144.275115625,162.741440625,136.4210515625,87.83331817681149,0.017328125,Herbicide Growth Damage
augmented_Herbicide Growth Damage0369.jpg,146.432440625,154.6659265625,151.8050234375,84.61675716639648,0.36949375,Herbicide Growth Damage
augmented_Herbicide Growth Damage0370.jpg,120.7837203125,133.33006875,127.6196375,82.46233899010302,0.36630625,Herbicide Growth Damage
augmented_Herbicide Growth Damage0371.jpg,120.5530859375,133.2647859375,127.52619375,82.48198008973475,0.366971875,Herbicide Growth Damage
augmented_Herbicide Growth Damage0372.jpg,114.176303125,140.605159375,101.47115,87.6302082740822,0.0700203125,Herbicide Growth Damage
augmented_Herbicide Growth Damage0373.jpg,114.176303125,140.605159375,101.47115,87.6302082740822,0.0700203125,Herbicide Growth Damage
augmented_Herbicide Growth Damage0374.jpg,114.176303125,140.605159375,101.47115,87.6302082740822,0.0700203125,Herbicide Growth Damage
augmented_Herbicide Growth Damage0375.jpg,119.8058109375,145.3112734375,108.4136390625,91.50874549895529,0.0608234375,Herbicide Growth Damage
augmented_Herbicide Growth Damage0376.jpg,122.1035515625,146.3464453125,111.21828125,90.77286586922764,0.064828125,Herbicide Growth Damage
augmented_Herbicide Growth Damage0377.jpg,55.3557796875,77.8243734375,44.8600265625,48.97324378995622,0.073803125,Herbicide Growth Damage
augmented_Herbicide Growth Damage0378.jpg,48.4024625,68.7655390625,39.1610734375,42.48765850438574,0.05706875,Herbicide Growth Damage
augmented_Herbicide Growth Damage0379.jpg,81.280828125,112.417975,65.7874,72.34436276886528,0.14365,Herbicide Growth Damage
augmented_Herbicide Growth Damage0380.jpg,86.18953125,117.047159375,71.8113328125,78.52037608195255,0.123934375,Herbicide Growth Damage
augmented_Herbicide Growth Damage0381.jpg,80.4519953125,111.5988625,65.0924859375,72.42483785617769,0.142640625,Herbicide Growth Damage
augmented_Herbicide Growth Damage0382.jpg,143.31470625,162.916103125,133.4976375,82.70510526090114,0.029021875,Herbicide Growth Damage
augmented_Herbicide Growth Damage0383.jpg,143.31470625,162.916103125,133.4976375,82.70510526090114,0.029021875,Herbicide Growth Damage
augmented_Herbicide Growth Damage0384.jpg,143.31470625,162.916103125,133.4976375,82.70510526090114,0.029021875,Herbicide Growth Damage
augmented_Herbicide Growth Damage0385.jpg,143.3200296875,162.92854375,133.50826875,82.66319146548216,0.0292046875,Herbicide Growth Damage
augmented_Herbicide Growth Damage0386.jpg,153.262621875,171.0798140625,144.530678125,83.22466657299663,0.02495625,Herbicide Growth Damage
augmented_Herbicide Growth Damage0387.jpg,119.5721703125,143.157446875,106.2886078125,86.93729881147023,0.0428078125,Herbicide Growth Damage
augmented_Herbicide Growth Damage0388.jpg,118.2136859375,133.2171671875,118.16695,79.87018857549417,0.3657859375,Herbicide Growth Damage
augmented_Herbicide Growth Damage0389.jpg,119.5703125,143.1703,106.2779953125,86.90470070635332,0.0422203125,Herbicide Growth Damage
augmented_Herbicide Growth Damage0390.jpg,145.02939375,155.1897578125,143.137571875,81.47997226335671,0.3666875,Herbicide Growth Damage
augmented_Herbicide Growth Damage0391.jpg,134.563071875,150.4565203125,125.6863109375,70.25464714460065,0.010046875,Herbicide Growth Damage
augmented_Herbicide Growth Damage0392.jpg,185.1149375,204.187803125,173.4647828125,85.37538695261854,0.01769375,Herbicide Growth Damage
augmented_Herbicide Growth Damage0393.jpg,152.7593328125,163.23270625,155.6718875,80.08028049659217,0.3659234375,Herbicide Growth Damage
augmented_Herbicide Growth Damage0394.jpg,153.001825,170.81508125,142.3867,80.1463684741893,0.011928125,Herbicide Growth Damage
augmented_Herbicide Growth Damage0395.jpg,153.001825,170.81508125,142.3867,80.1463684741893,0.011928125,Herbicide Growth Damage
augmented_Herbicide Growth Damage0396.jpg,166.275128125,181.6980078125,157.7528625,83.0875756850716,0.0093796875,Herbicide Growth Damage
augmented_Herbicide Growth Damage0397.jpg,154.8995671875,172.0521328125,144.7247546875,82.07763319456572,0.0122421875,Herbicide Growth Damage
augmented_Herbicide Growth Damage0398.jpg,155.2044703125,171.834709375,148.6122578125,87.78141048402736,0.045134375,Herbicide Growth Damage
augmented_Herbicide Growth Damage0399.jpg,102.19795625,115.7884234375,97.41780625,56.68999959924237,0.025265625,Herbicide Growth Damage
augmented_Herbicide Growth Damage0400.jpg,149.59375,166.560003125,142.6501234375,83.68680620240083,0.0394015625,Herbicide Growth Damage
augmented_Herbicide Growth Damage0401.jpg,149.52161875,166.547734375,142.536209375,83.58848848797807,0.0385140625,Herbicide Growth Damage
augmented_Herbicide Growth Damage0402.jpg,165.4545703125,179.6169203125,159.7217609375,82.91541540446106,0.032321875,Herbicide Growth Damage
augmented_Herbicide Growth Damage0403.jpg,159.0579859375,174.3730828125,152.82909375,83.71961686946554,0.0346953125,Herbicide Growth Damage
augmented_Herbicide Growth Damage0404.jpg,158.7587109375,173.85863125,146.2710984375,74.9823847056442,0.076615625,Herbicide Growth Damage
augmented_Herbicide Growth Damage0405.jpg,166.0459765625,179.71373125,155.5900078125,74.03220558851184,0.0755140625,Herbicide Growth Damage
augmented_Herbicide Growth Damage0406.jpg,145.361725,162.6076296875,125.854865625,76.80100040077444,0.027109375,Herbicide Growth Damage
augmented_Herbicide Growth Damage0407.jpg,140.4714859375,155.470003125,137.5172390625,77.57205496551593,0.367003125,Herbicide Growth Damage
augmented_Herbicide Growth Damage0408.jpg,140.5016125,155.5027921875,137.5121953125,77.53724308122737,0.3660078125,Herbicide Growth Damage
augmented_Herbicide Growth Damage0409.jpg,163.8932703125,178.48833125,149.12253125,76.58029852419588,0.0218625,Herbicide Growth Damage
augmented_Herbicide Growth Damage0410.jpg,154.47738125,170.4709453125,137.1099546875,77.27689088509004,0.0242,Herbicide Growth Damage
augmented_Herbicide Growth Damage0411.jpg,142.65824375,162.1758609375,122.324740625,75.44076804798786,0.140728125,Herbicide Growth Damage
augmented_Herbicide Growth Damage0412.jpg,160.5086625,181.2882546875,135.5881421875,79.79862282787583,0.153153125,Herbicide Growth Damage
augmented_Herbicide Growth Damage0413.jpg,139.3868328125,158.7608125,119.3319390625,73.87813555905971,0.1371078125,Herbicide Growth Damage
augmented_Herbicide Growth Damage0414.jpg,150.085728125,167.7836296875,133.0762421875,77.80471469096416,0.1241375,Herbicide Growth Damage
augmented_Herbicide Growth Damage0415.jpg,138.1319328125,168.520559375,95.5217953125,61.1001908400068,0.2379140625,Herbicide Growth Damage
augmented_Herbicide Growth Damage0416.jpg,75.836,94.2756859375,54.676321875,39.75672196027327,0.1309421875,Herbicide Growth Damage
augmented_Herbicide Growth Damage0417.jpg,111.650575,136.087365625,80.1854359375,59.62254724451637,0.206475,Herbicide Growth Damage
augmented_Herbicide Growth Damage0418.jpg,111.641915625,136.0664125,80.218403125,59.693684241972775,0.2063421875,Herbicide Growth Damage
augmented_Herbicide Growth Damage0419.jpg,135.9800328125,157.3330046875,106.3018171875,77.63685266633804,0.178046875,Herbicide Growth Damage
augmented_Herbicide Growth Damage0420.jpg,137.62145,156.882828125,116.82728125,71.45933457146684,0.012640625,Herbicide Growth Damage
augmented_Herbicide Growth Damage0421.jpg,137.62145,156.882828125,116.82728125,71.45933457146684,0.012640625,Herbicide Growth Damage
augmented_Herbicide Growth Damage0422.jpg,168.7022859375,182.8499171875,154.7490828125,75.56045386870385,0.013990625,Herbicide Growth Damage
augmented_Herbicide Growth Damage0423.jpg,136.9150671875,155.9283765625,116.214978125,71.6190584720001,0.015375,Herbicide Growth Damage
augmented_Herbicide Growth Damage0424.jpg,136.8844109375,155.888971875,116.158703125,71.63285394953905,0.015809375,Herbicide Growth Damage
augmented_Herbicide Growth Damage0425.jpg,147.652096875,165.8688265625,128.508784375,72.51644547273398,0.0441828125,Herbicide Growth Damage
augmented_Herbicide Growth Damage0426.jpg,147.652096875,165.8688265625,128.508784375,72.51644547273398,0.0441828125,Herbicide Growth Damage
augmented_Herbicide Growth Damage0427.jpg,164.2560796875,179.882040625,147.0966921875,80.95892345813327,0.037709375,Herbicide Growth Damage
augmented_Herbicide Growth Damage0428.jpg,152.9882171875,170.4100890625,134.0237125,76.40269822426454,0.043834375,Herbicide Growth Damage
augmented_Herbicide Growth Damage0429.jpg,152.9882171875,170.4100890625,134.0237125,76.40269822426454,0.043834375,Herbicide Growth Damage
augmented_Herbicide Growth Damage0430.jpg,144.517228125,162.2457,124.9585875,71.15415410342989,0.01265625,Herbicide Growth Damage
augmented_Herbicide Growth Damage0431.jpg,144.517228125,162.2457,124.9585875,71.15415410342989,0.01265625,Herbicide Growth Damage
augmented_Herbicide Growth Damage0432.jpg,152.3582296875,168.9226125,134.499684375,74.6248498810791,0.013246875,Herbicide Growth Damage
augmented_Herbicide Growth Damage0433.jpg,151.6188125,168.1638375,135.84739375,72.10225784618211,0.0800828125,Herbicide Growth Damage
augmented_Herbicide Growth Damage0434.jpg,145.66130625,156.2564484375,145.6408,76.18002517957437,0.3630609375,Herbicide Growth Damage
augmented_Herbicide Growth Damage0435.jpg,146.7721625,161.009278125,137.42085,75.34726721062533,0.0138859375,Herbicide Growth Damage
augmented_Herbicide Growth Damage0436.jpg,177.2327171875,194.7847015625,156.694840625,83.61569676464552,0.1117890625,Herbicide Growth Damage
augmented_Herbicide Growth Damage0437.jpg,145.0742140625,159.69063125,142.56720625,74.9694128589129,0.3626765625,Herbicide Growth Damage
augmented_Herbicide Growth Damage0438.jpg,150.6331265625,167.948146875,134.686078125,76.86857453847286,0.089528125,Herbicide Growth Damage
augmented_Herbicide Growth Damage0439.jpg,152.929240625,169.77995,137.0347890625,77.87872630316296,0.0877140625,Herbicide Growth Damage
augmented_Herbicide Growth Damage0440.jpg,139.2888859375,158.5439328125,119.18519375,78.98282560576503,0.088725,Herbicide Growth Damage
augmented_Herbicide Growth Damage0441.jpg,181.1697453125,198.6956421875,159.8829609375,80.60324757719992,0.0858484375,Herbicide Growth Damage
augmented_Herbicide Growth Damage0442.jpg,146.3779484375,163.589746875,131.6320734375,73.09284785359904,0.0687046875,Herbicide Growth Damage
augmented_Herbicide Growth Damage0443.jpg,146.3779484375,163.589746875,131.6320734375,73.09284785359904,0.0687046875,Herbicide Growth Damage
augmented_Herbicide Growth Damage0444.jpg,146.3779484375,163.589746875,131.6320734375,73.09284785359904,0.0687046875,Herbicide Growth Damage
augmented_Herbicide Growth Damage0445.jpg,146.38864375,163.59950625,131.5999953125,72.95445266910973,0.06815,Herbicide Growth Damage
augmented_Herbicide Growth Damage0446.jpg,160.4259265625,175.1337796875,146.0474546875,80.65289016906232,0.0579765625,Herbicide Growth Damage
augmented_Herbicide Growth Damage0447.jpg,171.5959203125,185.5554515625,155.966978125,77.26876018936856,0.015471875,Herbicide Growth Damage
augmented_Herbicide Growth Damage0448.jpg,156.814725,167.133053125,149.2816078125,72.04946109274056,0.361828125,Herbicide Growth Damage
augmented_Herbicide Growth Damage0449.jpg,112.295878125,125.581603125,99.5621703125,52.94737532632601,0.003865625,Herbicide Growth Damage
augmented_Herbicide Growth Damage0450.jpg,89.75291875,101.81760625,79.3349421875,41.974521573359965,0.0017578125,Herbicide Growth Damage
augmented_Herbicide Growth Damage0451.jpg,151.952521875,167.98900625,134.6859515625,72.29417264262183,0.01045,Herbicide Growth Damage
augmented_Herbicide Growth Damage0452.jpg,146.9474703125,162.721815625,130.2548296875,69.8629486535468,0.00948125,Herbicide Growth Damage
augmented_Herbicide Growth Damage0453.jpg,153.71705,168.571234375,138.7997921875,71.38761672224959,0.0088203125,Herbicide Growth Damage
augmented_Herbicide Growth Damage0454.jpg,159.3450421875,173.0968921875,146.7001609375,73.08795279671756,0.0098375,Herbicide Growth Damage
augmented_Herbicide Growth Damage0455.jpg,159.3450421875,173.0968921875,146.7001609375,73.08795279671756,0.0098375,Herbicide Growth Damage
augmented_Herbicide Growth Damage0456.jpg,154.5840875,171.380715625,137.8980796875,82.3742048075849,0.033071875,Herbicide Growth Damage
augmented_Herbicide Growth Damage0457.jpg,127.53013125,148.79931875,102.713703125,71.86964619526228,0.03895,Herbicide Growth Damage
augmented_Herbicide Growth Damage0458.jpg,127.43255625,148.713234375,102.57390625,71.83154638967493,0.0415515625,Herbicide Growth Damage
augmented_Herbicide Growth Damage0459.jpg,146.024565625,161.0039015625,143.0100375,74.05164778578528,0.362784375,Herbicide Growth Damage
augmented_Herbicide Growth Damage0460.jpg,167.286540625,184.043340625,148.6209171875,81.87903773406809,0.0435609375,Herbicide Growth Damage
augmented_Herbicide Growth Damage0461.jpg,146.376446875,159.890309375,145.4639140625,75.45515434024728,0.359715625,Herbicide Growth Damage
augmented_Herbicide Growth Damage0462.jpg,146.53124375,159.9113265625,145.3353234375,75.44535533144065,0.36144375,Herbicide Growth Damage
augmented_Herbicide Growth Damage0463.jpg,146.429425,159.88251875,145.3373625,75.44211589430668,0.360840625,Herbicide Growth Damage
augmented_Herbicide Growth Damage0464.jpg,146.5352390625,159.975896875,145.3540359375,75.42943958124353,0.359925,Herbicide Growth Damage
augmented_Herbicide Growth Damage0465.jpg,168.6373609375,181.402096875,156.67780625,72.6337830809291,0.033696875,Herbicide Growth Damage
augmented_Herbicide Growth Damage0466.jpg,168.426515625,186.848878125,142.191509375,72.53963940541188,0.083471875,Herbicide Growth Damage
augmented_Herbicide Growth Damage0467.jpg,133.13379375,147.457228125,125.8499484375,71.22084003542449,0.36123125,Herbicide Growth Damage
augmented_Herbicide Growth Damage0468.jpg,141.6842046875,158.0150140625,121.123234375,73.62819043944782,0.0587,Herbicide Growth Damage
augmented_Herbicide Growth Damage0469.jpg,153.803653125,175.7982140625,146.0547,62.84809618972004,0.0330796875,Herbicide Growth Damage
augmented_Herbicide Growth Damage0470.jpg,148.2600640625,169.601996875,140.859125,63.975178496868935,0.045665625,Herbicide Growth Damage
augmented_Herbicide Growth Damage0471.jpg,148.684865625,166.20495,147.6543828125,67.75519374598046,0.3565515625,Herbicide Growth Damage
augmented_Herbicide Growth Damage0472.jpg,148.2716703125,169.6000890625,140.9076453125,63.999533473856545,0.0454109375,Herbicide Growth Damage
augmented_Herbicide Growth Damage0473.jpg,148.2716703125,169.6000890625,140.9076453125,63.999533473856545,0.0454109375,Herbicide Growth Damage
augmented_Herbicide Growth Damage0474.jpg,148.2716703125,169.6000890625,140.9076453125,63.999533473856545,0.0454109375,Herbicide Growth Damage
augmented_Herbicide Growth Damage0475.jpg,148.2716703125,169.6000890625,140.9076453125,63.999533473856545,0.0454109375,Herbicide Growth Damage
augmented_Herbicide Growth Damage0476.jpg,159.52536875,177.2422625,160.597453125,49.733251619176464,0.0317609375,Herbicide Growth Damage
augmented_Herbicide Growth Damage0477.jpg,158.9224109375,171.240428125,165.174315625,70.07789317861315,0.36136875,Herbicide Growth Damage
augmented_Herbicide Growth Damage0478.jpg,159.8642109375,179.81255625,161.297534375,70.18298870615165,0.02346875,Herbicide Growth Damage
augmented_Herbicide Growth Damage0479.jpg,159.8642109375,179.81255625,161.297534375,70.18298870615165,0.02346875,Herbicide Growth Damage
augmented_Herbicide Growth Damage0480.jpg,144.607928125,171.2473671875,145.608671875,76.30913866039955,0.0500984375,Herbicide Growth Damage
augmented_Herbicide Growth Damage0481.jpg,144.607928125,171.2473671875,145.608671875,76.30913866039955,0.0500984375,Herbicide Growth Damage
augmented_Herbicide Growth Damage0482.jpg,150.819575,163.636146875,159.5452046875,75.89741915704236,0.364303125,Herbicide Growth Damage
augmented_Herbicide Growth Damage0483.jpg,137.39490625,167.128290625,134.7611328125,73.98106467128193,0.0607984375,Herbicide Growth Damage
augmented_Herbicide Growth Damage0484.jpg,142.294271875,160.7747578125,149.685159375,74.63916887561659,0.3631078125,Herbicide Growth Damage
augmented_Herbicide Growth Damage0485.jpg,138.5950203125,167.670003125,135.365440625,73.6130772085994,0.055896875,Herbicide Growth Damage
augmented_Herbicide Growth Damage0486.jpg,138.5950203125,167.670003125,135.365440625,73.6130772085994,0.055896875,Herbicide Growth Damage
augmented_Herbicide Growth Damage0487.jpg,149.8490859375,174.7120421875,151.218496875,70.54300495247907,0.0396984375,Herbicide Growth Damage
augmented_Herbicide Growth Damage0488.jpg,155.7767875,178.8517078125,156.11415625,75.44727352968097,0.037328125,Herbicide Growth Damage
augmented_Herbicide Growth Damage0489.jpg,184.5554640625,207.5520890625,172.810340625,78.56555603713457,0.039425,Herbicide Growth Damage
augmented_Herbicide Growth Damage0490.jpg,149.5315515625,174.54634375,143.81795625,73.35808005342697,0.0313265625,Herbicide Growth Damage
augmented_Herbicide Growth Damage0491.jpg,149.5315515625,174.54634375,143.81795625,73.35808005342697,0.0313265625,Herbicide Growth Damage
augmented_Herbicide Growth Damage0492.jpg,149.594378125,174.5676734375,143.9045328125,73.40586197406859,0.0313546875,Herbicide Growth Damage
augmented_Herbicide Growth Damage0493.jpg,151.574715625,175.67191875,145.4933921875,74.95847133538328,0.0297953125,Herbicide Growth Damage
augmented_Herbicide Growth Damage0494.jpg,150.4627234375,175.25176875,149.970628125,67.27715266590089,0.03806875,Herbicide Growth Damage
augmented_Herbicide Growth Damage0495.jpg,150.7248734375,167.8914984375,156.2955921875,70.79495999940654,0.3615734375,Herbicide Growth Damage
augmented_Herbicide Growth Damage0496.jpg,150.160928125,178.601903125,150.4471765625,73.69776218630268,0.0249328125,Herbicide Growth Damage
augmented_Herbicide Growth Damage0497.jpg,150.151396875,178.591996875,150.43596875,73.70068627672296,0.0243140625,Herbicide Growth Damage
augmented_Herbicide Growth Damage0498.jpg,150.151396875,178.591996875,150.43596875,73.70068627672296,0.0243140625,Herbicide Growth Damage
augmented_Herbicide Growth Damage0499.jpg,155.6225078125,182.8878625,155.39859375,77.09856742308087,0.021496875,Herbicide Growth Damage
augmented_Herbicide Growth Damage0500.jpg,156.37093125,183.5258609375,156.8583015625,75.74663962662362,0.0229828125,Herbicide Growth Damage
augmented_Herbicide Growth Damage0501.jpg,188.253025,208.5582625,191.459184375,63.919665929840846,0.0246703125,Herbicide Growth Damage
augmented_Herbicide Growth Damage0502.jpg,160.530878125,175.3343515625,166.9264015625,60.971390307424585,0.3555828125,Herbicide Growth Damage
augmented_Herbicide Growth Damage0503.jpg,159.02509375,179.7556890625,162.8879078125,55.54487385974355,0.0205203125,Herbicide Growth Damage
augmented_Herbicide Growth Damage0504.jpg,170.2684375,188.7036578125,173.2184875,63.143113881818856,0.0181125,Herbicide Growth Damage
augmented_Herbicide Growth Damage0505.jpg,165.380471875,184.4401875,168.98608125,58.76526872158332,0.019209375,Herbicide Growth Damage
augmented_Herbicide Growth Damage0506.jpg,153.319496875,174.6955921875,147.441940625,57.129313302709484,0.0453359375,Herbicide Growth Damage
augmented_Herbicide Growth Damage0507.jpg,139.7733109375,167.404278125,126.9775015625,58.473479952395195,0.1125265625,Herbicide Growth Damage
augmented_Herbicide Growth Damage0508.jpg,218.9327078125,228.1023140625,215.2673515625,71.26018439578358,0.0498,Herbicide Growth Damage
augmented_Herbicide Growth Damage0509.jpg,181.5581,195.8034390625,176.726203125,64.62378122939356,0.0432875,Herbicide Growth Damage
augmented_Herbicide Growth Damage0510.jpg,193.6339234375,210.1979953125,188.2122890625,76.66674646821822,0.012703125,Herbicide Growth Damage
augmented_Herbicide Growth Damage0511.jpg,157.239265625,167.8396546875,159.86221875,68.27939098157655,0.35861875,Herbicide Growth Damage
augmented_Herbicide Growth Damage0512.jpg,169.2051203125,184.456796875,164.7439171875,73.59854394137255,0.009165625,Herbicide Growth Damage
augmented_Herbicide Growth Damage0513.jpg,161.166140625,177.408296875,156.5330515625,71.07723798979939,0.011596875,Herbicide Growth Damage
augmented_Herbicide Growth Damage0514.jpg,156.36254375,172.29549375,151.9644984375,66.88029849696692,0.051771875,Herbicide Growth Damage
augmented_Herbicide Growth Damage0515.jpg,155.5553171875,171.4048046875,151.0358890625,66.8795929862131,0.0479984375,Herbicide Growth Damage
augmented_Herbicide Growth Damage0516.jpg,164.4327203125,180.472503125,159.292978125,69.6217846170965,0.04509375,Herbicide Growth Damage
augmented_Herbicide Growth Damage0517.jpg,162.2756859375,171.5764609375,164.3583875,71.56887407873583,0.36304375,Herbicide Growth Damage
augmented_Herbicide Growth Damage0518.jpg,166.1201328125,181.3457875,161.3322015625,71.45886132335929,0.046125,Herbicide Growth Damage
augmented_Herbicide Growth Damage0519.jpg,166.1201328125,181.3457875,161.3322015625,71.45886132335929,0.046125,Herbicide Growth Damage
augmented_Herbicide Growth Damage0520.jpg,166.1201328125,181.3457875,161.3322015625,71.45886132335929,0.046125,Herbicide Growth Damage
augmented_Herbicide Growth Damage0521.jpg,112.1922421875,126.1635484375,109.653365625,45.09351527168595,0.0205265625,Herbicide Growth Damage
augmented_Herbicide Growth Damage0522.jpg,171.8412953125,189.790340625,167.8713171875,69.68566271006621,0.031884375,Herbicide Growth Damage
augmented_Herbicide Growth Damage0523.jpg,171.8200171875,189.802034375,167.827971875,69.60332861727302,0.0317171875,Herbicide Growth Damage
augmented_Herbicide Growth Damage0524.jpg,171.8200171875,189.802034375,167.827971875,69.60332861727302,0.0317171875,Herbicide Growth Damage
augmented_Herbicide Growth Damage0525.jpg,176.2991578125,193.2662734375,172.5279734375,73.08415938163078,0.0305359375,Herbicide Growth Damage
augmented_Herbicide Growth Damage0526.jpg,171.0289546875,189.1599015625,167.153153125,69.74239459750191,0.0305125,Herbicide Growth Damage
augmented_Herbicide Growth Damage0527.jpg,166.833028125,183.9315078125,162.3512671875,68.81294668762368,0.052496875,Herbicide Growth Damage
augmented_Herbicide Growth Damage0528.jpg,176.15595625,191.9772625,171.85901875,73.72386814462766,0.0493390625,Herbicide Growth Damage
augmented_Herbicide Growth Damage0529.jpg,141.54485625,163.5441015625,135.692721875,86.45094375333461,0.093053125,Herbicide Growth Damage
augmented_Herbicide Growth Damage0530.jpg,162.0966609375,181.3415265625,157.406884375,91.5047222098328,0.0762265625,Herbicide Growth Damage
augmented_Herbicide Growth Damage0531.jpg,73.799453125,96.0197078125,64.142628125,55.358007406910616,0.111140625,Herbicide Growth Damage
augmented_Herbicide Growth Damage0532.jpg,103.7228640625,132.50446875,90.37874375,77.67068706633678,0.16081875,Herbicide Growth Damage
augmented_Herbicide Growth Damage0533.jpg,111.5992234375,139.462790625,98.5716109375,83.86618886725057,0.1475640625,Herbicide Growth Damage
augmented_Herbicide Growth Damage0534.jpg,112.0375453125,139.792871875,99.24095625,84.70485014680295,0.1553828125,Herbicide Growth Damage
augmented_Herbicide Growth Damage0535.jpg,130.8356484375,146.563003125,132.3998671875,79.96452756546083,0.36731875,Herbicide Growth Damage
augmented_Herbicide Growth Damage0536.jpg,131.829065625,146.4120921875,134.848925,73.9825094099633,0.360065625,Herbicide Growth Damage
augmented_Herbicide Growth Damage0537.jpg,164.468671875,179.2429421875,154.29678125,66.50385313470329,0.0924671875,Herbicide Growth Damage
augmented_Herbicide Growth Damage0538.jpg,164.6768,179.4179140625,154.3913,66.67058152579946,0.092640625,Herbicide Growth Damage
augmented_Herbicide Growth Damage0539.jpg,166.111653125,180.5310546875,155.8299765625,68.06927555828578,0.09276875,Herbicide Growth Damage
augmented_Herbicide Growth Damage0540.jpg,163.1361703125,177.8906140625,153.70238125,64.48640278983237,0.0921703125,Herbicide Growth Damage
augmented_Herbicide Growth Damage0541.jpg,163.1361703125,177.8906140625,153.70238125,64.48640278983237,0.0921703125,Herbicide Growth Damage
augmented_Herbicide Growth Damage0542.jpg,156.3152625,169.1081546875,155.278440625,68.13055322536817,0.3594890625,Herbicide Growth Damage
augmented_Herbicide Growth Damage0543.jpg,158.223396875,173.7023453125,149.3307375,64.33654040712445,0.060990625,Herbicide Growth Damage
augmented_Herbicide Growth Damage0544.jpg,168.1829703125,183.7213,159.768490625,65.21087253974471,0.0691203125,Herbicide Growth Damage
augmented_Herbicide Growth Damage0545.jpg,193.7469578125,205.656234375,185.3494359375,59.70645260424444,0.05841875,Herbicide Growth Damage
augmented_Herbicide Growth Damage0546.jpg,176.9295484375,191.0555578125,165.9072859375,60.80059428984716,0.079515625,Herbicide Growth Damage
augmented_Herbicide Growth Damage0547.jpg,180.0015890625,193.8929640625,168.4626203125,67.59605093621465,0.0779015625,Herbicide Growth Damage
augmented_Herbicide Growth Damage0548.jpg,165.6379921875,179.997565625,155.392090625,65.81970022088746,0.0715578125,Herbicide Growth Damage
augmented_Herbicide Growth Damage0549.jpg,163.6013703125,177.6823453125,153.900559375,65.65560065714229,0.074678125,Herbicide Growth Damage
augmented_Herbicide Growth Damage0550.jpg,163.6013703125,177.6823453125,153.900559375,65.65560065714229,0.074678125,Herbicide Growth Damage
augmented_Herbicide Growth Damage0551.jpg,79.102378125,90.335875,72.65864375,31.550566300453845,0.013125,Herbicide Growth Damage
augmented_Herbicide Growth Damage0552.jpg,140.1523265625,154.6350109375,128.7207578125,56.9869016990003,0.035153125,Herbicide Growth Damage
augmented_Herbicide Growth Damage0553.jpg,140.1044875,154.600709375,128.6703375,56.978706157603554,0.034715625,Herbicide Growth Damage
augmented_Herbicide Growth Damage0554.jpg,153.424265625,167.1739,142.528140625,68.31740320250779,0.0320546875,Herbicide Growth Damage
augmented_Herbicide Growth Damage0555.jpg,143.726925,157.5770125,132.5800703125,61.96833197036337,0.0356671875,Herbicide Growth Damage
augmented_Herbicide Growth Damage0556.jpg,161.1097640625,175.89459375,152.6459296875,68.80052460825203,0.050275,Herbicide Growth Damage
augmented_Herbicide Growth Damage0557.jpg,147.496890625,161.45125,140.334840625,67.06144757627271,0.047171875,Herbicide Growth Damage
augmented_Herbicide Growth Damage0558.jpg,158.029065625,173.8251296875,149.9122203125,66.2765974795367,0.061109375,Herbicide Growth Damage
augmented_Herbicide Growth Damage0559.jpg,154.260121875,166.7030578125,153.7451171875,69.68760989764623,0.360540625,Herbicide Growth Damage
augmented_Herbicide Growth Damage0560.jpg,166.7733921875,181.2568171875,160.3587375,67.51900965135813,0.053703125,Herbicide Growth Damage
augmented_Herbicide Growth Damage0561.jpg,166.7733921875,181.2568171875,160.3587375,67.51900965135813,0.053703125,Herbicide Growth Damage
augmented_Herbicide Growth Damage0562.jpg,140.45968125,155.0857359375,132.6202765625,57.12094657989829,0.0903984375,Herbicide Growth Damage
augmented_Herbicide Growth Damage0563.jpg,167.4286625,183.62159375,157.87893125,68.21073508085757,0.095734375,Herbicide Growth Damage
augmented_Herbicide Growth Damage0564.jpg,173.320071875,188.5714,163.2399125,71.4053984138532,0.0929640625,Herbicide Growth Damage
augmented_Herbicide Growth Damage0565.jpg,177.7327265625,192.2103453125,169.8489078125,67.68609791923642,0.0863203125,Herbicide Growth Damage
augmented_Herbicide Growth Damage0566.jpg,197.5932734375,211.139921875,182.9392140625,63.60524702156462,0.0784515625,Herbicide Growth Damage
augmented_Herbicide Growth Damage0567.jpg,153.300240625,167.8170046875,142.81875625,58.43471481950011,0.0706734375,Herbicide Growth Damage
augmented_Herbicide Growth Damage0568.jpg,165.5947,180.283903125,148.0947265625,61.35524114386618,0.040228125,Herbicide Growth Damage
augmented_Herbicide Growth Damage0569.jpg,97.94465,110.0547015625,87.4411171875,39.797149955699865,0.0232921875,Herbicide Growth Damage
augmented_Herbicide Growth Damage0570.jpg,135.41015625,148.72164375,121.8407703125,58.23785470399917,0.03123125,Herbicide Growth Damage
augmented_Herbicide Growth Damage0571.jpg,136.834321875,149.884540625,123.46309375,60.154825569770615,0.0303765625,Herbicide Growth Damage
augmented_Herbicide Growth Damage0572.jpg,91.70488125,101.0194546875,87.2474234375,24.13747961276848,0.0118609375,Herbicide Growth Damage
augmented_Herbicide Growth Damage0573.jpg,174.28163125,186.0295453125,167.3252125,51.097787235354986,0.0238125,Herbicide Growth Damage
augmented_Herbicide Growth Damage0574.jpg,165.902725,177.8980484375,158.0890125,44.95195968381731,0.0224828125,Herbicide Growth Damage
augmented_Herbicide Growth Damage0575.jpg,173.362878125,186.8814046875,164.399309375,51.343277922144935,0.06144375,Herbicide Growth Damage
augmented_Herbicide Growth Damage0576.jpg,173.3559578125,186.884015625,164.3614328125,51.31508806214942,0.061190625,Herbicide Growth Damage
augmented_Herbicide Growth Damage0577.jpg,173.3559578125,186.884015625,164.3614328125,51.31508806214942,0.061190625,Herbicide Growth Damage
augmented_Herbicide Growth Damage0578.jpg,147.7275703125,161.6801734375,140.340128125,52.471912277663776,0.063246875,Herbicide Growth Damage
augmented_Herbicide Growth Damage0579.jpg,161.936775,176.9967,153.2254859375,62.95835219595872,0.0570484375,Herbicide Growth Damage
augmented_Herbicide Growth Damage0580.jpg,179.643359375,192.420353125,172.2378640625,70.41654195204687,0.0548828125,Herbicide Growth Damage
augmented_Herbicide Growth Damage0581.jpg,166.30401875,181.0766140625,157.852015625,66.15078383839514,0.0564296875,Herbicide Growth Damage
augmented_Herbicide Growth Damage0582.jpg,165.3162828125,180.18848125,156.908190625,65.49107003310776,0.0562796875,Herbicide Growth Damage
augmented_Herbicide Growth Damage0583.jpg,155.2824390625,177.799765625,144.8987390625,73.98719416775005,0.10834375,Herbicide Growth Damage
augmented_Herbicide Growth Damage0584.jpg,138.7535203125,165.7719015625,126.4809296875,78.50334142096177,0.101484375,Herbicide Growth Damage
augmented_Herbicide Growth Damage0585.jpg,147.2925640625,172.14174375,136.581534375,79.36707340247015,0.0946453125,Herbicide Growth Damage
augmented_Herbicide Growth Damage0586.jpg,118.7266375,140.0713609375,108.7487421875,58.02747553652063,0.1158015625,Herbicide Growth Damage
augmented_Herbicide Growth Damage0587.jpg,98.79045,132.81704375,81.5118609375,76.26822979736241,0.1167359375,Herbicide Growth Damage
augmented_Herbicide Growth Damage0588.jpg,98.79045,132.81704375,81.5118609375,76.26822979736241,0.1167359375,Herbicide Growth Damage
augmented_Herbicide Growth Damage0589.jpg,98.79045,132.81704375,81.5118609375,76.26822979736241,0.1167359375,Herbicide Growth Damage
augmented_Herbicide Growth Damage0590.jpg,98.8390015625,132.8246265625,81.5619078125,76.30083976042981,0.11710625,Herbicide Growth Damage
augmented_Herbicide Growth Damage0591.jpg,97.9439578125,132.006725,80.705890625,76.28557391885663,0.112484375,Herbicide Growth Damage
augmented_Herbicide Growth Damage0592.jpg,152.06843125,171.7423015625,144.1546125,77.82369684515356,0.028340625,Herbicide Growth Damage
augmented_Herbicide Growth Damage0593.jpg,151.6887046875,162.001025,156.118725,76.69877619568578,0.3628421875,Herbicide Growth Damage
augmented_Herbicide Growth Damage0594.jpg,177.7762296875,199.7684484375,168.0167015625,86.32839718327898,0.0536890625,Herbicide Growth Damage
augmented_Herbicide Growth Damage0595.jpg,107.8899984375,124.360546875,101.5369609375,56.432068146472915,0.0351375,Herbicide Growth Damage
augmented_Herbicide Growth Damage0596.jpg,148.309209375,169.0257671875,139.7112546875,78.13192311678334,0.0465671875,Herbicide Growth Damage
augmented_Herbicide Growth Damage0597.jpg,150.7265609375,170.9304796875,142.779375,80.57207778040988,0.0466921875,Herbicide Growth Damage
augmented_Herbicide Growth Damage0598.jpg,150.7265609375,170.9304796875,142.779375,80.57207778040988,0.0466921875,Herbicide Growth Damage
augmented_Herbicide Growth Damage0599.jpg,147.6548015625,168.2995296875,138.9097046875,78.15831099823208,0.043590625,Herbicide Growth Damage
augmented_Herbicide Growth Damage0600.jpg,147.577159375,168.242078125,139.033259375,78.17390206145942,0.04294375,Herbicide Growth Damage
augmented_Herbicide Growth Damage0601.jpg,180.670534375,203.0026140625,172.215075,87.95278673088882,0.0656171875,Herbicide Growth Damage
augmented_Herbicide Growth Damage0602.jpg,146.72568125,167.8373109375,139.34800625,80.62271768035635,0.055565625,Herbicide Growth Damage
augmented_Herbicide Growth Damage0603.jpg,152.5417375,173.26746875,145.4197140625,83.71404860779661,0.05226875,Herbicide Growth Damage
augmented_Herbicide Growth Damage0604.jpg,156.5582375,175.630478125,150.1273796875,80.23693297636086,0.0503546875,Herbicide Growth Damage
augmented_Herbicide Growth Damage0605.jpg,156.5582375,175.630478125,150.1273796875,80.23693297636086,0.0503546875,Herbicide Growth Damage
augmented_Herbicide Growth Damage0606.jpg,157.3477359375,177.8862390625,150.4999625,78.63749549571781,0.0589015625,Herbicide Growth Damage
augmented_Herbicide Growth Damage0607.jpg,156.5597984375,177.19848125,149.7282171875,78.63291277954657,0.0542484375,Herbicide Growth Damage
augmented_Herbicide Growth Damage0608.jpg,120.55748125,139.564959375,116.1063046875,52.31155366521868,0.0089828125,Herbicide Growth Damage
augmented_Herbicide Growth Damage0609.jpg,157.88621875,180.5636453125,152.14588125,68.95323346576531,0.012309375,Herbicide Growth Damage
augmented_Herbicide Growth Damage0610.jpg,156.4119921875,171.27659375,158.390275,72.35199541612086,0.3627765625,Herbicide Growth Damage
augmented_Herbicide Growth Damage0611.jpg,156.4242203125,171.2508375,158.4777953125,72.3352227139553,0.3635171875,Herbicide Growth Damage
augmented_Herbicide Growth Damage0612.jpg,157.92159375,180.566965625,152.1882171875,68.97917278732693,0.01285625,Herbicide Growth Damage
augmented_Herbicide Growth Damage0613.jpg,162.1201328125,183.866971875,156.57944375,72.5076555869619,0.01355625,Herbicide Growth Damage
augmented_Herbicide Growth Damage0614.jpg,162.129928125,182.318228125,153.0997828125,76.91971774588578,0.05648125,Herbicide Growth Damage
augmented_Herbicide Growth Damage0615.jpg,134.430190625,151.7892375,127.0344703125,63.47903323055707,0.0494140625,Herbicide Growth Damage
augmented_Herbicide Growth Damage0616.jpg,155.23505,167.060678125,157.5868265625,74.05618778123625,0.36268125,Herbicide Growth Damage
augmented_Herbicide Growth Damage0617.jpg,155.397003125,174.917140625,146.40688125,73.60362009513754,0.0545421875,Herbicide Growth Damage
augmented_Herbicide Growth Damage0618.jpg,156.4940578125,175.72469375,147.6613984375,74.24892993640455,0.051671875,Herbicide Growth Damage
augmented_Herbicide Growth Damage0619.jpg,167.2043015625,183.4921515625,160.5381625,76.37202336469738,0.04365,Herbicide Growth Damage
augmented_Herbicide Growth Damage0620.jpg,154.6959125,174.1648828125,145.7708171875,73.72042510461291,0.052153125,Herbicide Growth Damage
augmented_Herbicide Growth Damage0621.jpg,173.116203125,198.827078125,160.927990625,86.33676691729406,0.0774125,Herbicide Growth Damage
augmented_Herbicide Growth Damage0622.jpg,146.11741875,169.793159375,135.5453421875,79.72979840310255,0.068396875,Herbicide Growth Damage
augmented_Herbicide Growth Damage0623.jpg,147.581640625,170.664725,137.3576859375,80.87813743380279,0.0680640625,Herbicide Growth Damage
augmented_Herbicide Growth Damage0624.jpg,145.39236875,169.0932671875,134.89489375,79.73136767031662,0.064871875,Herbicide Growth Damage
augmented_Herbicide Growth Damage0625.jpg,145.400990625,169.1260578125,134.879459375,79.70496862407136,0.0640953125,Herbicide Growth Damage
augmented_Herbicide Growth Damage0626.jpg,170.3679484375,194.7413875,159.1886703125,87.10047839627603,0.0545734375,Herbicide Growth Damage
augmented_Herbicide Growth Damage0627.jpg,148.1887453125,170.9478671875,138.4427796875,82.35856182656421,0.048259375,Herbicide Growth Damage
augmented_Herbicide Growth Damage0628.jpg,146.5999921875,169.72198125,136.5762640625,81.50130195332973,0.046375,Herbicide Growth Damage
augmented_Herbicide Growth Damage0629.jpg,107.525621875,127.67356875,103.5100609375,57.22144266043698,0.0193140625,Herbicide Growth Damage
augmented_Herbicide Growth Damage0630.jpg,142.12553125,166.0532046875,137.0676,75.8644762392932,0.02836875,Herbicide Growth Damage
augmented_Herbicide Growth Damage0631.jpg,146.5879421875,170.2197921875,141.734578125,79.57314019937036,0.0268640625,Herbicide Growth Damage
augmented_Herbicide Growth Damage0632.jpg,119.479434375,140.706384375,113.816771875,67.54874282779963,0.0544234375,Herbicide Growth Damage
augmented_Herbicide Growth Damage0633.jpg,99.3095375,117.785,94.3255234375,55.82884728435018,0.04381875,Herbicide Growth Damage
augmented_Herbicide Growth Damage0634.jpg,149.974465625,172.5729625,142.6740140625,82.37366314670622,0.0639046875,Herbicide Growth Damage
augmented_Herbicide Growth Damage0635.jpg,169.163446875,194.124184375,159.9573640625,84.28537730628537,0.07163125,Herbicide Growth Damage
augmented_Herbicide Growth Damage0636.jpg,140.259234375,163.4042265625,133.71248125,79.11323239864127,0.060846875,Herbicide Growth Damage
augmented_Herbicide Growth Damage0637.jpg,140.2437984375,163.45159375,133.6564375,79.04901295587099,0.0595734375,Herbicide Growth Damage
augmented_Herbicide Growth Damage0638.jpg,139.5083921875,162.6644015625,133.0835546875,79.2191419943948,0.0578421875,Herbicide Growth Damage
augmented_Herbicide Growth Damage0639.jpg,138.370428125,160.42700625,128.8820546875,74.2540860544519,0.0516640625,Herbicide Growth Damage
augmented_Herbicide Growth Damage0640.jpg,138.370428125,160.42700625,128.8820546875,74.2540860544519,0.0516640625,Herbicide Growth Damage
augmented_Herbicide Growth Damage0641.jpg,138.370428125,160.42700625,128.8820546875,74.2540860544519,0.0516640625,Herbicide Growth Damage
augmented_Herbicide Growth Damage0642.jpg,138.406384375,160.4974546875,128.883496875,74.18202125111375,0.05071875,Herbicide Growth Damage
augmented_Herbicide Growth Damage0643.jpg,138.406384375,160.4974546875,128.883496875,74.18202125111375,0.05071875,Herbicide Growth Damage
augmented_Herbicide Growth Damage0644.jpg,137.57999375,159.769990625,128.2625015625,74.35444397704568,0.0495796875,Herbicide Growth Damage
augmented_Herbicide Growth Damage0645.jpg,142.6505671875,164.6952125,133.37361875,77.97435634792018,0.0467078125,Herbicide Growth Damage
augmented_Herbicide Growth Damage0646.jpg,134.7991765625,153.026740625,125.6905234375,52.184171428067124,0.0220546875,Herbicide Growth Damage
augmented_Herbicide Growth Damage0647.jpg,192.024584375,214.50723125,179.44398125,72.45717000526903,0.02983125,Herbicide Growth Damage
augmented_Herbicide Growth Damage0648.jpg,200.6464359375,221.4757890625,188.0377125,70.72444485254212,0.030853125,Herbicide Growth Damage
augmented_Herbicide Growth Damage0649.jpg,86.622275,100.112815625,80.442665625,32.97613941464853,0.0105203125,Herbicide Growth Damage
augmented_Herbicide Growth Damage0650.jpg,92.99135,107.5779765625,86.6964390625,35.66525406943708,0.0121390625,Herbicide Growth Damage
augmented_Herbicide Growth Damage0651.jpg,159.8161046875,177.1615390625,157.3207828125,67.69722432443426,0.3617015625,Herbicide Growth Damage
augmented_Herbicide Growth Damage0652.jpg,171.29234375,190.8583453125,160.5058421875,71.07721766705662,0.029240625,Herbicide Growth Damage
augmented_Herbicide Growth Damage0653.jpg,161.5037984375,182.3647125,150.474578125,63.25227091305984,0.0258484375,Herbicide Growth Damage
augmented_Herbicide Growth Damage0654.jpg,137.3308296875,164.797515625,121.9293859375,73.83616634428344,0.1049515625,Herbicide Growth Damage
augmented_Herbicide Growth Damage0655.jpg,137.341071875,164.6762171875,121.9717921875,73.90135307661406,0.1047921875,Herbicide Growth Damage
augmented_Herbicide Growth Damage0656.jpg,140.199684375,167.047528125,124.9629421875,77.17783940888518,0.1046296875,Herbicide Growth Damage
augmented_Herbicide Growth Damage0657.jpg,136.3487078125,163.823775,120.8937015625,73.78612056553004,0.09926875,Herbicide Growth Damage
augmented_Herbicide Growth Damage0658.jpg,136.35463125,163.7845609375,120.9520484375,73.87029210647495,0.10260625,Herbicide Growth Damage
augmented_Herbicide Growth Damage0659.jpg,136.4106703125,163.8616640625,120.879859375,73.73379441962555,0.098575,Herbicide Growth Damage
augmented_Herbicide Growth Damage0660.jpg,64.8032203125,88.2729140625,51.32288125,44.286052579907036,0.134571875,Herbicide Growth Damage
augmented_Herbicide Growth Damage0661.jpg,96.644253125,125.8897890625,86.3251875,60.574151820410876,0.3660828125,Herbicide Growth Damage
augmented_Herbicide Growth Damage0662.jpg,105.668525,138.7714375,84.233875,69.57055810850734,0.184378125,Herbicide Growth Damage
augmented_Herbicide Growth Damage0663.jpg,105.668525,138.7714375,84.233875,69.57055810850734,0.184378125,Herbicide Growth Damage
augmented_Herbicide Growth Damage0664.jpg,124.223278125,166.657090625,96.69844375,70.04457374191993,0.265078125,Herbicide Growth Damage
augmented_Herbicide Growth Damage0665.jpg,114.1687859375,143.4471078125,97.2704921875,80.36916240646555,0.2213484375,Herbicide Growth Damage
augmented_Herbicide Growth Damage0666.jpg,97.543896875,130.3861078125,78.131725,69.53022154514632,0.2458859375,Herbicide Growth Damage
augmented_Herbicide Growth Damage0667.jpg,84.34095625,104.53556875,74.688034375,51.701933388228824,0.09984375,Herbicide Growth Damage
augmented_Herbicide Growth Damage0668.jpg,121.15200625,142.0271484375,115.974778125,73.78905218343701,0.3656390625,Herbicide Growth Damage
augmented_Herbicide Growth Damage0669.jpg,121.1414109375,142.124484375,116.0803921875,73.77960976816617,0.3658,Herbicide Growth Damage
augmented_Herbicide Growth Damage0670.jpg,112.16266875,139.162090625,101.3416359375,64.89909745267386,0.3659703125,Herbicide Growth Damage
augmented_Herbicide Growth Damage0671.jpg,154.8891296875,168.5577984375,155.4078875,67.22954299751184,0.3581859375,Herbicide Growth Damage
augmented_Herbicide Growth Damage0672.jpg,156.216753125,173.544390625,148.335696875,63.57931791353099,0.05005,Herbicide Growth Damage
augmented_Herbicide Growth Damage0673.jpg,167.649721875,182.97045625,160.46685,73.05508437330539,0.0480078125,Herbicide Growth Damage
augmented_Herbicide Growth Damage0674.jpg,155.4719859375,172.6594703125,147.5062421875,63.4336215331428,0.0463609375,Herbicide Growth Damage
augmented_Herbicide Growth Damage0675.jpg,211.657628125,223.7137765625,203.5302875,67.60048517291158,0.0509921875,Herbicide Growth Damage
augmented_Herbicide Growth Damage0676.jpg,162.7880203125,176.7689796875,155.3788375,57.91169197100842,0.0444328125,Herbicide Growth Damage
augmented_Herbicide Growth Damage0677.jpg,169.8318578125,182.7387578125,163.284234375,59.208458996685145,0.042596875,Herbicide Growth Damage
augmented_Herbicide Growth Damage0678.jpg,114.7025640625,126.5107375,108.052875,51.69805864052706,0.0272640625,Herbicide Growth Damage
augmented_Herbicide Growth Damage0679.jpg,167.7222890625,182.1307890625,158.8164828125,77.71904108587931,0.040171875,Herbicide Growth Damage
augmented_Herbicide Growth Damage0680.jpg,168.5191015625,182.82071875,160.14515625,77.1927722501453,0.0449671875,Herbicide Growth Damage
augmented_Herbicide Growth Damage0681.jpg,168.5191015625,182.82071875,160.14515625,77.1927722501453,0.0449671875,Herbicide Growth Damage
augmented_Herbicide Growth Damage0682.jpg,202.7576,214.09980625,195.8856765625,76.76649508135932,0.04216875,Herbicide Growth Damage
augmented_Herbicide Growth Damage0683.jpg,167.3891484375,181.4799484375,157.8254765625,68.22984596418752,0.0336734375,Herbicide Growth Damage
augmented_Herbicide Growth Damage0684.jpg,212.27841875,224.199521875,194.3464734375,65.55246288281104,0.013303125,Herbicide Growth Damage
augmented_Herbicide Growth Damage0685.jpg,165.3306453125,177.312021875,161.3166953125,67.32447256875984,0.361859375,Herbicide Growth Damage
augmented_Herbicide Growth Damage0686.jpg,178.1964125,191.0932765625,163.7718625,66.08659395685537,0.0090046875,Herbicide Growth Damage
augmented_Herbicide Growth Damage0687.jpg,168.8579796875,182.6549625,153.5574546875,60.993432722503734,0.0126375,Herbicide Growth Damage
augmented_Herbicide Growth Damage0688.jpg,164.538803125,176.713359375,161.6998390625,63.105293877399134,0.356284375,Herbicide Growth Damage
augmented_Herbicide Growth Damage0689.jpg,166.1288953125,180.3800265625,153.707925,57.44252410439827,0.05419375,Herbicide Growth Damage
augmented_Herbicide Growth Damage0690.jpg,163.8114109375,178.8800609375,149.6629828125,58.63264408795016,0.0228984375,Herbicide Growth Damage
augmented_Herbicide Growth Damage0691.jpg,163.8114109375,178.8800609375,149.6629828125,58.63264408795016,0.0228984375,Herbicide Growth Damage
augmented_Herbicide Growth Damage0692.jpg,163.80570625,178.874346875,149.64686875,58.65993318741935,0.021721875,Herbicide Growth Damage
augmented_Herbicide Growth Damage0693.jpg,169.8732359375,184.4422359375,156.3250828125,63.654246468004565,0.02373125,Herbicide Growth Damage
augmented_Herbicide Growth Damage0694.jpg,169.8732359375,184.4422359375,156.3250828125,63.654246468004565,0.02373125,Herbicide Growth Damage
augmented_Herbicide Growth Damage0695.jpg,187.4998453125,200.994915625,175.679034375,63.35896796053098,0.0176453125,Herbicide Growth Damage
augmented_Herbicide Growth Damage0696.jpg,173.8853078125,187.142121875,162.7878984375,58.69963996239671,0.0159375,Herbicide Growth Damage
augmented_Herbicide Growth Damage0697.jpg,166.1597203125,176.5895921875,164.051896875,61.27847471276354,0.3524734375,Herbicide Growth Damage
augmented_Herbicide Growth Damage0698.jpg,166.116440625,179.21230625,155.340959375,56.01114189964797,0.0148796875,Herbicide Growth Damage
augmented_Herbicide Growth Damage0699.jpg,165.3183234375,178.4263234375,154.6977140625,56.18287345878153,0.0148390625,Herbicide Growth Damage
augmented_Herbicide Growth Damage0700.jpg,173.4785640625,186.6513078125,160.6333984375,54.89784370747997,0.009365625,Herbicide Growth Damage
augmented_Herbicide Growth Damage0701.jpg,118.9298625,130.2779265625,107.3708171875,42.1947753059861,0.0071046875,Herbicide Growth Damage
augmented_Herbicide Growth Damage0702.jpg,167.5037078125,181.084909375,151.3159171875,59.89500754249121,0.01055,Herbicide Growth Damage
augmented_Herbicide Growth Damage0703.jpg,170.557540625,183.8632453125,154.5969375,62.63665622313356,0.011884375,Herbicide Growth Damage
augmented_Herbicide Growth Damage0704.jpg,153.6908625,166.6349671875,151.9084515625,71.5954737775574,0.357803125,Herbicide Growth Damage
augmented_Herbicide Growth Damage0705.jpg,153.379746875,168.830640625,137.67006875,69.12167171170131,0.009375,Herbicide Growth Damage
augmented_Herbicide Growth Damage0706.jpg,213.475853125,223.7071453125,199.75935625,70.25798928005446,0.01695,Herbicide Growth Damage
augmented_Herbicide Growth Damage0707.jpg,163.840309375,177.3975171875,150.8424328125,61.05158191853704,0.0101359375,Herbicide Growth Damage
augmented_Herbicide Growth Damage0708.jpg,172.3897078125,184.8769375,160.6295578125,64.72466157854898,0.010403125,Herbicide Growth Damage
augmented_Herbicide Growth Damage0709.jpg,172.8625609375,185.35398125,162.2905875,71.03664542886906,0.03066875,Herbicide Growth Damage
augmented_Herbicide Growth Damage0710.jpg,166.93805,181.311434375,153.9125953125,70.38238614834094,0.036515625,Herbicide Growth Damage
augmented_Herbicide Growth Damage0711.jpg,158.41920625,173.3184359375,145.0465109375,64.38690734273813,0.0298015625,Herbicide Growth Damage
augmented_Herbicide Growth Damage0712.jpg,158.41920625,173.3184359375,145.0465109375,64.38690734273813,0.0298015625,Herbicide Growth Damage
augmented_Herbicide Growth Damage0713.jpg,158.41920625,173.3184359375,145.0465109375,64.38690734273813,0.0298015625,Herbicide Growth Damage
augmented_Herbicide Growth Damage0714.jpg,160.2991359375,174.7909640625,147.217565625,66.30449527708306,0.025159375,Herbicide Growth Damage
augmented_Herbicide Growth Damage0715.jpg,157.6948640625,172.5606,144.536565625,64.50047345337362,0.0273109375,Herbicide Growth Damage
augmented_Herbicide Growth Damage0716.jpg,148.8844609375,164.8565796875,132.222346875,69.72773082234971,0.05013125,Herbicide Growth Damage
augmented_Herbicide Growth Damage0717.jpg,148.1902671875,163.9716578125,131.683946875,69.8754979929635,0.046625,Herbicide Growth Damage
augmented_Herbicide Growth Damage0718.jpg,148.190071875,163.9537953125,131.6974078125,69.8971635763375,0.0484796875,Herbicide Growth Damage
augmented_Herbicide Growth Damage0719.jpg,144.359084375,161.5562296875,125.337715625,67.2171144456905,0.0220125,Herbicide Growth Damage
augmented_Herbicide Growth Damage0720.jpg,144.359084375,161.5562296875,125.337715625,67.2171144456905,0.0220125,Herbicide Growth Damage
augmented_Herbicide Growth Damage0721.jpg,173.7441890625,191.2867515625,150.9686859375,82.56421234971539,0.0753703125,Herbicide Growth Damage
augmented_Herbicide Growth Damage0722.jpg,143.9993609375,161.2678078125,125.4193796875,70.58713633690826,0.053178125,Herbicide Growth Damage
augmented_Herbicide Growth Damage0723.jpg,143.9993609375,161.2678078125,125.4193796875,70.58713633690826,0.053178125,Herbicide Growth Damage
augmented_Herbicide Growth Damage0724.jpg,143.9993609375,161.2678078125,125.4193796875,70.58713633690826,0.053178125,Herbicide Growth Damage
augmented_Herbicide Growth Damage0725.jpg,143.060075,160.5765,124.72473125,70.68691604596992,0.047434375,Herbicide Growth Damage
augmented_Herbicide Growth Damage0726.jpg,160.601996875,176.6477875,143.931559375,71.92240105929487,0.0466171875,Herbicide Growth Damage
augmented_Herbicide Growth Damage0727.jpg,153.976178125,170.6293125,137.086253125,65.9933406029629,0.0449890625,Herbicide Growth Damage
augmented_Herbicide Growth Damage0728.jpg,152.0741203125,168.5943109375,134.4268015625,72.35463523595246,0.0035234375,Herbicide Growth Damage
augmented_Herbicide Growth Damage0729.jpg,150.95764375,167.273053125,134.0276046875,67.70778761195858,0.003059375,Herbicide Growth Damage
augmented_Herbicide Growth Damage0730.jpg,89.775084375,101.62033125,79.8442359375,37.89421871471904,0.0072734375,Herbicide Growth Damage
augmented_Herbicide Growth Damage0731.jpg,161.3418671875,177.20204375,145.4525203125,70.61402067373297,0.0202921875,Herbicide Growth Damage
augmented_Herbicide Growth Damage0732.jpg,155.761896875,172.4501015625,139.1286203125,67.5781865008996,0.0255078125,Herbicide Growth Damage
augmented_Herbicide Growth Damage0733.jpg,156.137440625,172.8744046875,137.9193421875,69.62097027945762,0.0012484375,Herbicide Growth Damage
augmented_Herbicide Growth Damage0734.jpg,145.337315625,159.7947,128.997775,66.23036794926551,0.016925,Herbicide Growth Damage
augmented_Herbicide Growth Damage0735.jpg,188.6183671875,203.398715625,167.3184109375,80.6339927040505,0.02515,Herbicide Growth Damage
augmented_Herbicide Growth Damage0736.jpg,157.3876609375,172.4744921875,139.6831828125,71.74051768709779,0.0186359375,Herbicide Growth Damage
augmented_Herbicide Growth Damage0737.jpg,188.057015625,198.40815625,178.659075,66.77613831815897,0.011184375,Herbicide Growth Damage
augmented_Herbicide Growth Damage0738.jpg,166.7596796875,180.421765625,151.6316328125,73.07604632727421,0.0158609375,Herbicide Growth Damage
augmented_Herbicide Growth Damage0739.jpg,156.7302234375,171.7863984375,139.1516515625,71.88412796853228,0.018075,Herbicide Growth Damage
augmented_Herbicide Growth Damage0740.jpg,156.7156359375,171.77544375,139.135921875,71.89842628720707,0.0184375,Herbicide Growth Damage
augmented_Herbicide Growth Damage0741.jpg,159.5623,165.0889859375,163.377590625,80.07281957669623,0.369878125,Herbicide Growth Damage
augmented_Herbicide Growth Damage0742.jpg,162.2107125,175.3241453125,153.7517734375,82.85764286088532,0.0041734375,Herbicide Growth Damage
augmented_Herbicide Growth Damage0743.jpg,174.817015625,186.0815578125,166.561840625,82.78602401189022,0.0029453125,Herbicide Growth Damage
augmented_Herbicide Growth Damage0744.jpg,155.93596875,168.611840625,157.5421359375,70.09368490532803,0.3554,Herbicide Growth Damage
augmented_Herbicide Growth Damage0745.jpg,156.9840671875,171.56114375,145.2134734375,66.77316429301895,0.032565625,Herbicide Growth Damage
augmented_Herbicide Growth Damage0746.jpg,156.9840671875,171.56114375,145.2134734375,66.77316429301895,0.032565625,Herbicide Growth Damage
augmented_Herbicide Growth Damage0747.jpg,163.3466734375,177.3993734375,151.876534375,71.35505667828748,0.0293109375,Herbicide Growth Damage
augmented_Herbicide Growth Damage0748.jpg,167.8702640625,180.9084546875,158.332871875,67.91288483864992,0.031490625,Herbicide Growth Damage
augmented_Herbicide Growth Damage0749.jpg,156.0917,170.8653421875,144.4753203125,66.74842211614164,0.0286234375,Herbicide Growth Damage
augmented_Herbicide Growth Damage0750.jpg,128.7647921875,143.4705,112.5042546875,57.1444778031796,0.012934375,Herbicide Growth Damage
augmented_Herbicide Growth Damage0751.jpg,174.358653125,191.5372921875,153.098734375,77.08293894264152,0.0210875,Herbicide Growth Damage
augmented_Herbicide Growth Damage0752.jpg,149.5485078125,164.751009375,143.4207546875,72.14869899995352,0.3609578125,Herbicide Growth Damage
augmented_Herbicide Growth Damage0753.jpg,156.9737046875,173.3128046875,138.2253109375,72.41963061807914,0.018559375,Herbicide Growth Damage
augmented_Herbicide Growth Damage0754.jpg,152.372634375,169.089825,133.168159375,68.37803795814007,0.0176140625,Herbicide Growth Damage
augmented_Herbicide Growth Damage0755.jpg,161.00535625,175.9995625,144.8747515625,65.41420002413915,0.03194375,Herbicide Growth Damage
augmented_Herbicide Growth Damage0756.jpg,159.5387046875,171.9505625,151.7265296875,69.17873416961422,0.361503125,Herbicide Growth Damage
augmented_Herbicide Growth Damage0757.jpg,183.0041546875,195.0080140625,169.230265625,67.54337599522346,0.0291421875,Herbicide Growth Damage
augmented_Herbicide Growth Damage0758.jpg,160.3739765625,175.326,144.3075015625,65.51557071350116,0.0323171875,Herbicide Growth Damage
augmented_Herbicide Growth Damage0759.jpg,124.0046765625,135.7701171875,112.591434375,46.59577652939105,0.0084546875,Herbicide Growth Damage
augmented_Herbicide Growth Damage0760.jpg,205.4569703125,217.526696875,188.995428125,72.29526825536256,0.0135515625,Herbicide Growth Damage
augmented_Herbicide Growth Damage0761.jpg,168.624346875,182.1863703125,154.1890875,66.48092559779937,0.01123125,Herbicide Growth Damage
augmented_Herbicide Growth Damage0762.jpg,168.624346875,182.1863703125,154.1890875,66.48092559779937,0.01123125,Herbicide Growth Damage
augmented_Herbicide Growth Damage0763.jpg,160.77485625,175.8096546875,148.0065796875,64.91876686823387,0.0040140625,Herbicide Growth Damage
augmented_Herbicide Growth Damage0764.jpg,161.5329390625,176.64621875,148.7938984375,65.28623819636964,0.004325,Herbicide Growth Damage
augmented_Herbicide Growth Damage0765.jpg,161.5478515625,176.6501671875,148.79539375,65.26663293632436,0.003971875,Herbicide Growth Damage
augmented_Herbicide Growth Damage0766.jpg,161.1292640625,173.51710625,156.9666765625,71.64867790969984,0.3648890625,Herbicide Growth Damage
augmented_Herbicide Growth Damage0767.jpg,171.54345,185.62218125,157.9353609375,70.6300882469157,0.0590359375,Herbicide Growth Damage
augmented_Herbicide Growth Damage0768.jpg,163.2802828125,178.5709125,149.367684375,68.06714165639589,0.0602,Herbicide Growth Damage
augmented_Herbicide Growth Damage0769.jpg,162.099496875,173.916059375,157.6209125,72.90910267430495,0.3663859375,Herbicide Growth Damage
augmented_Herbicide Growth Damage0770.jpg,165.23284375,180.378153125,151.7705203125,69.12696850664756,0.0659125,Herbicide Growth Damage
augmented_Herbicide Growth Damage0771.jpg,170.60724375,185.131703125,157.521034375,73.25975594183618,0.0622890625,Herbicide Growth Damage
augmented_Herbicide Growth Damage0772.jpg,164.5764859375,179.5377078125,151.095178125,69.17349210438307,0.0638296875,Herbicide Growth Damage
augmented_Herbicide Growth Damage0773.jpg,164.5586984375,179.5108078125,151.15423125,69.32892077961822,0.06586875,Herbicide Growth Damage
augmented_Herbicide Growth Damage0774.jpg,187.74261875,203.642634375,171.6802640625,76.50024539157293,0.0381375,Herbicide Growth Damage
augmented_Herbicide Growth Damage0775.jpg,161.56645625,176.7283,147.20074375,66.01588331790765,0.03265,Herbicide Growth Damage
augmented_Herbicide Growth Damage0776.jpg,161.56645625,176.7283,147.20074375,66.01588331790765,0.03265,Herbicide Growth Damage
augmented_Herbicide Growth Damage0777.jpg,148.464909375,167.8632296875,139.67270625,83.46337210602051,0.02316875,Herbicide Growth Damage
augmented_Herbicide Growth Damage0778.jpg,156.178915625,173.301665625,148.0698046875,82.39018509656643,0.0273140625,Herbicide Growth Damage
augmented_Herbicide Growth Damage0779.jpg,156.178915625,173.301665625,148.0698046875,82.39018509656643,0.0273140625,Herbicide Growth Damage
augmented_Herbicide Growth Damage0780.jpg,153.726384375,171.3306703125,144.88880625,80.42709499785254,0.0258359375,Herbicide Growth Damage
augmented_Herbicide Growth Damage0781.jpg,146.661071875,164.71680625,137.93443125,81.83749351819927,0.0363375,Herbicide Growth Damage
augmented_Herbicide Growth Damage0782.jpg,152.1212796875,160.7781234375,152.91628125,79.83401143899853,0.364265625,Herbicide Growth Damage
augmented_Herbicide Growth Damage0783.jpg,152.044228125,160.760815625,152.9461734375,79.88381923169288,0.364578125,Herbicide Growth Damage
augmented_Herbicide Growth Damage0784.jpg,160.4300546875,178.49515625,151.750421875,76.11943927078758,0.014271875,Herbicide Growth Damage
augmented_Herbicide Growth Damage0785.jpg,168.870565625,184.8982546875,161.8901078125,74.3647920628764,0.02698125,Herbicide Growth Damage
augmented_Herbicide Growth Damage0786.jpg,166.6147234375,174.11605,168.3153234375,72.50523670422785,0.362578125,Herbicide Growth Damage
augmented_Herbicide Growth Damage0787.jpg,170.042334375,184.7231015625,164.23926875,75.21552861963772,0.0252390625,Herbicide Growth Damage
augmented_Herbicide Growth Damage0788.jpg,82.0610671875,95.2971546875,76.9101640625,41.641892738675736,0.0248890625,Herbicide Growth Damage
augmented_Herbicide Growth Damage0789.jpg,148.2651109375,166.9748125,139.2640765625,76.5738620936613,0.046925,Herbicide Growth Damage
augmented_Herbicide Growth Damage0790.jpg,149.9091703125,161.4960140625,154.5152875,76.30124286782798,0.362965625,Herbicide Growth Damage
augmented_Herbicide Growth Damage0791.jpg,152.9161703125,171.3942890625,143.6359046875,72.0979439216621,0.00801875,Herbicide Growth Damage
augmented_Herbicide Growth Damage0792.jpg,152.9245921875,171.3929953125,143.6309546875,72.08181666829438,0.00765625,Herbicide Growth Damage
augmented_Herbicide Growth Damage0793.jpg,161.1659921875,178.6822953125,152.485346875,79.19652945749009,0.0075421875,Herbicide Growth Damage
augmented_Herbicide Growth Damage0794.jpg,162.4119125,179.3309296875,154.289175,73.6907724197016,0.0087703125,Herbicide Growth Damage
augmented_Herbicide Growth Damage0795.jpg,110.2141953125,137.1986953125,94.3698734375,72.71887577303691,0.0469046875,Herbicide Growth Damage
augmented_Herbicide Growth Damage0796.jpg,112.652565625,139.4212015625,96.6922703125,76.75737906756481,0.045765625,Herbicide Growth Damage
augmented_Herbicide Growth Damage0797.jpg,113.7614078125,140.3002734375,97.6240765625,78.34367304478008,0.0452359375,Herbicide Growth Damage
augmented_Herbicide Growth Damage0798.jpg,121.9314296875,146.9962609375,107.5891359375,80.01398690841246,0.0452640625,Herbicide Growth Damage
augmented_Herbicide Growth Damage0799.jpg,139.70873125,160.0922671875,130.5664421875,78.10463890168529,0.0345390625,Herbicide Growth Damage
augmented_Herbicide Growth Damage0800.jpg,151.0352171875,169.48614375,142.966990625,80.58254422466817,0.033746875,Herbicide Growth Damage
augmented_Herbicide Growth Damage0801.jpg,151.0352171875,169.48614375,142.966990625,80.58254422466817,0.033746875,Herbicide Growth Damage
augmented_Herbicide Growth Damage0802.jpg,138.9469109375,159.3261625,129.783871875,78.20419233060665,0.0340234375,Herbicide Growth Damage
augmented_Herbicide Growth Damage0803.jpg,158.03420625,177.8219640625,147.9836609375,94.06800559691426,0.047684375,Herbicide Growth Damage
augmented_Herbicide Growth Damage0804.jpg,143.3065125,162.7274625,133.8058484375,85.771873516821,0.0428328125,Herbicide Growth Damage
augmented_Herbicide Growth Damage0805.jpg,144.570903125,154.8783734375,149.5960640625,83.92386030396325,0.37129375,Herbicide Growth Damage
augmented_Herbicide Growth Damage0806.jpg,143.3293921875,162.7241734375,133.8640171875,85.82193192911525,0.0430234375,Herbicide Growth Damage
augmented_Herbicide Growth Damage0807.jpg,156.6284359375,173.6758328125,148.5585109375,85.37415839172466,0.0408046875,Herbicide Growth Damage
augmented_Herbicide Growth Damage0808.jpg,156.6284359375,173.6758328125,148.5585109375,85.37415839172466,0.0408046875,Herbicide Growth Damage
augmented_Herbicide Growth Damage0809.jpg,155.0626015625,171.8537203125,143.8059765625,71.31517440668192,0.0317734375,Herbicide Growth Damage
augmented_Herbicide Growth Damage0810.jpg,155.1043921875,171.85186875,143.903965625,71.39388750636516,0.03231875,Herbicide Growth Damage
augmented_Herbicide Growth Damage0811.jpg,155.1043921875,171.85186875,143.903965625,71.39388750636516,0.03231875,Herbicide Growth Damage
augmented_Herbicide Growth Damage0812.jpg,163.199515625,178.7133890625,156.1084234375,65.16235952161627,0.0211390625,Herbicide Growth Damage
augmented_Herbicide Growth Damage0813.jpg,164.639590625,175.3751890625,166.0498890625,68.12287089541591,0.357596875,Herbicide Growth Damage
augmented_Herbicide Growth Damage0814.jpg,155.9679625,167.347321875,152.68345625,74.90941332632983,0.3633734375,Herbicide Growth Damage
augmented_Herbicide Growth Damage0815.jpg,155.9916015625,167.356815625,152.550946875,74.83465992778048,0.362971875,Herbicide Growth Damage
augmented_Herbicide Growth Damage0816.jpg,157.3606421875,171.6533765625,145.511490625,72.5324903738218,0.0195859375,Herbicide Growth Damage
augmented_Herbicide Growth Damage0817.jpg,160.764215625,169.7469671875,164.8367703125,74.22392639694296,0.3634515625,Herbicide Growth Damage
augmented_Herbicide Growth Damage0818.jpg,158.581921875,174.6498015625,153.256684375,74.14452881973547,0.02463125,Herbicide Growth Damage
augmented_Herbicide Growth Damage0819.jpg,170.5636265625,184.930271875,165.7139234375,79.16080531676869,0.0221796875,Herbicide Growth Damage
augmented_Herbicide Growth Damage0820.jpg,151.08966875,168.1737625,140.203515625,80.97215456415981,0.0327453125,Herbicide Growth Damage
augmented_Herbicide Growth Damage0821.jpg,151.08966875,168.1737625,140.203515625,80.97215456415981,0.0327453125,Herbicide Growth Damage
augmented_Herbicide Growth Damage0822.jpg,150.3831515625,167.4873796875,139.539390625,80.91847698976788,0.03094375,Herbicide Growth Damage
augmented_Herbicide Growth Damage0823.jpg,151.0677703125,168.1950328125,140.17839375,80.8810020363297,0.0331140625,Herbicide Growth Damage
augmented_Herbicide Growth Damage0824.jpg,70.56411875,86.3966890625,62.942615625,46.131544013644,0.0260203125,Herbicide Growth Damage
augmented_Herbicide Growth Damage0825.jpg,152.4762921875,171.778928125,141.41766875,91.64728048480218,0.0513,Herbicide Growth Damage
augmented_Herbicide Growth Damage0826.jpg,141.2207390625,162.86784375,129.486528125,87.9071983819585,0.0591328125,Herbicide Growth Damage
augmented_Herbicide Growth Damage0827.jpg,161.2412703125,175.9934671875,155.73704375,70.15110240124083,0.018840625,Herbicide Growth Damage
augmented_Herbicide Growth Damage0828.jpg,166.6106671875,180.8204203125,161.18684375,74.831490256246,0.0179984375,Herbicide Growth Damage
augmented_Herbicide Growth Damage0829.jpg,156.601484375,171.695565625,150.7607390625,66.15996146733428,0.0203484375,Herbicide Growth Damage
augmented_Herbicide Growth Damage0830.jpg,152.8393796875,166.890746875,148.8796578125,72.46122233840781,0.3612203125,Herbicide Growth Damage
augmented_Herbicide Growth Damage0831.jpg,155.7966859375,171.4593875,139.4306765625,68.5391083326669,0.0547328125,Herbicide Growth Damage
augmented_Herbicide Growth Damage0832.jpg,155.7966859375,171.4593875,139.4306765625,68.5391083326669,0.0547328125,Herbicide Growth Damage
augmented_Herbicide Growth Damage0833.jpg,155.0571265625,170.7490390625,138.843928125,68.58450590392624,0.051221875,Herbicide Growth Damage
augmented_Herbicide Growth Damage0834.jpg,160.809196875,175.005603125,144.4596625,65.33581239443058,0.070478125,Herbicide Growth Damage
augmented_Herbicide Growth Damage0835.jpg,169.201271875,182.5096125,154.6546625,66.41577527804127,0.063846875,Herbicide Growth Damage
augmented_Herbicide Growth Damage0836.jpg,159.8863125,174.356171875,143.632865625,65.24114043268978,0.0668265625,Herbicide Growth Damage
augmented_Herbicide Growth Damage0837.jpg,145.192978125,161.991440625,133.826115625,71.71566019872489,0.3630875,Herbicide Growth Damage
augmented_Herbicide Growth Damage0838.jpg,145.188928125,161.9003828125,133.91574375,71.71579403215407,0.3611796875,Herbicide Growth Damage
augmented_Herbicide Growth Damage0839.jpg,170.49630625,183.7394890625,157.1152328125,55.43792865067334,0.0125609375,Herbicide Growth Damage
augmented_Herbicide Growth Damage0840.jpg,170.49630625,183.7394890625,157.1152328125,55.43792865067334,0.0125609375,Herbicide Growth Damage
augmented_Herbicide Growth Damage0841.jpg,167.4056984375,179.8045078125,160.9220671875,62.700408089380446,0.3579375,Herbicide Growth Damage
augmented_Herbicide Growth Damage0842.jpg,167.4528015625,179.787359375,160.96366875,62.73401529698551,0.356434375,Herbicide Growth Damage
augmented_Herbicide Growth Damage0843.jpg,184.9398,196.7194796875,173.1405125,60.50688288121618,0.0100953125,Herbicide Growth Damage
augmented_Herbicide Growth Damage0844.jpg,179.980565625,192.320134375,168.6700296875,55.537559233607624,0.0114265625,Herbicide Growth Damage
augmented_Herbicide Growth Damage0845.jpg,162.6868265625,177.7812015625,141.4415703125,62.36745918947067,0.008121875,Herbicide Growth Damage
augmented_Herbicide Growth Damage0846.jpg,170.54555625,184.62620625,150.2102375,66.76922496150861,0.00871875,Herbicide Growth Damage
augmented_Herbicide Growth Damage0847.jpg,162.0850546875,177.14465,140.7268078125,62.556385137129226,0.00803125,Herbicide Growth Damage
augmented_Herbicide Growth Damage0848.jpg,150.3546,168.927896875,125.8127890625,67.7708601915364,0.0189375,Herbicide Growth Damage
augmented_Herbicide Growth Damage0849.jpg,150.3765171875,168.9333828125,125.8231109375,67.7667987648934,0.0178390625,Herbicide Growth Damage
augmented_Herbicide Growth Damage0850.jpg,150.3765171875,168.9333828125,125.8231109375,67.7667987648934,0.0178390625,Herbicide Growth Damage
augmented_Herbicide Growth Damage0851.jpg,161.38615,178.4480234375,139.6491125,69.67827754314573,0.017553125,Herbicide Growth Damage
augmented_Herbicide Growth Damage0852.jpg,161.38615,178.4480234375,139.6491125,69.67827754314573,0.017553125,Herbicide Growth Damage
augmented_Herbicide Growth Damage0853.jpg,150.6015609375,166.048946875,136.7066203125,63.11727278967484,0.0578515625,Herbicide Growth Damage
augmented_Herbicide Growth Damage0854.jpg,162.3749421875,178.8041203125,147.702878125,68.1482767431613,0.0630265625,Herbicide Growth Damage
augmented_Herbicide Growth Damage0855.jpg,162.3749421875,178.8041203125,147.702878125,68.1482767431613,0.0630265625,Herbicide Growth Damage
augmented_Herbicide Growth Damage0856.jpg,194.2975546875,205.1506953125,187.09845625,60.85495097645205,0.0408265625,Herbicide Growth Damage
augmented_Herbicide Growth Damage0857.jpg,190.130603125,201.79069375,181.710409375,62.782524278959926,0.0432859375,Herbicide Growth Damage
augmented_Herbicide Growth Damage0858.jpg,175.37129375,189.478528125,163.9811328125,66.41956080040009,0.0575265625,Herbicide Growth Damage
augmented_Herbicide Growth Damage0859.jpg,151.81798125,168.7283578125,135.140315625,65.98577928155713,0.024134375,Herbicide Growth Damage
augmented_Herbicide Growth Damage0860.jpg,159.694403125,175.94339375,142.2689640625,74.76383157114367,0.021278125,Herbicide Growth Damage
augmented_Herbicide Growth Damage0861.jpg,151.0839515625,168.048071875,134.3567609375,66.15245452892626,0.02165,Herbicide Growth Damage
augmented_Herbicide Growth Damage0862.jpg,151.07451875,168.0425671875,134.3316046875,66.11699392304693,0.018746875,Herbicide Growth Damage
augmented_Herbicide Growth Damage0863.jpg,148.569071875,167.38425,123.342815625,73.46012904779921,0.0343734375,Herbicide Growth Damage
augmented_Herbicide Growth Damage0864.jpg,144.5075296875,162.9692125,120.101890625,71.4147954297492,0.0329546875,Herbicide Growth Damage
augmented_Herbicide Growth Damage0865.jpg,144.5075296875,162.9692125,120.101890625,71.4147954297492,0.0329546875,Herbicide Growth Damage
augmented_Herbicide Growth Damage0866.jpg,139.4898265625,156.490090625,126.529003125,73.77878623401851,0.3668015625,Herbicide Growth Damage
augmented_Herbicide Growth Damage0867.jpg,139.5756625,156.49454375,126.478946875,73.81736754784251,0.36538125,Herbicide Growth Damage
augmented_Herbicide Growth Damage0868.jpg,170.8059453125,182.309721875,161.7044390625,61.04140777922338,0.0192375,Herbicide Growth Damage
augmented_Herbicide Growth Damage0869.jpg,169.1687171875,178.85711875,165.8156109375,65.8851952707186,0.358434375,Herbicide Growth Damage
augmented_Herbicide Growth Damage0870.jpg,185.751103125,195.0982046875,179.6413078125,54.69697116345598,0.0165359375,Herbicide Growth Damage
augmented_Herbicide Growth Damage0871.jpg,185.6928046875,201.740996875,163.7900109375,76.18716938565645,0.0437421875,Herbicide Growth Damage
augmented_Herbicide Growth Damage0872.jpg,152.8392796875,169.0621859375,135.0133484375,65.75058551188887,0.0313578125,Herbicide Growth Damage
augmented_Herbicide Growth Damage0873.jpg,150.0225609375,164.8606078125,142.0812171875,70.37944426094408,0.35905625,Herbicide Growth Damage
augmented_Herbicide Growth Damage0874.jpg,159.7698265625,175.2941,142.0096765625,73.340167195342,0.029303125,Herbicide Growth Damage
augmented_Herbicide Growth Damage0875.jpg,150.14325625,167.5286828125,130.6629625,72.67933223929914,0.1151359375,Herbicide Growth Damage
augmented_Herbicide Growth Damage0876.jpg,150.14325625,167.5286828125,130.6629625,72.67933223929914,0.1151359375,Herbicide Growth Damage
augmented_Herbicide Growth Damage0877.jpg,145.1032921875,160.6738546875,138.0838140625,75.33831573144425,0.3688890625,Herbicide Growth Damage
augmented_Herbicide Growth Damage0878.jpg,158.981496875,175.232675,141.5065875,74.45909946098075,0.106003125,Herbicide Growth Damage
augmented_Herbicide Growth Damage0879.jpg,161.3750359375,176.40218125,147.2546515625,67.59350697706238,0.0926203125,Herbicide Growth Damage
augmented_Herbicide Growth Damage0880.jpg,161.3750359375,176.40218125,147.2546515625,67.59350697706238,0.0926203125,Herbicide Growth Damage
augmented_Herbicide Growth Damage0881.jpg,158.139659375,171.3502125,157.7632203125,71.43100845753844,0.363559375,Herbicide Growth Damage
augmented_Herbicide Growth Damage0882.jpg,168.7405921875,182.9940015625,154.8653125,73.82493627323247,0.0896640625,Herbicide Growth Damage
augmented_Herbicide Growth Damage0883.jpg,160.5952234375,175.6285578125,146.315403125,67.3905020716929,0.0891125,Herbicide Growth Damage
augmented_Herbicide Growth Damage0884.jpg,167.4085265625,184.4182828125,145.733809375,78.85007600471526,0.1052125,Herbicide Growth Damage
augmented_Herbicide Growth Damage0885.jpg,153.164221875,169.085853125,133.1598078125,72.14819547717212,0.0977515625,Herbicide Growth Damage
augmented_Herbicide Growth Damage0886.jpg,153.164221875,169.085853125,133.1598078125,72.14819547717212,0.0977515625,Herbicide Growth Damage
augmented_Herbicide Growth Damage0887.jpg,157.1486515625,172.7410125,137.1528546875,75.75869285725567,0.093471875,Herbicide Growth Damage
augmented_Herbicide Growth Damage0888.jpg,152.2163953125,168.3280515625,132.379128125,71.97931348554461,0.092978125,Herbicide Growth Damage
augmented_Herbicide Growth Damage0889.jpg,152.2231375,168.33521875,132.553778125,72.11659413506024,0.0962953125,Herbicide Growth Damage
augmented_Herbicide Growth Damage0890.jpg,148.776446875,165.66381875,127.482525,73.97819880140032,0.0879953125,Herbicide Growth Damage
augmented_Herbicide Growth Damage0891.jpg,151.020371875,167.52525625,129.17833125,75.77772918899417,0.07896875,Herbicide Growth Damage
augmented_Herbicide Growth Damage0892.jpg,159.8623390625,178.4438828125,133.919703125,79.27218280844613,0.0814140625,Herbicide Growth Damage
augmented_Herbicide Growth Damage0893.jpg,135.5437296875,152.5179390625,127.415946875,74.61188394435153,0.3674625,Herbicide Growth Damage
augmented_Herbicide Growth Damage0894.jpg,142.93084375,161.263746875,120.90251875,74.13455792546206,0.0685203125,Herbicide Growth Damage
augmented_Herbicide Growth Damage0895.jpg,153.7467578125,170.183428125,133.5825484375,70.15475626305262,0.0411328125,Herbicide Growth Damage
augmented_Herbicide Growth Damage0896.jpg,173.1193734375,186.709875,154.544559375,74.7291978523118,0.0373671875,Herbicide Growth Damage
augmented_Herbicide Growth Damage0897.jpg,176.0249859375,189.1093453125,158.1033703125,74.0295795695349,0.0375,Herbicide Growth Damage
augmented_Herbicide Growth Damage0898.jpg,102.5811671875,114.9424859375,93.2530953125,44.79956957407583,0.05445,Herbicide Growth Damage
augmented_Herbicide Growth Damage0899.jpg,164.2788421875,178.994215625,151.4969953125,71.05811587536661,0.08303125,Herbicide Growth Damage
augmented_Herbicide Growth Damage0900.jpg,155.2216078125,171.0639015625,140.9019671875,68.90960405163139,0.0815109375,Herbicide Growth Damage
augmented_Herbicide Growth Damage0901.jpg,149.9041671875,166.801084375,132.64876875,69.81124062094575,0.05595625,Herbicide Growth Damage
augmented_Herbicide Growth Damage0902.jpg,149.89063125,166.79555625,132.632715625,69.86005074174125,0.0549640625,Herbicide Growth Damage
augmented_Herbicide Growth Damage0903.jpg,136.0787046875,151.2859953125,117.347109375,65.40012502290061,0.0248234375,Herbicide Growth Damage
augmented_Herbicide Growth Damage0904.jpg,146.1674875,162.1106359375,125.7143359375,70.31812251558198,0.028146875,Herbicide Growth Damage
augmented_Herbicide Growth Damage0905.jpg,146.2188953125,162.151696875,125.7979203125,70.3385785125552,0.0282375,Herbicide Growth Damage
augmented_Herbicide Growth Damage0906.jpg,149.4062875,165.408234375,128.61974375,74.74680203127498,0.0264921875,Herbicide Growth Damage
augmented_Herbicide Growth Damage0907.jpg,145.5016984375,161.4018578125,125.116434375,70.4977147750904,0.02758125,Herbicide Growth Damage
augmented_Herbicide Growth Damage0908.jpg,145.503496875,161.400084375,125.120184375,70.50830163949196,0.0275796875,Herbicide Growth Damage
augmented_Herbicide Growth Damage0909.jpg,129.1071546875,149.0813546875,115.3481640625,72.84735542097945,0.3731078125,Herbicide Growth Damage
augmented_Herbicide Growth Damage0910.jpg,128.997603125,149.120675,115.3392890625,72.84728555231142,0.37273125,Herbicide Growth Damage
augmented_Herbicide Growth Damage0911.jpg,150.333934375,168.609246875,127.0894109375,77.79425974805275,0.152478125,Herbicide Growth Damage
augmented_Herbicide Growth Damage0912.jpg,137.0561359375,157.3973640625,110.157634375,74.96687299525254,0.1624109375,Herbicide Growth Damage
augmented_Herbicide Growth Damage0913.jpg,137.0528046875,157.3765203125,110.2103328125,75.03390834748377,0.165228125,Herbicide Growth Damage
augmented_Herbicide Growth Damage0914.jpg,74.7960609375,88.337284375,58.1569203125,37.85368941895196,0.0735125,Herbicide Growth Damage
augmented_Herbicide Growth Damage0915.jpg,128.908903125,148.493096875,114.4577265625,70.20755154758209,0.3710984375,Herbicide Growth Damage
augmented_Herbicide Growth Damage0916.jpg,140.629534375,160.2212328125,109.39770625,74.18673841141074,0.139146875,Herbicide Growth Damage
augmented_Herbicide Growth Damage0917.jpg,141.4727421875,161.016021875,111.6740640625,75.14350568681392,0.145840625,Herbicide Growth Damage
augmented_Herbicide Growth Damage0918.jpg,161.3224046875,176.9627921875,151.94129375,87.43253210874133,0.03033125,Herbicide Growth Damage
augmented_Herbicide Growth Damage0919.jpg,149.8848140625,166.4700328125,139.3635171875,81.08620805480493,0.0312046875,Herbicide Growth Damage
augmented_Herbicide Growth Damage0920.jpg,149.897953125,166.4853609375,139.410209375,81.09263423639634,0.031359375,Herbicide Growth Damage
augmented_Herbicide Growth Damage0921.jpg,138.1846359375,152.1790765625,129.6019734375,64.94693820297319,0.021471875,Herbicide Growth Damage
augmented_Herbicide Growth Damage0922.jpg,159.8597,175.900659375,149.3361453125,75.56494897145288,0.0254109375,Herbicide Growth Damage
augmented_Herbicide Growth Damage0923.jpg,159.86960625,175.88533125,149.3629078125,75.60897476194432,0.02579375,Herbicide Growth Damage
augmented_Herbicide Growth Damage0924.jpg,118.761125,130.7803703125,110.6485359375,53.01036489098088,0.0138203125,Herbicide Growth Damage
augmented_Herbicide Growth Damage0925.jpg,140.0787546875,153.247075,130.9352703125,62.782475105115985,0.0188109375,Herbicide Growth Damage
augmented_Herbicide Growth Damage0926.jpg,160.3686296875,175.5789125,149.1995171875,72.75273012272667,0.0233390625,Herbicide Growth Damage
augmented_Herbicide Growth Damage0927.jpg,160.3639828125,175.572665625,149.1759671875,72.74288072730091,0.0228171875,Herbicide Growth Damage
augmented_Herbicide Growth Damage0928.jpg,141.850615625,161.3222765625,127.5350796875,87.92574104041485,0.014709375,Herbicide Growth Damage
augmented_Herbicide Growth Damage0929.jpg,137.2635203125,156.384428125,123.4878828125,85.09555091582988,0.0138453125,Herbicide Growth Damage
augmented_Herbicide Growth Damage0930.jpg,139.3629515625,150.2613,141.425065625,82.55525964109673,0.3674125,Herbicide Growth Damage
augmented_Herbicide Growth Damage0931.jpg,182.1111875,200.641959375,172.2191953125,86.06294106714768,0.0432671875,Herbicide Growth Damage
augmented_Herbicide Growth Damage0932.jpg,154.7873359375,173.5151015625,143.977465625,80.16357329757464,0.0309453125,Herbicide Growth Damage
augmented_Herbicide Growth Damage0933.jpg,147.33966875,165.607709375,136.8567046875,76.25420449662153,0.0286546875,Herbicide Growth Damage
augmented_Herbicide Growth Damage0934.jpg,118.182440625,130.2777890625,112.71053125,53.36210836764367,0.0131671875,Herbicide Growth Damage
augmented_Herbicide Growth Damage0935.jpg,163.4074125,171.811890625,164.7337953125,74.55705184756896,0.3634640625,Herbicide Growth Damage
augmented_Herbicide Growth Damage0936.jpg,161.8940984375,176.2410234375,154.40449375,73.74243088749297,0.0204296875,Herbicide Growth Damage
augmented_Herbicide Growth Damage0937.jpg,177.353503125,189.4594140625,171.10633125,67.8178249306922,0.0171828125,Herbicide Growth Damage
augmented_Herbicide Growth Damage0938.jpg,85.7969265625,98.6592421875,76.4210203125,50.0285550225463,0.005128125,Herbicide Growth Damage
augmented_Herbicide Growth Damage0939.jpg,160.766265625,177.5891125,144.9188046875,94.10296170144741,0.0173453125,Herbicide Growth Damage
augmented_Herbicide Growth Damage0940.jpg,138.1374828125,150.6478125,140.55071875,86.64483707359804,0.370828125,Herbicide Growth Damage
augmented_Herbicide Growth Damage0941.jpg,152.6438875,170.279921875,136.14344375,90.24028500418379,0.016921875,Herbicide Growth Damage
augmented_Herbicide Growth Damage0942.jpg,152.6438875,170.279921875,136.14344375,90.24028500418379,0.016921875,Herbicide Growth Damage
augmented_Herbicide Growth Damage0943.jpg,180.6532765625,194.1114421875,166.94775625,82.67517515469426,0.0117203125,Herbicide Growth Damage
augmented_Herbicide Growth Damage0944.jpg,163.41100625,179.4809859375,147.8873578125,88.70910615291476,0.014875,Herbicide Growth Damage
augmented_Herbicide Growth Damage0945.jpg,163.41100625,179.4809859375,147.8873578125,88.70910615291476,0.014875,Herbicide Growth Damage
augmented_Herbicide Growth Damage0946.jpg,151.9565734375,169.4136546875,135.6012328125,90.35274629578032,0.0142765625,Herbicide Growth Damage
augmented_Herbicide Growth Damage0947.jpg,151.9846015625,169.413996875,135.645359375,90.38045270531957,0.015146875,Herbicide Growth Damage
augmented_Herbicide Growth Damage0948.jpg,148.7855765625,165.5408734375,135.113853125,82.57711069490003,0.0110859375,Herbicide Growth Damage
augmented_Herbicide Growth Damage0949.jpg,147.9971109375,164.5440875,134.2611046875,82.05833546054198,0.0112015625,Herbicide Growth Damage
augmented_Herbicide Growth Damage0950.jpg,147.6852109375,158.3141171875,148.1432828125,81.67610687474301,0.36726875,Herbicide Growth Damage
augmented_Herbicide Growth Damage0951.jpg,147.9727390625,164.517009375,134.2290734375,82.05774552804381,0.0105703125,Herbicide Growth Damage
augmented_Herbicide Growth Damage0952.jpg,147.9727390625,164.517009375,134.2290734375,82.05774552804381,0.0105703125,Herbicide Growth Damage
augmented_Herbicide Growth Damage0953.jpg,147.9727390625,164.517009375,134.2290734375,82.05774552804381,0.0105703125,Herbicide Growth Damage
augmented_Herbicide Growth Damage0954.jpg,155.56638125,170.911128125,142.5469015625,86.44560259402276,0.0085453125,Herbicide Growth Damage
augmented_Herbicide Growth Damage0955.jpg,147.2543,163.7874625,133.6577703125,82.23687167564103,0.0111140625,Herbicide Growth Damage
augmented_Herbicide Growth Damage0956.jpg,147.3139625,163.84375625,133.722003125,82.21330668413447,0.0127453125,Herbicide Growth Damage
augmented_Herbicide Growth Damage0957.jpg,137.6245140625,156.7130484375,125.544378125,82.4559050697405,0.0376375,Herbicide Growth Damage
augmented_Herbicide Growth Damage0958.jpg,137.6245140625,156.7130484375,125.544378125,82.4559050697405,0.0376375,Herbicide Growth Damage
augmented_Herbicide Growth Damage0959.jpg,145.5356078125,163.6342421875,134.8307578125,84.72395603893321,0.0345765625,Herbicide Growth Damage
augmented_Herbicide Growth Damage0960.jpg,100.761703125,113.9886734375,93.6911453125,52.956736082370384,0.0162140625,Herbicide Growth Damage
augmented_Herbicide Growth Damage0961.jpg,151.8718,168.8600171875,140.9967984375,80.83281153102187,0.0328796875,Herbicide Growth Damage
augmented_Herbicide Growth Damage0962.jpg,151.05045625,168.01435,140.581409375,80.949071934513,0.033678125,Herbicide Growth Damage
augmented_Herbicide Growth Damage0963.jpg,151.0699140625,168.040525,140.622575,80.96688837627582,0.032121875,Herbicide Growth Damage
augmented_Herbicide Growth Damage0964.jpg,150.3424421875,159.6063828125,151.7739828125,81.86560371538872,0.3684640625,Herbicide Growth Damage
augmented_Herbicide Growth Damage0965.jpg,149.434728125,166.2347609375,139.3438671875,85.70375357475028,0.02204375,Herbicide Growth Damage
augmented_Herbicide Growth Damage0966.jpg,151.39785,167.9931796875,141.576340625,86.9782619742205,0.02466875,Herbicide Growth Damage
augmented_Herbicide Growth Damage0967.jpg,151.39785,167.9931796875,141.576340625,86.9782619742205,0.02466875,Herbicide Growth Damage
augmented_Herbicide Growth Damage0968.jpg,146.4417625,163.87118125,136.23780625,83.3989166753754,0.0244765625,Herbicide Growth Damage
augmented_Herbicide Growth Damage0969.jpg,138.0570546875,156.153809375,125.8049625,85.40302649607641,0.0528609375,Herbicide Growth Damage
augmented_Herbicide Growth Damage0970.jpg,138.0440984375,156.1835078125,125.7491328125,85.3731454494737,0.050771875,Herbicide Growth Damage
augmented_Herbicide Growth Damage0971.jpg,144.9903,161.5647484375,134.25230625,91.73087343514382,0.0453671875,Herbicide Growth Damage
augmented_Herbicide Growth Damage0972.jpg,182.0354546875,200.91259375,170.7946375,86.99729524644243,0.053084375,Herbicide Growth Damage
augmented_Herbicide Growth Damage0973.jpg,149.8955046875,167.5919421875,139.38145625,81.75743493622656,0.0332375,Herbicide Growth Damage
augmented_Herbicide Growth Damage0974.jpg,120.4034078125,137.8962046875,109.6773765625,73.2919531116406,0.016740625,Herbicide Growth Damage
augmented_Herbicide Growth Damage0975.jpg,121.6195609375,139.1450546875,110.832665625,74.06223256569463,0.01703125,Herbicide Growth Damage
augmented_Herbicide Growth Damage0976.jpg,137.53918125,157.0199203125,125.1086734375,84.04325842174947,0.0220640625,Herbicide Growth Damage
augmented_Herbicide Growth Damage0977.jpg,137.5436734375,157.0163625,125.0938078125,84.06409895747981,0.02173125,Herbicide Growth Damage
augmented_Herbicide Growth Damage0978.jpg,143.1056203125,161.8128328125,131.261796875,88.21006254229911,0.02045625,Herbicide Growth Damage
augmented_Herbicide Growth Damage0979.jpg,157.9125828125,173.550134375,146.5116859375,71.72343252835363,0.0237125,Herbicide Growth Damage
augmented_Herbicide Growth Damage0980.jpg,164.320953125,178.92554375,153.6987640625,77.00078831680824,0.0233296875,Herbicide Growth Damage
augmented_Herbicide Growth Damage0981.jpg,140.7316609375,158.6751640625,128.4983609375,82.93846486051936,0.0453796875,Herbicide Growth Damage
augmented_Herbicide Growth Damage0982.jpg,150.5700625,166.82323125,139.6033046875,87.61869559430541,0.0392921875,Herbicide Growth Damage
augmented_Herbicide Growth Damage0983.jpg,144.65130625,162.078415625,132.9765953125,87.20767696817177,0.044546875,Herbicide Growth Damage
augmented_Herbicide Growth Damage0984.jpg,140.01106875,157.9294390625,127.83455625,83.07910851529687,0.0430578125,Herbicide Growth Damage
augmented_Herbicide Growth Damage0985.jpg,149.0642796875,166.9038796875,130.1500203125,68.47470082711489,0.09535,Herbicide Growth Damage
augmented_Herbicide Growth Damage0986.jpg,146.9247015625,164.6864921875,128.324934375,67.55595642727374,0.094153125,Herbicide Growth Damage
augmented_Herbicide Growth Damage0987.jpg,149.041315625,166.8876703125,130.1256015625,68.47289710314898,0.0956515625,Herbicide Growth Damage
augmented_Herbicide Growth Damage0988.jpg,144.7135125,160.864425,139.62161875,71.55002350116386,0.366803125,Herbicide Growth Damage
augmented_Herbicide Growth Damage0989.jpg,154.0274796875,171.200440625,135.162946875,73.11576520100901,0.0937875,Herbicide Growth Damage
augmented_Herbicide Growth Damage0990.jpg,117.31199375,134.6140921875,95.60429375,54.18198515745591,0.0739640625,Herbicide Growth Damage
augmented_Herbicide Growth Damage0991.jpg,140.4177796875,160.008709375,114.2411703125,65.03517260672113,0.088575,Herbicide Growth Damage
augmented_Herbicide Growth Damage0992.jpg,140.4466828125,160.216459375,114.19413125,64.9777674504711,0.087790625,Herbicide Growth Damage
augmented_Herbicide Growth Damage0993.jpg,155.742821875,172.5044125,134.0626046875,72.8702969406175,0.0744171875,Herbicide Growth Damage
augmented_Herbicide Growth Damage0994.jpg,146.5929890625,165.4399578125,120.8044359375,70.11325341771274,0.0851328125,Herbicide Growth Damage
augmented_Herbicide Growth Damage0995.jpg,147.6683171875,164.92861875,131.7937,66.10926387480303,0.081159375,Herbicide Growth Damage
augmented_Herbicide Growth Damage0996.jpg,145.26585625,160.799821875,141.4062875,69.818150392117,0.3606171875,Herbicide Growth Damage
augmented_Herbicide Growth Damage0997.jpg,154.5751578125,172.2018046875,134.19006875,72.40380284152451,0.0542328125,Herbicide Growth Damage
augmented_Herbicide Growth Damage0998.jpg,146.667978125,163.7335640625,127.2128375,68.61466903011559,0.0509015625,Herbicide Growth Damage
augmented_Herbicide Growth Damage0999.jpg,145.793634375,162.9172984375,126.26544375,68.71422537995959,0.0482828125,Herbicide Growth Damage
augmented_Herbicide Growth Damage1000.jpg,145.76415625,162.8999078125,126.2177171875,68.7109285533988,0.0483921875,Herbicide Growth Damage
augmented_Leaf Hopper Jassids0001.jpg,137.83734375,151.038975,109.8846953125,28.888822170095143,0.08236875,Leaf Hopper Jassids
augmented_Leaf Hopper Jassids0002.jpg,137.83734375,151.038975,109.8846953125,28.888822170095143,0.08236875,Leaf Hopper Jassids
augmented_Leaf Hopper Jassids0003.jpg,137.8091578125,150.75376875,110.4392875,41.01277580517867,0.3542125,Leaf Hopper Jassids
augmented_Leaf Hopper Jassids0004.jpg,137.81450625,151.0366,109.8596921875,28.835191083512743,0.0819546875,Leaf Hopper Jassids
augmented_Leaf Hopper Jassids0005.jpg,147.731825,157.9838015625,119.0742859375,39.75377196129562,0.0645234375,Leaf Hopper Jassids
augmented_Leaf Hopper Jassids0006.jpg,130.221075,146.79874375,97.5777265625,39.61636529775606,0.040934375,Leaf Hopper Jassids
augmented_Leaf Hopper Jassids0007.jpg,130.21391875,146.789009375,97.568075,39.62441801417985,0.0406890625,Leaf Hopper Jassids
augmented_Leaf Hopper Jassids0008.jpg,114.918803125,151.5255203125,99.3091390625,46.58010870804899,0.04101875,Leaf Hopper Jassids
augmented_Leaf Hopper Jassids0009.jpg,103.1754546875,136.6423828125,89.072875,41.82100590734849,0.03635625,Leaf Hopper Jassids
augmented_Leaf Hopper Jassids0010.jpg,103.1754546875,136.6423828125,89.072875,41.82100590734849,0.03635625,Leaf Hopper Jassids
augmented_Leaf Hopper Jassids0011.jpg,103.1545515625,136.6283765625,89.0672859375,41.79245458405559,0.03570625,Leaf Hopper Jassids
augmented_Leaf Hopper Jassids0012.jpg,103.1545515625,136.6283765625,89.0672859375,41.79245458405559,0.03570625,Leaf Hopper Jassids
augmented_Leaf Hopper Jassids0013.jpg,128.89270625,157.367159375,115.345734375,63.330398941422786,0.0341421875,Leaf Hopper Jassids
augmented_Leaf Hopper Jassids0014.jpg,114.0465921875,146.64435625,103.880328125,36.671888409329114,0.0266546875,Leaf Hopper Jassids
augmented_Leaf Hopper Jassids0015.jpg,114.0465921875,146.64435625,103.880328125,36.671888409329114,0.0266546875,Leaf Hopper Jassids
augmented_Leaf Hopper Jassids0016.jpg,114.0465921875,146.64435625,103.880328125,36.671888409329114,0.0266546875,Leaf Hopper Jassids
augmented_Leaf Hopper Jassids0017.jpg,112.9966015625,145.6678859375,102.831878125,36.69480895398438,0.0264359375,Leaf Hopper Jassids
augmented_Leaf Hopper Jassids0018.jpg,110.5543484375,125.7251875,82.9684625,29.871695787997933,0.07680625,Leaf Hopper Jassids
augmented_Leaf Hopper Jassids0019.jpg,133.332678125,150.31355625,101.377425,46.0859626640652,0.3561203125,Leaf Hopper Jassids
augmented_Leaf Hopper Jassids0020.jpg,133.4267125,150.7495,100.520703125,36.02971712819358,0.0940015625,Leaf Hopper Jassids
augmented_Leaf Hopper Jassids0021.jpg,133.4267125,150.7495,100.520703125,36.02971712819358,0.0940015625,Leaf Hopper Jassids
augmented_Leaf Hopper Jassids0022.jpg,131.7634703125,146.9030703125,110.6507453125,51.63720895297341,0.0489296875,Leaf Hopper Jassids
augmented_Leaf Hopper Jassids0023.jpg,120.897653125,138.1960125,98.963078125,35.37175352043134,0.048921875,Leaf Hopper Jassids
augmented_Leaf Hopper Jassids0024.jpg,120.8950125,138.2165109375,98.963934375,35.318707693082075,0.048684375,Leaf Hopper Jassids
augmented_Leaf Hopper Jassids0025.jpg,126.819190625,143.002728125,104.4131859375,36.30197576754386,0.0614609375,Leaf Hopper Jassids
augmented_Leaf Hopper Jassids0026.jpg,126.807575,142.99990625,104.4050640625,36.26872768408431,0.0613265625,Leaf Hopper Jassids
augmented_Leaf Hopper Jassids0027.jpg,126.807575,142.99990625,104.4050640625,36.26872768408431,0.0613265625,Leaf Hopper Jassids
augmented_Leaf Hopper Jassids0028.jpg,125.8090671875,142.03215,103.3844390625,36.11948026741083,0.0588765625,Leaf Hopper Jassids
augmented_Leaf Hopper Jassids0029.jpg,151.444059375,161.5849078125,132.4469296875,61.36647270650474,0.02700625,Leaf Hopper Jassids
augmented_Leaf Hopper Jassids0030.jpg,142.37731875,160.0384078125,114.283321875,47.38316406346864,0.082840625,Leaf Hopper Jassids
augmented_Leaf Hopper Jassids0031.jpg,142.375590625,160.031984375,114.2635796875,47.41749757700046,0.084034375,Leaf Hopper Jassids
augmented_Leaf Hopper Jassids0032.jpg,150.6791296875,165.4605125,123.0417671875,55.85846003929953,0.0713703125,Leaf Hopper Jassids
augmented_Leaf Hopper Jassids0033.jpg,156.3062078125,177.3248703125,139.7923125,66.80528959965125,0.0700828125,Leaf Hopper Jassids
augmented_Leaf Hopper Jassids0034.jpg,140.332625,161.3899078125,121.6727265625,64.63808063561116,0.071990625,Leaf Hopper Jassids
augmented_Leaf Hopper Jassids0035.jpg,148.60809375,173.057084375,112.1248859375,39.790654550024364,0.024146875,Leaf Hopper Jassids
augmented_Leaf Hopper Jassids0036.jpg,105.602640625,124.396690625,77.671478125,32.14677047339865,0.02093125,Leaf Hopper Jassids
augmented_Leaf Hopper Jassids0037.jpg,105.042290625,123.864865625,77.3517078125,31.78442268722422,0.020771875,Leaf Hopper Jassids
augmented_Leaf Hopper Jassids0038.jpg,119.8673640625,134.4370734375,91.63639375,53.3778990028747,0.021834375,Leaf Hopper Jassids
augmented_Leaf Hopper Jassids0039.jpg,119.8673640625,134.4370734375,91.63639375,53.3778990028747,0.021834375,Leaf Hopper Jassids
augmented_Leaf Hopper Jassids0040.jpg,93.7103984375,123.6920296875,67.516015625,31.705475491962943,0.016534375,Leaf Hopper Jassids
augmented_Leaf Hopper Jassids0041.jpg,93.7103984375,123.6920296875,67.516015625,31.705475491962943,0.016534375,Leaf Hopper Jassids
augmented_Leaf Hopper Jassids0042.jpg,102.6027234375,130.2090734375,77.1840046875,46.863112689842204,0.017146875,Leaf Hopper Jassids
augmented_Leaf Hopper Jassids0043.jpg,106.079896875,132.696721875,80.8007609375,51.01762963238898,0.0170765625,Leaf Hopper Jassids
augmented_Leaf Hopper Jassids0044.jpg,149.49336875,160.9011015625,121.7252859375,38.74613004396346,0.0720890625,Leaf Hopper Jassids
augmented_Leaf Hopper Jassids0045.jpg,149.4758703125,160.9212671875,121.7174515625,38.714022597979096,0.072096875,Leaf Hopper Jassids
augmented_Leaf Hopper Jassids0046.jpg,148.4973625,159.928775,120.6980828125,38.69050424047134,0.070503125,Leaf Hopper Jassids
augmented_Leaf Hopper Jassids0047.jpg,106.734365625,126.324090625,80.440825,42.30056676972703,0.3462765625,Leaf Hopper Jassids
augmented_Leaf Hopper Jassids0048.jpg,106.7947703125,126.361328125,80.4031390625,42.22210557682115,0.346803125,Leaf Hopper Jassids
augmented_Leaf Hopper Jassids0049.jpg,104.7233203125,139.029009375,76.0480375,34.00185702451581,0.009178125,Leaf Hopper Jassids
augmented_Leaf Hopper Jassids0050.jpg,81.7934671875,109.6038859375,59.1338765625,26.558818889296095,0.00679375,Leaf Hopper Jassids
augmented_Leaf Hopper Jassids0051.jpg,61.409175,83.657303125,44.3481515625,19.64314031801236,0.00390625,Leaf Hopper Jassids
augmented_Leaf Hopper Jassids0052.jpg,96.1674921875,128.1587921875,69.520640625,31.351723735894538,0.008215625,Leaf Hopper Jassids
augmented_Leaf Hopper Jassids0053.jpg,110.9985890625,139.5753328125,85.6562390625,53.074221217901034,0.009340625,Leaf Hopper Jassids
augmented_Leaf Hopper Jassids0054.jpg,95.2021609375,127.182190625,68.5484703125,31.3385662665469,0.008771875,Leaf Hopper Jassids
augmented_Leaf Hopper Jassids0055.jpg,95.216546875,127.203453125,68.534109375,31.34257262210415,0.0086953125,Leaf Hopper Jassids
augmented_Leaf Hopper Jassids0056.jpg,139.5975875,165.7125640625,123.7993734375,36.80790542236528,0.0431375,Leaf Hopper Jassids
augmented_Leaf Hopper Jassids0057.jpg,170.538525,189.10086875,155.8595828125,52.367426937983026,0.0198203125,Leaf Hopper Jassids
augmented_Leaf Hopper Jassids0058.jpg,149.1596625,172.502403125,133.8083203125,46.37484773339968,0.0296078125,Leaf Hopper Jassids
augmented_Leaf Hopper Jassids0059.jpg,149.1596625,172.502403125,133.8083203125,46.37484773339968,0.0296078125,Leaf Hopper Jassids
augmented_Leaf Hopper Jassids0060.jpg,117.957246875,151.428290625,104.9192484375,36.90667915084899,0.026225,Leaf Hopper Jassids
augmented_Leaf Hopper Jassids0061.jpg,117.9525765625,151.408090625,104.90966875,36.844594923286834,0.0247921875,Leaf Hopper Jassids
augmented_Leaf Hopper Jassids0062.jpg,117.9525765625,151.408090625,104.90966875,36.844594923286834,0.0247921875,Leaf Hopper Jassids
augmented_Leaf Hopper Jassids0063.jpg,137.86401875,166.508234375,128.9402546875,58.75324694617615,0.0242390625,Leaf Hopper Jassids
augmented_Leaf Hopper Jassids0064.jpg,115.7737484375,130.866328125,93.6722484375,31.953517498335042,0.0896234375,Leaf Hopper Jassids
augmented_Leaf Hopper Jassids0065.jpg,185.090471875,202.7850484375,154.4259796875,42.4310297854903,0.0966765625,Leaf Hopper Jassids
augmented_Leaf Hopper Jassids0066.jpg,148.977,166.80804375,121.374209375,40.43365117927036,0.1117109375,Leaf Hopper Jassids
augmented_Leaf Hopper Jassids0067.jpg,131.695353125,148.0865203125,106.5001578125,36.29187113003435,0.102228125,Leaf Hopper Jassids
augmented_Leaf Hopper Jassids0068.jpg,131.683365625,148.098234375,106.5162546875,36.30273700283452,0.1010359375,Leaf Hopper Jassids
augmented_Leaf Hopper Jassids0069.jpg,143.6788921875,156.9903625,118.5352265625,48.133970712938826,0.0834453125,Leaf Hopper Jassids
augmented_Leaf Hopper Jassids0070.jpg,149.4150453125,185.5194078125,131.307278125,46.97674272242867,0.0945828125,Leaf Hopper Jassids
augmented_Leaf Hopper Jassids0071.jpg,135.2413453125,164.242434375,120.4249546875,48.23514374382114,0.0738390625,Leaf Hopper Jassids
augmented_Leaf Hopper Jassids0072.jpg,114.5459453125,146.0046546875,103.6811265625,41.35779097079561,0.0951515625,Leaf Hopper Jassids
augmented_Leaf Hopper Jassids0073.jpg,114.5459453125,146.0046546875,103.6811265625,41.35779097079561,0.0951515625,Leaf Hopper Jassids
augmented_Leaf Hopper Jassids0074.jpg,113.5726453125,145.0483578125,102.715646875,41.3665790612449,0.094115625,Leaf Hopper Jassids
augmented_Leaf Hopper Jassids0075.jpg,113.5918265625,145.047928125,102.7290109375,41.400918213291,0.095109375,Leaf Hopper Jassids
augmented_Leaf Hopper Jassids0076.jpg,129.3320984375,144.284328125,92.5912,29.686229362646543,0.047546875,Leaf Hopper Jassids
augmented_Leaf Hopper Jassids0077.jpg,129.1987234375,143.995459375,93.7111109375,41.651703226126315,0.354046875,Leaf Hopper Jassids
augmented_Leaf Hopper Jassids0078.jpg,129.3205109375,144.291325,92.59251875,29.67172808605003,0.047434375,Leaf Hopper Jassids
augmented_Leaf Hopper Jassids0079.jpg,128.3525234375,143.325859375,91.5998375,29.709402764196128,0.0486234375,Leaf Hopper Jassids
augmented_Leaf Hopper Jassids0080.jpg,110.1513484375,138.930021875,89.0986484375,34.1653398743499,0.042959375,Leaf Hopper Jassids
augmented_Leaf Hopper Jassids0081.jpg,123.8285109375,149.3622671875,104.25223125,50.95555054461545,0.032365625,Leaf Hopper Jassids
augmented_Leaf Hopper Jassids0082.jpg,104.3068921875,132.9007703125,91.113615625,54.44840943210664,0.072453125,Leaf Hopper Jassids
augmented_Leaf Hopper Jassids0083.jpg,90.6868578125,121.7524015625,76.1182078125,32.08934448449105,0.0793859375,Leaf Hopper Jassids
augmented_Leaf Hopper Jassids0084.jpg,90.65768125,121.7177671875,76.0907109375,31.874143451677032,0.0749953125,Leaf Hopper Jassids
augmented_Leaf Hopper Jassids0085.jpg,126.910071875,144.8210640625,104.9414078125,49.011274861238455,0.07085,Leaf Hopper Jassids
augmented_Leaf Hopper Jassids0086.jpg,126.902084375,144.824921875,104.9550453125,48.99151257827227,0.0701578125,Leaf Hopper Jassids
augmented_Leaf Hopper Jassids0087.jpg,146.67404375,161.829375,126.258178125,60.08576191825008,0.063928125,Leaf Hopper Jassids
augmented_Leaf Hopper Jassids0088.jpg,125.94100625,143.874953125,103.9939015625,48.92131958180401,0.069596875,Leaf Hopper Jassids
augmented_Leaf Hopper Jassids0089.jpg,128.579215625,149.0663,109.32151875,47.070769558021205,0.131440625,Leaf Hopper Jassids
augmented_Leaf Hopper Jassids0090.jpg,139.38666875,161.0975125,118.61684375,50.47126152056225,0.138021875,Leaf Hopper Jassids
augmented_Leaf Hopper Jassids0091.jpg,152.0657296875,171.4854796875,132.74841875,55.56022874308866,0.12604375,Leaf Hopper Jassids
augmented_Leaf Hopper Jassids0092.jpg,102.553353125,123.906834375,80.83596875,41.49372338494657,0.3472125,Leaf Hopper Jassids
augmented_Leaf Hopper Jassids0093.jpg,102.6141546875,123.99805,80.837609375,41.47486676817058,0.3476046875,Leaf Hopper Jassids
augmented_Leaf Hopper Jassids0094.jpg,102.7933078125,124.202259375,79.254075,29.720421260117515,0.01896875,Leaf Hopper Jassids
augmented_Leaf Hopper Jassids0095.jpg,101.8398296875,123.2332125,78.285115625,29.682321110784585,0.018459375,Leaf Hopper Jassids
augmented_Leaf Hopper Jassids0096.jpg,129.8918296875,153.482853125,112.3173671875,38.5333484670822,0.0874203125,Leaf Hopper Jassids
augmented_Leaf Hopper Jassids0097.jpg,128.9360546875,152.5248484375,111.3548125,38.364095735382506,0.0858109375,Leaf Hopper Jassids
augmented_Leaf Hopper Jassids0098.jpg,128.924709375,152.5463578125,111.3441359375,38.24408399249864,0.08373125,Leaf Hopper Jassids
augmented_Leaf Hopper Jassids0099.jpg,128.708746875,148.5986109375,109.82311875,38.373663518673524,0.09565,Leaf Hopper Jassids
augmented_Leaf Hopper Jassids0100.jpg,135.103771875,156.9506171875,119.7584375,51.1521560800432,0.0951140625,Leaf Hopper Jassids
augmented_Leaf Hopper Jassids0101.jpg,116.745546875,137.4080734375,93.58095625,44.8392902067061,0.355059375,Leaf Hopper Jassids
augmented_Leaf Hopper Jassids0102.jpg,148.40845625,164.3120796875,127.653,62.48078284646777,0.0674703125,Leaf Hopper Jassids
augmented_Leaf Hopper Jassids0103.jpg,125.2053515625,147.12035625,104.5789828125,51.45054111048261,0.0813109375,Leaf Hopper Jassids
augmented_Leaf Hopper Jassids0104.jpg,99.570490625,117.9943125,84.6104796875,31.04757271450288,0.091515625,Leaf Hopper Jassids
augmented_Leaf Hopper Jassids0105.jpg,127.042703125,149.0806953125,108.024965625,39.553483727052765,0.1141859375,Leaf Hopper Jassids
augmented_Leaf Hopper Jassids0106.jpg,126.3260296875,148.2127703125,108.556778125,48.58521548074375,0.3556765625,Leaf Hopper Jassids
augmented_Leaf Hopper Jassids0107.jpg,126.02500625,148.09656875,107.0209734375,39.12550567333763,0.1047078125,Leaf Hopper Jassids
augmented_Leaf Hopper Jassids0108.jpg,111.2513546875,136.9773890625,92.7239421875,34.284384286266196,0.0622953125,Leaf Hopper Jassids
augmented_Leaf Hopper Jassids0109.jpg,112.077684375,136.6900359375,93.8294640625,44.90190948503506,0.3536890625,Leaf Hopper Jassids
augmented_Leaf Hopper Jassids0110.jpg,112.07080625,136.6738890625,93.910315625,44.935376641905556,0.353734375,Leaf Hopper Jassids
augmented_Leaf Hopper Jassids0111.jpg,122.3363640625,146.5018,105.857884375,51.9634893275745,0.05634375,Leaf Hopper Jassids
augmented_Leaf Hopper Jassids0112.jpg,122.3363640625,146.5018,105.857884375,51.9634893275745,0.05634375,Leaf Hopper Jassids
augmented_Leaf Hopper Jassids0113.jpg,140.85389375,177.728853125,140.5717703125,35.54475851112852,0.0309625,Leaf Hopper Jassids
augmented_Leaf Hopper Jassids0114.jpg,137.766953125,174.5058953125,140.73431875,46.4177840150946,0.3555078125,Leaf Hopper Jassids
augmented_Leaf Hopper Jassids0115.jpg,140.8651296875,177.73309375,140.59048125,35.5102652843446,0.0308546875,Leaf Hopper Jassids
augmented_Leaf Hopper Jassids0116.jpg,139.3753296875,178.787390625,139.4074625,36.197951529065605,0.02800625,Leaf Hopper Jassids
augmented_Leaf Hopper Jassids0117.jpg,139.3753296875,178.787390625,139.4074625,36.197951529065605,0.02800625,Leaf Hopper Jassids
augmented_Leaf Hopper Jassids0118.jpg,137.1103515625,174.8922515625,139.5606734375,47.4785946921864,0.355775,Leaf Hopper Jassids
augmented_Leaf Hopper Jassids0119.jpg,139.3545171875,178.7937984375,139.4290921875,36.146384859885536,0.027434375,Leaf Hopper Jassids
augmented_Leaf Hopper Jassids0120.jpg,139.3545171875,178.7937984375,139.4290921875,36.146384859885536,0.027434375,Leaf Hopper Jassids
augmented_Leaf Hopper Jassids0121.jpg,145.3693390625,179.2502484375,141.804415625,30.22929547901276,0.0406984375,Leaf Hopper Jassids
augmented_Leaf Hopper Jassids0122.jpg,157.0560578125,192.659515625,159.5902296875,43.865028256038286,0.0356125,Leaf Hopper Jassids
augmented_Leaf Hopper Jassids0123.jpg,151.563365625,186.0511609375,151.16034375,39.92245544509461,0.042025,Leaf Hopper Jassids
augmented_Leaf Hopper Jassids0124.jpg,144.3582328125,178.2958234375,140.820725,30.246937676554182,0.042684375,Leaf Hopper Jassids
augmented_Leaf Hopper Jassids0125.jpg,142.6029296875,170.0033515625,134.397546875,35.261060572199824,0.0509984375,Leaf Hopper Jassids
augmented_Leaf Hopper Jassids0126.jpg,142.5710453125,169.988,134.3963828125,35.21165376312862,0.0491234375,Leaf Hopper Jassids
augmented_Leaf Hopper Jassids0127.jpg,131.532390625,170.3045703125,134.2818828125,46.05231562155546,0.03875,Leaf Hopper Jassids
augmented_Leaf Hopper Jassids0128.jpg,131.532390625,170.3045703125,134.2818828125,46.05231562155546,0.03875,Leaf Hopper Jassids
augmented_Leaf Hopper Jassids0129.jpg,122.762790625,163.1522890625,122.81755625,34.206647213580794,0.0401515625,Leaf Hopper Jassids
augmented_Leaf Hopper Jassids0130.jpg,128.4609015625,157.8176484375,116.4262296875,32.831845868402276,0.0373921875,Leaf Hopper Jassids
augmented_Leaf Hopper Jassids0131.jpg,128.4609015625,157.8176484375,116.4262296875,32.831845868402276,0.0373921875,Leaf Hopper Jassids
augmented_Leaf Hopper Jassids0132.jpg,135.33425625,166.7406765625,127.3165328125,45.70766684159907,0.0376359375,Leaf Hopper Jassids
augmented_Leaf Hopper Jassids0133.jpg,137.630003125,175.5136140625,139.3845625,31.744586796858737,0.0250296875,Leaf Hopper Jassids
augmented_Leaf Hopper Jassids0134.jpg,137.630003125,175.5136140625,139.3845625,31.744586796858737,0.0250296875,Leaf Hopper Jassids
augmented_Leaf Hopper Jassids0135.jpg,137.5987703125,175.5045234375,139.3904046875,31.79028822179107,0.025825,Leaf Hopper Jassids
augmented_Leaf Hopper Jassids0136.jpg,148.1387640625,180.7587296875,147.41146875,40.374921294074674,0.0191265625,Leaf Hopper Jassids
augmented_Leaf Hopper Jassids0137.jpg,147.9621984375,183.0615140625,150.394015625,41.500410806733534,0.02293125,Leaf Hopper Jassids
augmented_Leaf Hopper Jassids0138.jpg,112.8333953125,154.4020890625,111.128759375,35.337913452954375,0.0602640625,Leaf Hopper Jassids
augmented_Leaf Hopper Jassids0139.jpg,122.6165484375,166.274725,126.192621875,50.72069693798232,0.0536203125,Leaf Hopper Jassids
augmented_Leaf Hopper Jassids0140.jpg,120.0569328125,162.4039984375,123.8258734375,49.15129495654486,0.05615625,Leaf Hopper Jassids
augmented_Leaf Hopper Jassids0141.jpg,120.0569328125,162.4039984375,123.8258734375,49.15129495654486,0.05615625,Leaf Hopper Jassids
augmented_Leaf Hopper Jassids0142.jpg,180.4896078125,203.3028328125,164.17241875,37.91988895118593,0.0365984375,Leaf Hopper Jassids
augmented_Leaf Hopper Jassids0143.jpg,164.0200171875,184.66901875,147.233440625,36.36588874607876,0.034171875,Leaf Hopper Jassids
augmented_Leaf Hopper Jassids0144.jpg,148.73353125,169.1450609375,135.939403125,45.647555564425595,0.3559171875,Leaf Hopper Jassids
augmented_Leaf Hopper Jassids0145.jpg,148.678028125,169.1586125,135.9810453125,45.64939137547452,0.35601875,Leaf Hopper Jassids
augmented_Leaf Hopper Jassids0146.jpg,148.776975,169.1315703125,135.9612171875,45.682179061431405,0.3551921875,Leaf Hopper Jassids
augmented_Leaf Hopper Jassids0147.jpg,172.8338203125,189.67791875,161.3549375,48.82651971105041,0.0241546875,Leaf Hopper Jassids
augmented_Leaf Hopper Jassids0148.jpg,172.515328125,189.4461859375,161.144109375,48.71613190571234,0.024128125,Leaf Hopper Jassids
augmented_Leaf Hopper Jassids0149.jpg,171.9788890625,188.9735578125,160.4469578125,48.50784252980627,0.0242765625,Leaf Hopper Jassids
augmented_Leaf Hopper Jassids0150.jpg,130.6028453125,182.8711828125,126.1734625,32.94112585800472,0.041190625,Leaf Hopper Jassids
augmented_Leaf Hopper Jassids0151.jpg,129.6047015625,179.8850609375,126.5919921875,44.904397267186816,0.35445625,Leaf Hopper Jassids
augmented_Leaf Hopper Jassids0152.jpg,130.5646015625,182.8516171875,126.132459375,32.974023449432295,0.04228125,Leaf Hopper Jassids
augmented_Leaf Hopper Jassids0153.jpg,137.0350875,185.7434828125,131.73943125,38.68285761663183,0.0343671875,Leaf Hopper Jassids
augmented_Leaf Hopper Jassids0154.jpg,138.075225,188.6828828125,135.1972703125,43.075903334178136,0.04108125,Leaf Hopper Jassids
augmented_Leaf Hopper Jassids0155.jpg,129.5786609375,181.8947484375,125.13335625,32.913329511355826,0.03953125,Leaf Hopper Jassids
augmented_Leaf Hopper Jassids0156.jpg,120.426125,179.80515625,121.7387078125,36.9234070446634,0.0425375,Leaf Hopper Jassids
augmented_Leaf Hopper Jassids0157.jpg,120.4133984375,179.8064765625,121.7177703125,36.84595577313655,0.0408109375,Leaf Hopper Jassids
augmented_Leaf Hopper Jassids0158.jpg,120.4133984375,179.8064765625,121.7177703125,36.84595577313655,0.0408109375,Leaf Hopper Jassids
augmented_Leaf Hopper Jassids0159.jpg,127.537153125,186.3471921875,131.24046875,45.60973659243773,0.0418390625,Leaf Hopper Jassids
augmented_Leaf Hopper Jassids0160.jpg,128.60428125,185.2458984375,130.3375671875,46.861663416793526,0.0422609375,Leaf Hopper Jassids
augmented_Leaf Hopper Jassids0161.jpg,160.608675,212.9176375,159.745909375,38.44579098594628,0.145340625,Leaf Hopper Jassids
augmented_Leaf Hopper Jassids0162.jpg,153.9967390625,203.988475,151.97113125,38.627579509985765,0.144790625,Leaf Hopper Jassids
augmented_Leaf Hopper Jassids0163.jpg,130.217471875,172.13239375,126.0295359375,35.8932896651461,0.1275171875,Leaf Hopper Jassids
augmented_Leaf Hopper Jassids0164.jpg,130.217471875,172.13239375,126.0295359375,35.8932896651461,0.1275171875,Leaf Hopper Jassids
augmented_Leaf Hopper Jassids0165.jpg,130.2050171875,172.1532890625,126.0382015625,35.95970429386,0.128828125,Leaf Hopper Jassids
augmented_Leaf Hopper Jassids0166.jpg,130.2050171875,172.1532890625,126.0382015625,35.95970429386,0.128828125,Leaf Hopper Jassids
augmented_Leaf Hopper Jassids0167.jpg,130.2050171875,172.1532890625,126.0382015625,35.95970429386,0.128828125,Leaf Hopper Jassids
augmented_Leaf Hopper Jassids0168.jpg,144.572575,181.5267296875,139.9547,45.60230262701757,0.101484375,Leaf Hopper Jassids
augmented_Leaf Hopper Jassids0169.jpg,120.4574609375,168.2249453125,126.569,38.79595454887267,0.1174625,Leaf Hopper Jassids
augmented_Leaf Hopper Jassids0170.jpg,132.3648359375,178.02280625,140.794771875,48.66488300464171,0.1183609375,Leaf Hopper Jassids
augmented_Leaf Hopper Jassids0171.jpg,148.1476859375,183.5937234375,137.543225,54.36930716319646,0.0636171875,Leaf Hopper Jassids
augmented_Leaf Hopper Jassids0172.jpg,132.641603125,171.5127015625,118.7631578125,40.318677165407465,0.0655453125,Leaf Hopper Jassids
augmented_Leaf Hopper Jassids0173.jpg,124.0740328125,164.660496875,109.1070875,31.07649181791182,0.065953125,Leaf Hopper Jassids
augmented_Leaf Hopper Jassids0174.jpg,184.645803125,224.10765,159.2411390625,36.704905383770615,0.100609375,Leaf Hopper Jassids
augmented_Leaf Hopper Jassids0175.jpg,137.902846875,166.1788453125,113.446909375,35.2168649797529,0.084640625,Leaf Hopper Jassids
augmented_Leaf Hopper Jassids0176.jpg,146.808175,174.6413734375,124.9658734375,46.058913282211506,0.082509375,Leaf Hopper Jassids
augmented_Leaf Hopper Jassids0177.jpg,146.808175,174.6413734375,124.9658734375,46.058913282211506,0.082509375,Leaf Hopper Jassids
augmented_Leaf Hopper Jassids0178.jpg,136.968109375,165.2239171875,112.4748546875,35.2567623875105,0.0818140625,Leaf Hopper Jassids
augmented_Leaf Hopper Jassids0179.jpg,128.2101515625,161.9868125,108.2610234375,32.33619368198498,0.08578125,Leaf Hopper Jassids
augmented_Leaf Hopper Jassids0180.jpg,128.2101515625,161.9868125,108.2610234375,32.33619368198498,0.08578125,Leaf Hopper Jassids
augmented_Leaf Hopper Jassids0181.jpg,146.40601875,174.3479203125,127.7815421875,51.56049650052397,0.07669375,Leaf Hopper Jassids
augmented_Leaf Hopper Jassids0182.jpg,137.9405,170.4558078125,120.0716734375,45.120940726327355,0.080359375,Leaf Hopper Jassids
augmented_Leaf Hopper Jassids0183.jpg,132.5414015625,161.401303125,110.9813359375,32.78070499562308,0.0873,Leaf Hopper Jassids
augmented_Leaf Hopper Jassids0184.jpg,158.8728421875,179.5168453125,138.9816828125,55.07208559052415,0.0655171875,Leaf Hopper Jassids
augmented_Leaf Hopper Jassids0185.jpg,137.68865625,164.9922484375,116.625015625,39.62500674296065,0.08078125,Leaf Hopper Jassids
augmented_Leaf Hopper Jassids0186.jpg,142.343575,169.8707296875,123.0008046875,45.15827774157248,0.0812828125,Leaf Hopper Jassids
augmented_Leaf Hopper Jassids0187.jpg,131.5583,160.4201484375,109.971996875,32.65923606381762,0.083565625,Leaf Hopper Jassids
augmented_Leaf Hopper Jassids0188.jpg,141.55255625,169.12465625,133.455340625,37.89475798392173,0.06895625,Leaf Hopper Jassids
augmented_Leaf Hopper Jassids0189.jpg,148.1355421875,176.69594375,143.2325015625,47.10641719815332,0.0678203125,Leaf Hopper Jassids
augmented_Leaf Hopper Jassids0190.jpg,148.1355421875,176.69594375,143.2325015625,47.10641719815332,0.0678203125,Leaf Hopper Jassids
augmented_Leaf Hopper Jassids0191.jpg,194.8667125,226.8465765625,189.873078125,40.59042355191799,0.076228125,Leaf Hopper Jassids
augmented_Leaf Hopper Jassids0192.jpg,143.411071875,164.9437171875,129.0209109375,38.88001798684527,0.0662421875,Leaf Hopper Jassids
augmented_Leaf Hopper Jassids0193.jpg,140.82234375,163.1604375,129.20369375,48.09034516964813,0.36061875,Leaf Hopper Jassids
augmented_Leaf Hopper Jassids0194.jpg,157.331096875,177.3978796875,146.6024765625,50.871777886465146,0.0506171875,Leaf Hopper Jassids
augmented_Leaf Hopper Jassids0195.jpg,157.364540625,177.4248046875,146.642453125,50.88944778899365,0.05010625,Leaf Hopper Jassids
augmented_Leaf Hopper Jassids0196.jpg,192.4564109375,226.893021875,197.880078125,40.50526669461505,0.065353125,Leaf Hopper Jassids
augmented_Leaf Hopper Jassids0197.jpg,142.056253125,172.54358125,141.580571875,39.03671317304503,0.056934375,Leaf Hopper Jassids
augmented_Leaf Hopper Jassids0198.jpg,139.8545625,169.449821875,141.2863359375,48.83514218073396,0.359575,Leaf Hopper Jassids
augmented_Leaf Hopper Jassids0199.jpg,142.074984375,172.550153125,141.591028125,39.04213882801897,0.05660625,Leaf Hopper Jassids
augmented_Leaf Hopper Jassids0200.jpg,142.074984375,172.550153125,141.591028125,39.04213882801897,0.05660625,Leaf Hopper Jassids
augmented_Leaf Hopper Jassids0201.jpg,141.1052328125,171.5661765625,140.5906953125,39.00609254326445,0.0615375,Leaf Hopper Jassids
augmented_Leaf Hopper Jassids0202.jpg,88.876465625,117.4757765625,95.4508109375,22.315605867866573,0.008728125,Leaf Hopper Jassids
augmented_Leaf Hopper Jassids0203.jpg,131.38861875,170.77203125,140.584296875,33.18190485682844,0.02299375,Leaf Hopper Jassids
augmented_Leaf Hopper Jassids0204.jpg,137.15913125,175.2097640625,146.811065625,39.29725265092876,0.02194375,Leaf Hopper Jassids
augmented_Leaf Hopper Jassids0205.jpg,140.2818734375,177.375790625,149.590371875,41.80342014230863,0.022015625,Leaf Hopper Jassids
augmented_Leaf Hopper Jassids0206.jpg,139.429225,179.7135703125,151.9945671875,42.331033924820304,0.021525,Leaf Hopper Jassids
augmented_Leaf Hopper Jassids0207.jpg,141.883003125,167.46088125,146.0207,33.45399905773858,0.0332953125,Leaf Hopper Jassids
augmented_Leaf Hopper Jassids0208.jpg,141.883003125,167.46088125,146.0207,33.45399905773858,0.0332953125,Leaf Hopper Jassids
augmented_Leaf Hopper Jassids0209.jpg,141.8820046875,167.4711703125,145.99586875,33.39180954606363,0.032575,Leaf Hopper Jassids
augmented_Leaf Hopper Jassids0210.jpg,146.0512125,172.20269375,152.895915625,40.10021768753439,0.0325234375,Leaf Hopper Jassids
augmented_Leaf Hopper Jassids0211.jpg,140.90050625,166.4564453125,145.0216484375,33.4607862613813,0.0336765625,Leaf Hopper Jassids
augmented_Leaf Hopper Jassids0212.jpg,144.7589765625,171.8688453125,148.264525,39.2727053699468,0.0586,Leaf Hopper Jassids
augmented_Leaf Hopper Jassids0213.jpg,142.5741421875,169.025921875,147.9983984375,48.91787207202614,0.3578125,Leaf Hopper Jassids
augmented_Leaf Hopper Jassids0214.jpg,162.7873375,185.5524125,167.3284984375,52.89290811677423,0.0519828125,Leaf Hopper Jassids
augmented_Leaf Hopper Jassids0215.jpg,143.799940625,170.9218390625,147.2555453125,39.2233433098685,0.0577921875,Leaf Hopper Jassids
augmented_Leaf Hopper Jassids0216.jpg,143.8065109375,170.9292015625,147.283128125,39.15350121835558,0.058846875,Leaf Hopper Jassids
augmented_Leaf Hopper Jassids0217.jpg,106.9543203125,134.14165625,103.1642953125,32.08265250622151,0.0591171875,Leaf Hopper Jassids
augmented_Leaf Hopper Jassids0218.jpg,131.19101875,163.251390625,128.8335859375,48.42564904504207,0.3594859375,Leaf Hopper Jassids
augmented_Leaf Hopper Jassids0219.jpg,132.8611375,165.037840625,128.3251546875,39.73951987234212,0.0838828125,Leaf Hopper Jassids
augmented_Leaf Hopper Jassids0220.jpg,141.6460140625,174.038196875,139.641309375,47.337171539992504,0.0739796875,Leaf Hopper Jassids
augmented_Leaf Hopper Jassids0221.jpg,141.573484375,172.869690625,138.5641703125,49.40251875537318,0.0780765625,Leaf Hopper Jassids
augmented_Leaf Hopper Jassids0222.jpg,141.573484375,172.869690625,138.5641703125,49.40251875537318,0.0780765625,Leaf Hopper Jassids
augmented_Leaf Hopper Jassids0223.jpg,94.2657890625,136.3822953125,82.897778125,31.16346368525719,0.04248125,Leaf Hopper Jassids
augmented_Leaf Hopper Jassids0224.jpg,111.3082296875,160.2501765625,98.293859375,36.97561680651741,0.0540984375,Leaf Hopper Jassids
augmented_Leaf Hopper Jassids0225.jpg,116.6505578125,167.17880625,102.9794453125,38.588332748014324,0.05685,Leaf Hopper Jassids
augmented_Leaf Hopper Jassids0226.jpg,116.451896875,165.2519703125,106.50881875,47.877402354215484,0.3558484375,Leaf Hopper Jassids
augmented_Leaf Hopper Jassids0227.jpg,115.67625,166.2242546875,101.986259375,38.515650135234914,0.05460625,Leaf Hopper Jassids
augmented_Leaf Hopper Jassids0228.jpg,125.2358484375,168.108884375,105.467484375,38.63157719651873,0.0338,Leaf Hopper Jassids
augmented_Leaf Hopper Jassids0229.jpg,125.2358484375,168.108884375,105.467484375,38.63157719651873,0.0338,Leaf Hopper Jassids
augmented_Leaf Hopper Jassids0230.jpg,135.40393125,176.0798890625,117.035075,48.41507584540992,0.03303125,Leaf Hopper Jassids
augmented_Leaf Hopper Jassids0231.jpg,135.40393125,176.0798890625,117.035075,48.41507584540992,0.03303125,Leaf Hopper Jassids
augmented_Leaf Hopper Jassids0232.jpg,135.40393125,176.0798890625,117.035075,48.41507584540992,0.03303125,Leaf Hopper Jassids
augmented_Leaf Hopper Jassids0233.jpg,135.40393125,176.0798890625,117.035075,48.41507584540992,0.03303125,Leaf Hopper Jassids
augmented_Leaf Hopper Jassids0234.jpg,130.0574125,174.0676953125,131.498365625,36.10876732058867,0.132790625,Leaf Hopper Jassids
augmented_Leaf Hopper Jassids0235.jpg,127.4101328125,172.0104140625,131.149325,45.81608476646608,0.3603765625,Leaf Hopper Jassids
augmented_Leaf Hopper Jassids0236.jpg,149.59016875,186.1878890625,149.4479265625,50.45788521717889,0.10881875,Leaf Hopper Jassids
augmented_Leaf Hopper Jassids0237.jpg,142.1682546875,184.3274984375,145.952309375,44.16757259318045,0.131109375,Leaf Hopper Jassids
augmented_Leaf Hopper Jassids0238.jpg,132.66458125,172.109,127.970340625,35.39076873326759,0.108828125,Leaf Hopper Jassids
augmented_Leaf Hopper Jassids0239.jpg,131.6776125,171.19056875,126.99625,35.11757211592437,0.101784375,Leaf Hopper Jassids
augmented_Leaf Hopper Jassids0240.jpg,86.057540625,109.1687765625,81.5044625,23.1023705500998,0.0436078125,Leaf Hopper Jassids
augmented_Leaf Hopper Jassids0241.jpg,135.704253125,169.7844265625,131.515834375,46.9060884390851,0.356253125,Leaf Hopper Jassids
augmented_Leaf Hopper Jassids0242.jpg,135.6528234375,169.8760203125,131.5504625,46.907214785991066,0.3544328125,Leaf Hopper Jassids
augmented_Leaf Hopper Jassids0243.jpg,138.6017125,171.903071875,131.7949609375,37.06576325803004,0.0773,Leaf Hopper Jassids
augmented_Leaf Hopper Jassids0244.jpg,138.6017125,171.903071875,131.7949609375,37.06576325803004,0.0773,Leaf Hopper Jassids
augmented_Leaf Hopper Jassids0245.jpg,164.92170625,187.636359375,144.4393390625,60.697029220544636,0.032015625,Leaf Hopper Jassids
augmented_Leaf Hopper Jassids0246.jpg,132.1363875,157.7089890625,113.59525,57.80413271796814,0.03715625,Leaf Hopper Jassids
augmented_Leaf Hopper Jassids0247.jpg,132.1363875,157.7089890625,113.59525,57.80413271796814,0.03715625,Leaf Hopper Jassids
augmented_Leaf Hopper Jassids0248.jpg,156.5735671875,206.7507125,158.5538875,40.46249725793667,0.183365625,Leaf Hopper Jassids
augmented_Leaf Hopper Jassids0249.jpg,127.9286640625,170.8554859375,130.171090625,47.579286659001426,0.365128125,Leaf Hopper Jassids
augmented_Leaf Hopper Jassids0250.jpg,129.880965625,174.09851875,130.6470421875,38.06927603638764,0.17149375,Leaf Hopper Jassids
augmented_Leaf Hopper Jassids0251.jpg,142.1871734375,181.147503125,142.6863484375,45.55944645449693,0.146765625,Leaf Hopper Jassids
augmented_Leaf Hopper Jassids0252.jpg,128.90688125,173.1301296875,129.641321875,38.1609562894038,0.1687453125,Leaf Hopper Jassids
augmented_Leaf Hopper Jassids0253.jpg,130.672625,167.8345921875,126.227978125,35.9861622033332,0.09214375,Leaf Hopper Jassids
augmented_Leaf Hopper Jassids0254.jpg,130.672625,167.8345921875,126.227978125,35.9861622033332,0.09214375,Leaf Hopper Jassids
augmented_Leaf Hopper Jassids0255.jpg,130.672625,167.8345921875,126.227978125,35.9861622033332,0.09214375,Leaf Hopper Jassids
augmented_Leaf Hopper Jassids0256.jpg,76.6090078125,107.3909546875,79.753115625,18.953139063885963,0.04015625,Leaf Hopper Jassids
augmented_Leaf Hopper Jassids0257.jpg,127.135978125,173.18959375,133.233475,43.01046067758499,0.3548015625,Leaf Hopper Jassids
augmented_Leaf Hopper Jassids0258.jpg,150.4294921875,188.1092953125,154.329659375,47.6158887758326,0.0624453125,Leaf Hopper Jassids
augmented_Leaf Hopper Jassids0259.jpg,145.6938,185.459346875,149.8007640625,45.39280392632418,0.064146875,Leaf Hopper Jassids
augmented_Leaf Hopper Jassids0260.jpg,138.755034375,181.184328125,142.4014609375,42.81465090139106,0.0728625,Leaf Hopper Jassids
augmented_Leaf Hopper Jassids0261.jpg,103.68765625,147.4881265625,107.054259375,27.908073133005175,0.0747265625,Leaf Hopper Jassids
augmented_Leaf Hopper Jassids0262.jpg,119.864021875,168.269040625,124.514159375,43.06251973989114,0.3568015625,Leaf Hopper Jassids
augmented_Leaf Hopper Jassids0263.jpg,132.844315625,178.0495609375,136.7564546875,44.2916942269689,0.0828640625,Leaf Hopper Jassids
augmented_Leaf Hopper Jassids0264.jpg,171.554671875,189.351746875,156.061965625,41.708516202455414,0.07783125,Leaf Hopper Jassids
augmented_Leaf Hopper Jassids0265.jpg,179.02149375,196.838584375,162.7483109375,51.0271983615015,0.0519109375,Leaf Hopper Jassids
augmented_Leaf Hopper Jassids0266.jpg,168.5068671875,185.3286140625,147.2409953125,45.118841189424664,0.05130625,Leaf Hopper Jassids
augmented_Leaf Hopper Jassids0267.jpg,155.6819125,172.4386140625,131.1479171875,41.67847654808223,0.05041875,Leaf Hopper Jassids
augmented_Leaf Hopper Jassids0268.jpg,127.0925203125,152.1637671875,116.4141109375,48.751905237318,0.34975,Leaf Hopper Jassids
augmented_Leaf Hopper Jassids0269.jpg,127.0621390625,152.150490625,116.499371875,48.70245483673015,0.34979375,Leaf Hopper Jassids
augmented_Leaf Hopper Jassids0270.jpg,131.5982984375,152.849396875,116.45421875,39.390373498179855,0.0054984375,Leaf Hopper Jassids
augmented_Leaf Hopper Jassids0271.jpg,148.03398125,165.117025,131.113684375,48.77125443423078,0.00695625,Leaf Hopper Jassids
augmented_Leaf Hopper Jassids0272.jpg,165.144509375,179.617840625,150.4300015625,28.028958145421207,0.017653125,Leaf Hopper Jassids
augmented_Leaf Hopper Jassids0273.jpg,165.144509375,179.617840625,150.4300015625,28.028958145421207,0.017653125,Leaf Hopper Jassids
augmented_Leaf Hopper Jassids0274.jpg,165.1397390625,179.6185859375,150.43225625,27.978347947690228,0.0169953125,Leaf Hopper Jassids
augmented_Leaf Hopper Jassids0275.jpg,165.1397390625,179.6185859375,150.43225625,27.978347947690228,0.0169953125,Leaf Hopper Jassids
augmented_Leaf Hopper Jassids0276.jpg,164.1688671875,178.6303375,149.4615625,28.082721182858286,0.0190421875,Leaf Hopper Jassids
augmented_Leaf Hopper Jassids0277.jpg,164.20905,178.6282125,149.47051875,28.074082031966697,0.0172515625,Leaf Hopper Jassids
augmented_Leaf Hopper Jassids0278.jpg,152.72881875,168.9303375,137.4282328125,30.622518836731988,0.02831875,Leaf Hopper Jassids
augmented_Leaf Hopper Jassids0279.jpg,147.245178125,167.61520625,136.8012640625,42.69643763072137,0.35203125,Leaf Hopper Jassids
augmented_Leaf Hopper Jassids0280.jpg,163.19033125,178.074796875,148.892840625,39.3115838683766,0.0288359375,Leaf Hopper Jassids
augmented_Leaf Hopper Jassids0281.jpg,163.19033125,178.074796875,148.892840625,39.3115838683766,0.0288359375,Leaf Hopper Jassids
augmented_Leaf Hopper Jassids0282.jpg,144.0345171875,165.8299515625,132.3451734375,36.011062323035844,0.032575,Leaf Hopper Jassids
augmented_Leaf Hopper Jassids0283.jpg,139.131853125,164.508275,132.0061828125,46.26638273371379,0.352271875,Leaf Hopper Jassids
augmented_Leaf Hopper Jassids0284.jpg,144.0411578125,165.8515421875,132.3673578125,35.95667828972986,0.0315109375,Leaf Hopper Jassids
augmented_Leaf Hopper Jassids0285.jpg,144.0411578125,165.8515421875,132.3673578125,35.95667828972986,0.0315109375,Leaf Hopper Jassids
augmented_Leaf Hopper Jassids0286.jpg,144.0411578125,165.8515421875,132.3673578125,35.95667828972986,0.0315109375,Leaf Hopper Jassids
augmented_Leaf Hopper Jassids0287.jpg,144.0411578125,165.8515421875,132.3673578125,35.95667828972986,0.0315109375,Leaf Hopper Jassids
augmented_Leaf Hopper Jassids0288.jpg,152.445978125,174.9958234375,138.101328125,49.90483205993357,0.35774375,Leaf Hopper Jassids
augmented_Leaf Hopper Jassids0289.jpg,152.433140625,175.026328125,138.1027453125,49.920883585037814,0.3575484375,Leaf Hopper Jassids
augmented_Leaf Hopper Jassids0290.jpg,154.8752046875,178.335103125,137.919084375,39.19326363192871,0.07830625,Leaf Hopper Jassids
augmented_Leaf Hopper Jassids0291.jpg,126.601853125,140.722225,114.8019765625,26.699859933735482,0.0242859375,Leaf Hopper Jassids
augmented_Leaf Hopper Jassids0292.jpg,150.87033125,172.8890515625,143.6120515625,44.8197240594228,0.352478125,Leaf Hopper Jassids
augmented_Leaf Hopper Jassids0293.jpg,129.77945,148.83838125,119.6588984375,35.34052188866515,0.03770625,Leaf Hopper Jassids
augmented_Leaf Hopper Jassids0294.jpg,145.293559375,166.6174671875,134.37156875,39.30475018132238,0.041159375,Leaf Hopper Jassids
augmented_Leaf Hopper Jassids0295.jpg,145.293559375,166.6174671875,134.37156875,39.30475018132238,0.041159375,Leaf Hopper Jassids
augmented_Leaf Hopper Jassids0296.jpg,139.8586484375,164.9538171875,134.7866078125,48.52754625694583,0.3539203125,Leaf Hopper Jassids
augmented_Leaf Hopper Jassids0297.jpg,122.330990625,138.3555515625,112.7067765625,29.939752168676797,0.02035,Leaf Hopper Jassids
augmented_Leaf Hopper Jassids0298.jpg,168.4044625,190.5192890625,157.3951046875,39.689649776199005,0.02611875,Leaf Hopper Jassids
augmented_Leaf Hopper Jassids0299.jpg,151.7648390625,170.690196875,140.078415625,36.82420832852298,0.025440625,Leaf Hopper Jassids
augmented_Leaf Hopper Jassids0300.jpg,151.7648390625,170.690196875,140.078415625,36.82420832852298,0.025440625,Leaf Hopper Jassids
augmented_Leaf Hopper Jassids0301.jpg,169.1156484375,186.390928125,161.267021875,52.99076619710126,0.02375,Leaf Hopper Jassids
augmented_Leaf Hopper Jassids0302.jpg,166.7263921875,183.703846875,157.685059375,50.98514691213366,0.024121875,Leaf Hopper Jassids
augmented_Leaf Hopper Jassids0303.jpg,161.956290625,178.47524375,149.491925,46.096169472107015,0.0264765625,Leaf Hopper Jassids
augmented_Leaf Hopper Jassids0304.jpg,147.629440625,167.455603125,135.4562140625,40.10329662843006,0.032765625,Leaf Hopper Jassids
augmented_Leaf Hopper Jassids0305.jpg,147.629440625,167.455603125,135.4562140625,40.10329662843006,0.032765625,Leaf Hopper Jassids
augmented_Leaf Hopper Jassids0306.jpg,159.3143140625,177.0908890625,149.3184359375,48.98885371390897,0.03135,Leaf Hopper Jassids
augmented_Leaf Hopper Jassids0307.jpg,120.1684515625,141.93465625,109.8713625,34.47372444810096,0.035378125,Leaf Hopper Jassids
augmented_Leaf Hopper Jassids0308.jpg,134.754534375,162.1974984375,128.1888203125,48.465071878070326,0.354071875,Leaf Hopper Jassids
augmented_Leaf Hopper Jassids0309.jpg,151.2405859375,173.1095578125,139.6103109375,48.529192565697535,0.04054375,Leaf Hopper Jassids
augmented_Leaf Hopper Jassids0310.jpg,138.89196875,163.154934375,129.14628125,35.807781209359284,0.0212296875,Leaf Hopper Jassids
augmented_Leaf Hopper Jassids0311.jpg,152.4706484375,175.595475,138.0010453125,37.3708971335022,0.025925,Leaf Hopper Jassids
augmented_Leaf Hopper Jassids0312.jpg,152.4706484375,175.595475,138.0010453125,37.3708971335022,0.025925,Leaf Hopper Jassids
augmented_Leaf Hopper Jassids0313.jpg,145.68673125,172.3592953125,137.3533578125,47.987298459205526,0.3549765625,Leaf Hopper Jassids
augmented_Leaf Hopper Jassids0314.jpg,145.62674375,172.41840625,137.2711765625,47.940631367087775,0.353465625,Leaf Hopper Jassids
augmented_Leaf Hopper Jassids0315.jpg,159.6096140625,180.4745484375,146.3866828125,45.749607368831654,0.0246421875,Leaf Hopper Jassids
augmented_Leaf Hopper Jassids0316.jpg,161.740340625,177.6199359375,146.077178125,49.22740100059865,0.03489375,Leaf Hopper Jassids
augmented_Leaf Hopper Jassids0317.jpg,161.456940625,175.7341328125,142.5946078125,44.22643122181141,0.035865625,Leaf Hopper Jassids
augmented_Leaf Hopper Jassids0318.jpg,164.5348546875,189.35286875,157.59790625,53.59482436311151,0.012290625,Leaf Hopper Jassids
augmented_Leaf Hopper Jassids0319.jpg,152.1063453125,177.8662453125,141.6592546875,43.781380071644726,0.0175984375,Leaf Hopper Jassids
augmented_Leaf Hopper Jassids0320.jpg,155.3023984375,178.9030546875,142.210003125,45.98290341007842,0.01515,Leaf Hopper Jassids
augmented_Leaf Hopper Jassids0321.jpg,155.3023984375,178.9030546875,142.210003125,45.98290341007842,0.01515,Leaf Hopper Jassids
augmented_Leaf Hopper Jassids0322.jpg,126.67781875,151.9598734375,119.2789140625,54.914283101661034,0.354071875,Leaf Hopper Jassids
augmented_Leaf Hopper Jassids0323.jpg,145.726009375,166.363896875,134.0830421875,56.90960400117785,0.03126875,Leaf Hopper Jassids
augmented_Leaf Hopper Jassids0324.jpg,145.726009375,166.363896875,134.0830421875,56.90960400117785,0.03126875,Leaf Hopper Jassids
augmented_Leaf Hopper Jassids0325.jpg,142.4180203125,167.0207796875,132.0356453125,44.66608975139505,0.0332,Leaf Hopper Jassids
augmented_Leaf Hopper Jassids0326.jpg,144.1103796875,168.81271875,133.6865453125,45.1089972529802,0.03350625,Leaf Hopper Jassids
augmented_Leaf Hopper Jassids0327.jpg,144.1103796875,168.81271875,133.6865453125,45.1089972529802,0.03350625,Leaf Hopper Jassids
augmented_Leaf Hopper Jassids0328.jpg,144.1103796875,168.81271875,133.6865453125,45.1089972529802,0.03350625,Leaf Hopper Jassids
augmented_Leaf Hopper Jassids0329.jpg,140.2164765625,166.5430625,134.299696875,53.050478148938794,0.351734375,Leaf Hopper Jassids
augmented_Leaf Hopper Jassids0330.jpg,140.260546875,166.4714984375,134.210590625,53.099372729198755,0.3523890625,Leaf Hopper Jassids
augmented_Leaf Hopper Jassids0331.jpg,140.2906515625,166.517684375,134.1425453125,53.03348583872392,0.3529734375,Leaf Hopper Jassids
augmented_Leaf Hopper Jassids0332.jpg,140.2288453125,166.49296875,134.2287453125,53.098471051440654,0.3522,Leaf Hopper Jassids
augmented_Leaf Hopper Jassids0333.jpg,140.2178703125,166.5058,134.2309828125,53.092603136480236,0.3529484375,Leaf Hopper Jassids
augmented_Leaf Hopper Jassids0334.jpg,140.26970625,166.512828125,134.2540640625,53.095885853485896,0.352109375,Leaf Hopper Jassids
augmented_Leaf Hopper Jassids0335.jpg,144.0885890625,168.815578125,133.6913828125,45.13056412073701,0.033475,Leaf Hopper Jassids
augmented_Leaf Hopper Jassids0336.jpg,144.0885890625,168.815578125,133.6913828125,45.13056412073701,0.033475,Leaf Hopper Jassids
augmented_Leaf Hopper Jassids0337.jpg,155.547025,177.3962640625,144.43391875,49.955495304860925,0.0351671875,Leaf Hopper Jassids
augmented_Leaf Hopper Jassids0338.jpg,143.1580671875,167.835996875,132.703221875,45.13109009436771,0.036296875,Leaf Hopper Jassids
augmented_Leaf Hopper Jassids0339.jpg,167.4378125,196.4201875,155.0559125,53.542153008668684,0.042365625,Leaf Hopper Jassids
augmented_Leaf Hopper Jassids0340.jpg,140.82890625,165.435328125,128.268509375,47.7960533218314,0.049953125,Leaf Hopper Jassids
augmented_Leaf Hopper Jassids0341.jpg,136.8054578125,160.81185625,124.2501171875,46.62937889406179,0.049659375,Leaf Hopper Jassids
augmented_Leaf Hopper Jassids0342.jpg,136.8054578125,160.81185625,124.2501171875,46.62937889406179,0.049659375,Leaf Hopper Jassids
augmented_Leaf Hopper Jassids0343.jpg,135.8284453125,159.832184375,123.2625,46.624114376215196,0.0493921875,Leaf Hopper Jassids
augmented_Leaf Hopper Jassids0344.jpg,150.71735,167.4944515625,133.3372171875,49.851260877520346,0.043196875,Leaf Hopper Jassids
augmented_Leaf Hopper Jassids0345.jpg,185.922671875,203.2750296875,160.8474453125,54.75726670925204,0.0424875,Leaf Hopper Jassids
augmented_Leaf Hopper Jassids0346.jpg,157.9329140625,173.2060140625,133.6665984375,55.550278025074604,0.04925625,Leaf Hopper Jassids
augmented_Leaf Hopper Jassids0347.jpg,137.0645296875,150.474696875,114.3149078125,50.95510642197085,0.0504390625,Leaf Hopper Jassids
augmented_Leaf Hopper Jassids0348.jpg,136.17095625,149.396765625,113.3963703125,51.003708530124825,0.0538859375,Leaf Hopper Jassids
augmented_Leaf Hopper Jassids0349.jpg,154.5472203125,170.6553734375,134.394621875,54.22374693707936,0.0595203125,Leaf Hopper Jassids
augmented_Leaf Hopper Jassids0350.jpg,145.329609375,160.5149390625,125.863978125,51.471218701934774,0.06074375,Leaf Hopper Jassids
augmented_Leaf Hopper Jassids0351.jpg,157.27115,171.6719859375,140.1783625,57.51011299141338,0.051840625,Leaf Hopper Jassids
augmented_Leaf Hopper Jassids0352.jpg,144.439646875,159.591803125,124.9188859375,51.43922118433439,0.059628125,Leaf Hopper Jassids
augmented_Leaf Hopper Jassids0353.jpg,135.3329890625,148.006340625,113.6531296875,57.877884059190116,0.3575453125,Leaf Hopper Jassids
augmented_Leaf Hopper Jassids0354.jpg,152.8466984375,163.84015625,128.0363171875,60.0568496006567,0.06961875,Leaf Hopper Jassids
augmented_Leaf Hopper Jassids0355.jpg,140.0337484375,154.10103125,123.6199375,40.11546333127807,0.0207609375,Leaf Hopper Jassids
augmented_Leaf Hopper Jassids0356.jpg,156.31584375,171.6330390625,138.41225,44.66216050523692,0.0241015625,Leaf Hopper Jassids
augmented_Leaf Hopper Jassids0357.jpg,156.344465625,171.64843125,138.4190875,44.62565326001713,0.0230125,Leaf Hopper Jassids
augmented_Leaf Hopper Jassids0358.jpg,168.620378125,179.4175671875,149.843921875,53.432788306200095,0.0247625,Leaf Hopper Jassids
augmented_Leaf Hopper Jassids0359.jpg,155.3621734375,170.6711390625,137.447690625,44.68269116412693,0.028046875,Leaf Hopper Jassids
augmented_Leaf Hopper Jassids0360.jpg,143.6109046875,162.84303125,128.924640625,51.2705388142513,0.0292296875,Leaf Hopper Jassids
augmented_Leaf Hopper Jassids0361.jpg,139.78575625,159.4056546875,129.503471875,57.56630423890787,0.3541453125,Leaf Hopper Jassids
augmented_Leaf Hopper Jassids0362.jpg,139.7599390625,159.4749125,129.5672421875,57.646462409836815,0.3556578125,Leaf Hopper Jassids
augmented_Leaf Hopper Jassids0363.jpg,143.6721203125,162.8776140625,128.9418046875,51.24457229921861,0.02865625,Leaf Hopper Jassids
augmented_Leaf Hopper Jassids0364.jpg,164.6760046875,180.942975,155.121959375,64.86089924828057,0.0232015625,Leaf Hopper Jassids
augmented_Leaf Hopper Jassids0365.jpg,158.24476875,173.480565625,143.8228046875,56.89055499920678,0.030853125,Leaf Hopper Jassids
augmented_Leaf Hopper Jassids0366.jpg,142.697434375,161.8905109375,127.9870859375,51.28133966756176,0.0303921875,Leaf Hopper Jassids
augmented_Leaf Hopper Jassids0367.jpg,150.4831640625,167.5291578125,133.2990328125,47.82870471059058,0.0384203125,Leaf Hopper Jassids
augmented_Leaf Hopper Jassids0368.jpg,150.4831640625,167.5291578125,133.2990328125,47.82870471059058,0.0384203125,Leaf Hopper Jassids
augmented_Leaf Hopper Jassids0369.jpg,150.4831640625,167.5291578125,133.2990328125,47.82870471059058,0.0384203125,Leaf Hopper Jassids
augmented_Leaf Hopper Jassids0370.jpg,150.4831640625,167.5291578125,133.2990328125,47.82870471059058,0.0384203125,Leaf Hopper Jassids
augmented_Leaf Hopper Jassids0371.jpg,146.4681890625,164.278459375,133.738171875,55.32606198819133,0.35598125,Leaf Hopper Jassids
augmented_Leaf Hopper Jassids0372.jpg,150.5364140625,167.5720375,133.3317265625,47.787543348331994,0.037453125,Leaf Hopper Jassids
augmented_Leaf Hopper Jassids0373.jpg,174.405609375,187.1068421875,159.8644625,57.63709135386982,0.0353234375,Leaf Hopper Jassids
augmented_Leaf Hopper Jassids0374.jpg,173.8771453125,186.6088625,159.154015625,57.53232118004407,0.03530625,Leaf Hopper Jassids
augmented_Leaf Hopper Jassids0375.jpg,157.2111703125,172.4449265625,140.220459375,52.48095364276652,0.0375140625,Leaf Hopper Jassids
augmented_Leaf Hopper Jassids0376.jpg,164.7214875,177.384478125,147.4266828125,53.077687943858166,0.0396578125,Leaf Hopper Jassids
augmented_Leaf Hopper Jassids0377.jpg,166.420275,198.882103125,144.291909375,32.7538752023125,0.0219359375,Leaf Hopper Jassids
augmented_Leaf Hopper Jassids0378.jpg,142.8636609375,170.7267671875,122.6050828125,28.76018170491906,0.0196375,Leaf Hopper Jassids
augmented_Leaf Hopper Jassids0379.jpg,142.8636609375,170.7267671875,122.6050828125,28.76018170491906,0.0196375,Leaf Hopper Jassids
augmented_Leaf Hopper Jassids0380.jpg,156.169103125,179.437353125,137.217296875,42.2343850034532,0.0183265625,Leaf Hopper Jassids
augmented_Leaf Hopper Jassids0381.jpg,155.548740625,179.9305828125,136.179640625,38.67852237550059,0.0207484375,Leaf Hopper Jassids
augmented_Leaf Hopper Jassids0382.jpg,142.7868734375,172.5992078125,123.189928125,39.44656302247291,0.350771875,Leaf Hopper Jassids
augmented_Leaf Hopper Jassids0383.jpg,148.518228125,177.2300765625,128.93098125,33.265928408249636,0.03015,Leaf Hopper Jassids
augmented_Leaf Hopper Jassids0384.jpg,155.6949265625,182.6767203125,137.4826265625,39.871582182544046,0.02818125,Leaf Hopper Jassids
augmented_Leaf Hopper Jassids0385.jpg,143.215859375,172.4552296875,121.9315140625,26.09366201751634,0.032121875,Leaf Hopper Jassids
augmented_Leaf Hopper Jassids0386.jpg,173.955240625,206.6850640625,141.130165625,36.45140183800402,0.0223109375,Leaf Hopper Jassids
augmented_Leaf Hopper Jassids0387.jpg,139.5999546875,166.4892703125,111.05431875,32.29972433187979,0.019725,Leaf Hopper Jassids
augmented_Leaf Hopper Jassids0388.jpg,139.5999546875,166.4892703125,111.05431875,32.29972433187979,0.019725,Leaf Hopper Jassids
augmented_Leaf Hopper Jassids0389.jpg,151.5001390625,175.7792890625,123.77741875,43.13922107575077,0.0204390625,Leaf Hopper Jassids
augmented_Leaf Hopper Jassids0390.jpg,151.5001390625,175.7792890625,123.77741875,43.13922107575077,0.0204390625,Leaf Hopper Jassids
augmented_Leaf Hopper Jassids0391.jpg,97.999571875,119.7051203125,81.27125625,25.944571015234537,0.025953125,Leaf Hopper Jassids
augmented_Leaf Hopper Jassids0392.jpg,139.256396875,167.367909375,115.8062359375,37.08803674150936,0.0380859375,Leaf Hopper Jassids
augmented_Leaf Hopper Jassids0393.jpg,138.034546875,165.9197890625,116.76796875,46.67345799696787,0.3530046875,Leaf Hopper Jassids
augmented_Leaf Hopper Jassids0394.jpg,138.0800015625,165.856075,116.83146875,46.72116312432851,0.3529171875,Leaf Hopper Jassids
augmented_Leaf Hopper Jassids0395.jpg,139.278384375,167.39866875,115.816671875,37.05256902290641,0.03764375,Leaf Hopper Jassids
augmented_Leaf Hopper Jassids0396.jpg,139.278384375,167.39866875,115.816671875,37.05256902290641,0.03764375,Leaf Hopper Jassids
augmented_Leaf Hopper Jassids0397.jpg,151.66380625,171.7069578125,119.7274671875,29.68233899831511,0.0168625,Leaf Hopper Jassids
augmented_Leaf Hopper Jassids0398.jpg,151.66380625,171.7069578125,119.7274671875,29.68233899831511,0.0168625,Leaf Hopper Jassids
augmented_Leaf Hopper Jassids0399.jpg,149.6635921875,170.2289171875,120.1713421875,41.83808505397714,0.35139375,Leaf Hopper Jassids
augmented_Leaf Hopper Jassids0400.jpg,151.6667578125,171.7098078125,119.7288078125,29.67412220930143,0.0166734375,Leaf Hopper Jassids
augmented_Leaf Hopper Jassids0401.jpg,108.580090625,131.3248125,91.66580625,31.74632501437601,0.02299375,Leaf Hopper Jassids
augmented_Leaf Hopper Jassids0402.jpg,144.2967703125,172.802596875,122.434278125,42.42099577018508,0.0359109375,Leaf Hopper Jassids
augmented_Leaf Hopper Jassids0403.jpg,144.2967703125,172.802596875,122.434278125,42.42099577018508,0.0359109375,Leaf Hopper Jassids
augmented_Leaf Hopper Jassids0404.jpg,164.1854625,186.6265484375,144.21701875,54.196878455104255,0.029353125,Leaf Hopper Jassids
augmented_Leaf Hopper Jassids0405.jpg,155.8031546875,184.206078125,132.683103125,54.7303582239302,0.0184015625,Leaf Hopper Jassids
augmented_Leaf Hopper Jassids0406.jpg,87.426725,106.26705625,73.62209375,30.724599421000345,0.0069203125,Leaf Hopper Jassids
augmented_Leaf Hopper Jassids0407.jpg,138.9385375,164.9473078125,117.3960921875,49.33339272117931,0.0183234375,Leaf Hopper Jassids
augmented_Leaf Hopper Jassids0408.jpg,138.9702421875,164.97434375,117.4143234375,49.32623622275589,0.018834375,Leaf Hopper Jassids
augmented_Leaf Hopper Jassids0409.jpg,138.9702421875,164.97434375,117.4143234375,49.32623622275589,0.018834375,Leaf Hopper Jassids
augmented_Leaf Hopper Jassids0410.jpg,138.9702421875,164.97434375,117.4143234375,49.32623622275589,0.018834375,Leaf Hopper Jassids
augmented_Leaf Hopper Jassids0411.jpg,146.4341734375,170.2736609375,125.2910984375,54.201492793463906,0.01671875,Leaf Hopper Jassids
augmented_Leaf Hopper Jassids0412.jpg,138.0187578125,164.0217734375,116.4112640625,49.33213139766616,0.0195140625,Leaf Hopper Jassids
augmented_Leaf Hopper Jassids0413.jpg,141.9949578125,177.6352140625,128.206634375,35.95563726747384,0.0196359375,Leaf Hopper Jassids
augmented_Leaf Hopper Jassids0414.jpg,141.322959375,175.7888484375,129.055434375,46.63522647750732,0.3511921875,Leaf Hopper Jassids
augmented_Leaf Hopper Jassids0415.jpg,166.37055625,195.2134390625,153.5012296875,44.98041139985097,0.0218015625,Leaf Hopper Jassids
augmented_Leaf Hopper Jassids0416.jpg,141.099996875,176.7248515625,127.2433359375,35.915606233639174,0.0203921875,Leaf Hopper Jassids
augmented_Leaf Hopper Jassids0417.jpg,129.8323921875,146.9969703125,109.76573125,61.492661503466884,0.3543390625,Leaf Hopper Jassids
augmented_Leaf Hopper Jassids0418.jpg,129.79139375,147.02551875,109.81719375,61.514358277701774,0.354225,Leaf Hopper Jassids
augmented_Leaf Hopper Jassids0419.jpg,146.7646,162.362140625,122.282240625,61.38585995820694,0.02754375,Leaf Hopper Jassids
augmented_Leaf Hopper Jassids0420.jpg,128.3530625,146.9316578125,103.7712609375,55.898342671086496,0.025096875,Leaf Hopper Jassids
augmented_Leaf Hopper Jassids0421.jpg,136.21665,155.2240125,117.4971953125,55.622416952689726,0.3545765625,Leaf Hopper Jassids
augmented_Leaf Hopper Jassids0422.jpg,161.545334375,176.346978125,139.79753125,57.93673808855741,0.02565,Leaf Hopper Jassids
augmented_Leaf Hopper Jassids0423.jpg,152.0443828125,169.0370890625,129.874384375,56.05964322062895,0.0259078125,Leaf Hopper Jassids
augmented_Leaf Hopper Jassids0424.jpg,153.1723546875,169.9020921875,131.071525,56.37296976398293,0.0259234375,Leaf Hopper Jassids
augmented_Leaf Hopper Jassids0425.jpg,149.6208375,168.0020859375,129.043584375,55.48259392568538,0.0271796875,Leaf Hopper Jassids
augmented_Leaf Hopper Jassids0426.jpg,132.2835265625,153.0503875,113.709890625,55.43908129956947,0.3531015625,Leaf Hopper Jassids
augmented_Leaf Hopper Jassids0427.jpg,132.27711875,153.09411875,113.74118125,55.48545114257921,0.353028125,Leaf Hopper Jassids
augmented_Leaf Hopper Jassids0428.jpg,148.23928125,167.0564046875,126.374153125,54.94837086592678,0.032434375,Leaf Hopper Jassids
augmented_Leaf Hopper Jassids0429.jpg,148.23928125,167.0564046875,126.374153125,54.94837086592678,0.032434375,Leaf Hopper Jassids
augmented_Leaf Hopper Jassids0430.jpg,147.59330625,170.7732765625,124.699696875,54.741540635981906,0.017771875,Leaf Hopper Jassids
augmented_Leaf Hopper Jassids0431.jpg,158.3170828125,182.21809375,134.6300109375,57.755850016152635,0.0188015625,Leaf Hopper Jassids
augmented_Leaf Hopper Jassids0432.jpg,189.5248234375,209.705071875,164.1852734375,57.57070953793777,0.019653125,Leaf Hopper Jassids
augmented_Leaf Hopper Jassids0433.jpg,166.5626890625,190.18041875,142.1271203125,59.15897193313569,0.0198171875,Leaf Hopper Jassids
augmented_Leaf Hopper Jassids0434.jpg,158.558915625,182.6035859375,134.855578125,57.82692026826557,0.0189390625,Leaf Hopper Jassids
augmented_Leaf Hopper Jassids0435.jpg,154.492459375,173.6479359375,136.0474734375,54.6354400667963,0.015575,Leaf Hopper Jassids
augmented_Leaf Hopper Jassids0436.jpg,148.688584375,167.8380109375,129.2307671875,56.72012131625221,0.016040625,Leaf Hopper Jassids
augmented_Leaf Hopper Jassids0437.jpg,133.289940625,154.6595328125,111.9146375,49.88869840105827,0.0154765625,Leaf Hopper Jassids
augmented_Leaf Hopper Jassids0438.jpg,133.2643015625,154.623428125,111.905021875,49.92394903876586,0.014859375,Leaf Hopper Jassids
augmented_Leaf Hopper Jassids0439.jpg,152.5326140625,174.890925,134.64474375,33.84769929730255,0.0246890625,Leaf Hopper Jassids
augmented_Leaf Hopper Jassids0440.jpg,151.4269765625,173.905953125,133.670684375,33.85850651530604,0.0263265625,Leaf Hopper Jassids
augmented_Leaf Hopper Jassids0441.jpg,151.4207359375,173.90284375,133.6574609375,33.872968862861214,0.0260453125,Leaf Hopper Jassids
augmented_Leaf Hopper Jassids0442.jpg,151.4326609375,173.8988078125,133.671453125,33.86049634958983,0.026640625,Leaf Hopper Jassids
augmented_Leaf Hopper Jassids0443.jpg,146.2291421875,170.9067921875,125.9293890625,36.99160031073299,0.0290265625,Leaf Hopper Jassids
augmented_Leaf Hopper Jassids0444.jpg,146.252253125,170.921634375,125.9547609375,36.99472970882758,0.0289421875,Leaf Hopper Jassids
augmented_Leaf Hopper Jassids0445.jpg,146.252253125,170.921634375,125.9547609375,36.99472970882758,0.0289421875,Leaf Hopper Jassids
augmented_Leaf Hopper Jassids0446.jpg,156.8190640625,180.6442171875,138.8307484375,42.57434805470751,0.027640625,Leaf Hopper Jassids
augmented_Leaf Hopper Jassids0447.jpg,145.2909890625,169.9883046875,124.9788375,36.971910349232395,0.0299890625,Leaf Hopper Jassids
augmented_Leaf Hopper Jassids0448.jpg,149.18158125,179.059225,143.604790625,28.137181951941763,0.0301703125,Leaf Hopper Jassids
augmented_Leaf Hopper Jassids0449.jpg,147.929778125,177.474446875,143.550003125,41.07565474992096,0.34984375,Leaf Hopper Jassids
augmented_Leaf Hopper Jassids0450.jpg,161.4358203125,187.6362203125,142.0802703125,43.17753222949073,0.0557125,Leaf Hopper Jassids
augmented_Leaf Hopper Jassids0451.jpg,144.2633546875,168.0794703125,126.26998125,39.24591423928785,0.05224375,Leaf Hopper Jassids
augmented_Leaf Hopper Jassids0452.jpg,143.0803578125,166.391809375,127.4876921875,48.64269983813884,0.3543546875,Leaf Hopper Jassids
augmented_Leaf Hopper Jassids0453.jpg,155.369925,178.4421671875,140.191484375,45.80307229914031,0.04895,Leaf Hopper Jassids
augmented_Leaf Hopper Jassids0454.jpg,143.2958390625,167.1064109375,125.2882375,39.25967332356629,0.0535125,Leaf Hopper Jassids
augmented_Leaf Hopper Jassids0455.jpg,89.228190625,107.114759375,80.063340625,24.701413991952634,0.010840625,Leaf Hopper Jassids
augmented_Leaf Hopper Jassids0456.jpg,126.440734375,148.7241046875,113.4643640625,35.33332918753022,0.021890625,Leaf Hopper Jassids
augmented_Leaf Hopper Jassids0457.jpg,147.2602234375,172.48315625,132.186634375,41.14274875309607,0.0277046875,Leaf Hopper Jassids
augmented_Leaf Hopper Jassids0458.jpg,147.2587546875,172.4976390625,132.189684375,41.09778330148118,0.0273828125,Leaf Hopper Jassids
augmented_Leaf Hopper Jassids0459.jpg,147.2587546875,172.4976390625,132.189684375,41.09778330148118,0.0273828125,Leaf Hopper Jassids
augmented_Leaf Hopper Jassids0460.jpg,148.11523125,176.740703125,137.6029515625,34.534254792670254,0.0269609375,Leaf Hopper Jassids
augmented_Leaf Hopper Jassids0461.jpg,158.094684375,182.4079890625,147.5773640625,44.44018189845451,0.025796875,Leaf Hopper Jassids
augmented_Leaf Hopper Jassids0462.jpg,158.1320625,182.416021875,147.6022078125,44.45821399426658,0.025346875,Leaf Hopper Jassids
augmented_Leaf Hopper Jassids0463.jpg,153.0213390625,182.50815,144.6774953125,27.594120828331963,0.03886875,Leaf Hopper Jassids
augmented_Leaf Hopper Jassids0464.jpg,153.0213390625,182.50815,144.6774953125,27.594120828331963,0.03886875,Leaf Hopper Jassids
augmented_Leaf Hopper Jassids0465.jpg,153.020109375,182.5281765625,144.686346875,27.552371007991706,0.0387953125,Leaf Hopper Jassids
augmented_Leaf Hopper Jassids0466.jpg,167.565021875,192.0390078125,159.0821328125,41.18792243443976,0.034871875,Leaf Hopper Jassids
augmented_Leaf Hopper Jassids0467.jpg,152.052034375,181.5347984375,143.6990578125,27.592876564269147,0.0403296875,Leaf Hopper Jassids
augmented_Leaf Hopper Jassids0468.jpg,154.642865625,175.4736828125,138.3461390625,34.93338691253538,0.05188125,Leaf Hopper Jassids
augmented_Leaf Hopper Jassids0469.jpg,153.6664140625,174.496121875,137.3503890625,34.942293339608376,0.0558453125,Leaf Hopper Jassids
augmented_Leaf Hopper Jassids0470.jpg,153.0273359375,176.412421875,134.902221875,61.86462669395757,0.0435,Leaf Hopper Jassids
augmented_Leaf Hopper Jassids0471.jpg,143.6242421875,169.629365625,124.978265625,56.832487579793764,0.0467375,Leaf Hopper Jassids
augmented_Leaf Hopper Jassids0472.jpg,145.601840625,168.1710328125,128.1684546875,52.4345637841534,0.035065625,Leaf Hopper Jassids
augmented_Leaf Hopper Jassids0473.jpg,136.6881875,161.6942234375,119.983984375,49.51359374569718,0.0364359375,Leaf Hopper Jassids
augmented_Leaf Hopper Jassids0474.jpg,134.62065,154.3715140625,111.71000625,51.484431747882226,0.0586078125,Leaf Hopper Jassids
augmented_Leaf Hopper Jassids0475.jpg,132.2591890625,150.713078125,112.959153125,57.4644383817255,0.3571078125,Leaf Hopper Jassids
augmented_Leaf Hopper Jassids0476.jpg,132.2745765625,150.75568125,113.0011328125,57.45600923141433,0.3564125,Leaf Hopper Jassids
augmented_Leaf Hopper Jassids0477.jpg,150.30323125,168.5359015625,131.6714515625,63.86215870746722,0.0500609375,Leaf Hopper Jassids
augmented_Leaf Hopper Jassids0478.jpg,145.0414,164.8928734375,124.8823234375,60.08738474704674,0.0566859375,Leaf Hopper Jassids
augmented_Leaf Hopper Jassids0479.jpg,133.6155890625,153.3754453125,110.6635140625,51.49861311767896,0.05829375,Leaf Hopper Jassids
augmented_Leaf Hopper Jassids0480.jpg,97.0533984375,111.9605578125,83.6662125,46.50182499670121,0.0233546875,Leaf Hopper Jassids
augmented_Leaf Hopper Jassids0481.jpg,154.3989234375,169.7624984375,137.72500625,73.08159561605409,0.0333984375,Leaf Hopper Jassids
augmented_Leaf Hopper Jassids0482.jpg,133.425353125,151.7404046875,114.406275,64.61841162234765,0.037459375,Leaf Hopper Jassids
augmented_Leaf Hopper Jassids0483.jpg,166.540809375,193.622628125,150.6077828125,64.71751167394456,0.0436984375,Leaf Hopper Jassids
augmented_Leaf Hopper Jassids0484.jpg,155.8991203125,183.896846875,139.8326359375,63.95237747777639,0.0435421875,Leaf Hopper Jassids
augmented_Leaf Hopper Jassids0485.jpg,133.4623171875,157.0147296875,122.0531640625,64.54789760391654,0.357065625,Leaf Hopper Jassids
augmented_Leaf Hopper Jassids0486.jpg,137.2599921875,163.9042046875,121.8885578125,58.996294170028364,0.04209375,Leaf Hopper Jassids
augmented_Leaf Hopper Jassids0487.jpg,173.984796875,193.74325,161.035640625,62.199736587876416,0.0380890625,Leaf Hopper Jassids
augmented_Leaf Hopper Jassids0488.jpg,170.725140625,191.1092921875,157.4243359375,62.544634260490376,0.0382390625,Leaf Hopper Jassids
augmented_Leaf Hopper Jassids0489.jpg,175.22968125,194.7063796875,162.2557,62.07992097993395,0.03818125,Leaf Hopper Jassids
augmented_Leaf Hopper Jassids0490.jpg,136.339646875,162.9896046875,120.777303125,59.06195105164867,0.040090625,Leaf Hopper Jassids
augmented_Leaf Hopper Jassids0491.jpg,107.9743078125,125.055225,88.740696875,49.55989265771792,0.0262046875,Leaf Hopper Jassids
augmented_Leaf Hopper Jassids0492.jpg,135.7403765625,153.48940625,115.5186234375,66.56987898179982,0.028440625,Leaf Hopper Jassids
augmented_Leaf Hopper Jassids0493.jpg,127.3574546875,146.6275921875,105.3304359375,58.340342300970214,0.03248125,Leaf Hopper Jassids
augmented_Leaf Hopper Jassids0494.jpg,125.50838125,155.0560703125,108.6764109375,39.44390058147259,0.038678125,Leaf Hopper Jassids
augmented_Leaf Hopper Jassids0495.jpg,125.500609375,155.0538734375,108.6655671875,39.424444718806626,0.0386171875,Leaf Hopper Jassids
augmented_Leaf Hopper Jassids0496.jpg,125.500609375,155.0538734375,108.6655671875,39.424444718806626,0.0386171875,Leaf Hopper Jassids
augmented_Leaf Hopper Jassids0497.jpg,137.01774375,164.5532875,120.968203125,50.288024236517735,0.0376625,Leaf Hopper Jassids
augmented_Leaf Hopper Jassids0498.jpg,136.9572,164.3710765625,121.247696875,51.09146035159716,0.0377125,Leaf Hopper Jassids
augmented_Leaf Hopper Jassids0499.jpg,136.9572,164.3710765625,121.247696875,51.09146035159716,0.0377125,Leaf Hopper Jassids
augmented_Leaf Hopper Jassids0500.jpg,100.2655078125,115.1997484375,81.7137890625,38.29069344250644,0.0409296875,Leaf Hopper Jassids
augmented_Leaf Hopper Jassids0501.jpg,130.726621875,148.55395,107.375978125,49.42806122202845,0.057478125,Leaf Hopper Jassids
augmented_Leaf Hopper Jassids0502.jpg,154.7430671875,170.0519390625,134.6797375,66.34911119400452,0.0504890625,Leaf Hopper Jassids
augmented_Leaf Hopper Jassids0503.jpg,144.461753125,178.4139734375,129.4627265625,70.67871382056299,0.0391953125,Leaf Hopper Jassids
augmented_Leaf Hopper Jassids0504.jpg,157.1746921875,194.3789484375,150.9252640625,65.68884077097844,0.042746875,Leaf Hopper Jassids
augmented_Leaf Hopper Jassids0505.jpg,126.5903609375,159.089696875,112.2342625,64.32904762834563,0.0410875,Leaf Hopper Jassids
augmented_Leaf Hopper Jassids0506.jpg,181.8253953125,206.0999328125,165.6147578125,76.74457812994645,0.015475,Leaf Hopper Jassids
augmented_Leaf Hopper Jassids0507.jpg,144.696715625,175.431596875,122.568896875,71.97297385584466,0.0322375,Leaf Hopper Jassids
augmented_Leaf Hopper Jassids0508.jpg,144.6524984375,175.3680390625,122.5262265625,72.00033009343343,0.0315390625,Leaf Hopper Jassids
augmented_Leaf Hopper Jassids0509.jpg,143.77114375,174.54528125,121.5077234375,72.15295419779227,0.03170625,Leaf Hopper Jassids
augmented_Leaf Hopper Jassids0510.jpg,135.7065359375,167.0497859375,118.07288125,80.57723435466183,0.0092078125,Leaf Hopper Jassids
augmented_Leaf Hopper Jassids0511.jpg,124.121425,156.7808984375,104.6912765625,75.67145691361699,0.0089734375,Leaf Hopper Jassids
augmented_Leaf Hopper Jassids0512.jpg,180.1875921875,196.2927671875,167.11815,71.11317257900753,0.0131265625,Leaf Hopper Jassids
augmented_Leaf Hopper Jassids0513.jpg,141.04471875,169.4867046875,127.5622015625,65.1335684973308,0.022890625,Leaf Hopper Jassids
augmented_Leaf Hopper Jassids0514.jpg,69.0949015625,97.13845625,62.2196109375,38.08400495960374,0.0006859375,Leaf Hopper Jassids
augmented_Leaf Hopper Jassids0515.jpg,118.874790625,144.672853125,113.2604921875,70.78299920375298,0.357503125,Leaf Hopper Jassids
augmented_Leaf Hopper Jassids0516.jpg,121.2430625,162.6136546875,110.1612578125,65.54025908367595,0.0013390625,Leaf Hopper Jassids
augmented_Leaf Hopper Jassids0517.jpg,121.2430625,162.6136546875,110.1612578125,65.54025908367595,0.0013390625,Leaf Hopper Jassids
augmented_Leaf Hopper Jassids0518.jpg,121.2430625,162.6136546875,110.1612578125,65.54025908367595,0.0013390625,Leaf Hopper Jassids
augmented_Leaf Hopper Jassids0519.jpg,130.3721171875,168.5363140625,121.039196875,71.72538575598709,0.002659375,Leaf Hopper Jassids
augmented_Leaf Hopper Jassids0520.jpg,120.237009375,161.7471796875,109.1532296875,65.66256212365988,0.0023515625,Leaf Hopper Jassids
augmented_Leaf Hopper Jassids0521.jpg,120.2297515625,161.7311296875,109.1241046875,65.67580630528992,0.0015796875,Leaf Hopper Jassids
augmented_Leaf Hopper Jassids0522.jpg,100.500759375,120.4047203125,84.5126015625,39.548033823538844,0.0528140625,Leaf Hopper Jassids
augmented_Leaf Hopper Jassids0523.jpg,152.4843484375,176.94705,128.9983421875,58.24551069454869,0.08911875,Leaf Hopper Jassids
augmented_Leaf Hopper Jassids0524.jpg,152.4843484375,176.94705,128.9983421875,58.24551069454869,0.08911875,Leaf Hopper Jassids
augmented_Leaf Hopper Jassids0525.jpg,152.4801,176.9317890625,128.98020625,58.25376742861108,0.0881875,Leaf Hopper Jassids
augmented_Leaf Hopper Jassids0526.jpg,162.6364984375,188.1588703125,140.956575,60.8024780536511,0.081725,Leaf Hopper Jassids
augmented_Leaf Hopper Jassids0527.jpg,162.28065,185.9981,140.6530078125,62.24352107114045,0.0862828125,Leaf Hopper Jassids
augmented_Leaf Hopper Jassids0528.jpg,162.28065,185.9981,140.6530078125,62.24352107114045,0.0862828125,Leaf Hopper Jassids
augmented_Leaf Hopper Jassids0529.jpg,151.4954609375,176.1213078125,127.9711953125,58.371984772405995,0.0874859375,Leaf Hopper Jassids
augmented_Leaf Hopper Jassids0530.jpg,158.3193390625,183.0210640625,140.159528125,63.86953882716676,0.084828125,Leaf Hopper Jassids
augmented_Leaf Hopper Jassids0531.jpg,171.6969640625,196.0007140625,152.759209375,68.10817292868522,0.0785765625,Leaf Hopper Jassids
augmented_Leaf Hopper Jassids0532.jpg,171.6969640625,196.0007140625,152.759209375,68.10817292868522,0.0785765625,Leaf Hopper Jassids
augmented_Leaf Hopper Jassids0533.jpg,171.718353125,195.993909375,152.791175,68.12610444438565,0.08045,Leaf Hopper Jassids
augmented_Leaf Hopper Jassids0534.jpg,178.22275625,197.958209375,160.1656484375,71.20535261280615,0.06406875,Leaf Hopper Jassids
augmented_Leaf Hopper Jassids0535.jpg,180.8662453125,202.2633859375,163.0464828125,68.32236875541629,0.07200625,Leaf Hopper Jassids
augmented_Leaf Hopper Jassids0536.jpg,180.8662453125,202.2633859375,163.0464828125,68.32236875541629,0.07200625,Leaf Hopper Jassids
augmented_Leaf Hopper Jassids0537.jpg,170.8741671875,195.2053640625,151.7129078125,68.17770727199326,0.0739890625,Leaf Hopper Jassids
augmented_Leaf Hopper Jassids0538.jpg,86.603725,104.6248,84.92466875,27.60795116809608,0.0058296875,Leaf Hopper Jassids
augmented_Leaf Hopper Jassids0539.jpg,139.1655859375,163.838640625,135.8526453125,44.859363856606066,0.0144859375,Leaf Hopper Jassids
augmented_Leaf Hopper Jassids0540.jpg,137.99971875,162.88298125,134.8620921875,44.835089082373344,0.0136359375,Leaf Hopper Jassids
augmented_Leaf Hopper Jassids0541.jpg,114.9475015625,145.084553125,112.39908125,44.82332367422319,0.34988125,Leaf Hopper Jassids
augmented_Leaf Hopper Jassids0542.jpg,116.1388875,145.84114375,112.357884375,34.62107679873355,0.01885625,Leaf Hopper Jassids
augmented_Leaf Hopper Jassids0543.jpg,116.1388875,145.84114375,112.357884375,34.62107679873355,0.01885625,Leaf Hopper Jassids
augmented_Leaf Hopper Jassids0544.jpg,115.159459375,144.8817140625,111.378909375,34.63488886476142,0.019846875,Leaf Hopper Jassids
augmented_Leaf Hopper Jassids0545.jpg,113.8883125,125.7672265625,104.4004046875,51.53625683365426,0.028790625,Leaf Hopper Jassids
augmented_Leaf Hopper Jassids0546.jpg,141.527728125,155.0215734375,129.747028125,64.1873013343627,0.0385078125,Leaf Hopper Jassids
augmented_Leaf Hopper Jassids0547.jpg,149.2238625,161.305590625,138.2491234375,70.70430856195664,0.035365625,Leaf Hopper Jassids
augmented_Leaf Hopper Jassids0548.jpg,123.84105625,152.4387,106.1268328125,59.494706796613436,0.3600890625,Leaf Hopper Jassids
augmented_Leaf Hopper Jassids0549.jpg,123.808640625,152.361646875,106.04845625,59.528180222636266,0.3614328125,Leaf Hopper Jassids
augmented_Leaf Hopper Jassids0550.jpg,141.6713453125,165.99481875,123.6822796875,70.33556434390766,0.0422875,Leaf Hopper Jassids
augmented_Leaf Hopper Jassids0551.jpg,136.0975078125,163.5870421875,116.7808796875,62.20334231688958,0.0783453125,Leaf Hopper Jassids
augmented_Leaf Hopper Jassids0552.jpg,122.8331828125,153.485021875,101.9250828125,53.910365354727034,0.0852953125,Leaf Hopper Jassids
augmented_Leaf Hopper Jassids0553.jpg,129.0182859375,162.2214578125,88.916046875,60.46954205188982,0.363621875,Leaf Hopper Jassids
augmented_Leaf Hopper Jassids0554.jpg,140.4746484375,178.056059375,108.8903796875,61.09584328044237,0.0436875,Leaf Hopper Jassids
augmented_Leaf Hopper Jassids0555.jpg,140.491103125,178.065553125,108.915190625,61.13626207332612,0.045775,Leaf Hopper Jassids
augmented_Leaf Hopper Jassids0556.jpg,134.573378125,173.4503765625,115.6590328125,59.24178270174771,0.048428125,Leaf Hopper Jassids
augmented_Leaf Hopper Jassids0557.jpg,129.1217625,164.19951875,103.916434375,61.07466131306904,0.3642546875,Leaf Hopper Jassids
augmented_Leaf Hopper Jassids0558.jpg,131.2548015625,169.8541328125,114.56369375,58.05498556845833,0.0463234375,Leaf Hopper Jassids
augmented_Leaf Hopper Jassids0559.jpg,131.2548015625,169.8541328125,114.56369375,58.05498556845833,0.0463234375,Leaf Hopper Jassids
augmented_Leaf Hopper Jassids0560.jpg,141.8892296875,176.6663171875,123.47683125,65.45491652164279,0.041284375,Leaf Hopper Jassids
augmented_Leaf Hopper Jassids0561.jpg,134.390090625,171.441653125,114.55039375,61.977461363010875,0.0472078125,Leaf Hopper Jassids
augmented_Leaf Hopper Jassids0562.jpg,130.304803125,168.875925,113.83065625,58.110020500192334,0.0425640625,Leaf Hopper Jassids
augmented_Leaf Hopper Jassids0563.jpg,109.280821875,142.56726875,83.4706375,61.085735208019685,0.3593234375,Leaf Hopper Jassids
augmented_Leaf Hopper Jassids0564.jpg,112.616,149.3034453125,81.2544015625,61.044418883122205,0.02930625,Leaf Hopper Jassids
augmented_Leaf Hopper Jassids0565.jpg,112.616,149.3034453125,81.2544015625,61.044418883122205,0.02930625,Leaf Hopper Jassids
augmented_Leaf Hopper Jassids0566.jpg,97.3904453125,134.13009375,69.74305625,51.39600524824772,0.0140515625,Leaf Hopper Jassids
augmented_Leaf Hopper Jassids0567.jpg,96.505140625,133.13465,68.780615625,51.37686562271821,0.014553125,Leaf Hopper Jassids
augmented_Leaf Hopper Jassids0568.jpg,96.5133,133.13805625,68.7932546875,51.375687417643825,0.0140484375,Leaf Hopper Jassids
augmented_Leaf Hopper Jassids0569.jpg,135.69045,157.1699609375,111.58255,52.845509404531,0.0652890625,Leaf Hopper Jassids
augmented_Leaf Hopper Jassids0570.jpg,140.471890625,158.8221765625,120.5455875,57.68224238713405,0.356703125,Leaf Hopper Jassids
augmented_Leaf Hopper Jassids0571.jpg,140.484134375,158.84586875,120.466521875,57.60500100741003,0.3572625,Leaf Hopper Jassids
augmented_Leaf Hopper Jassids0572.jpg,145.3123890625,165.48264375,120.571065625,50.34392865100089,0.06026875,Leaf Hopper Jassids
augmented_Leaf Hopper Jassids0573.jpg,155.5872046875,174.2933125,132.46865625,56.985383726871625,0.0582078125,Leaf Hopper Jassids
augmented_Leaf Hopper Jassids0574.jpg,145.8558265625,164.155103125,120.8924,44.29836982096978,0.0684734375,Leaf Hopper Jassids
augmented_Leaf Hopper Jassids0575.jpg,145.8558265625,164.155103125,120.8924,44.29836982096978,0.0684734375,Leaf Hopper Jassids
augmented_Leaf Hopper Jassids0576.jpg,145.8558265625,164.155103125,120.8924,44.29836982096978,0.0684734375,Leaf Hopper Jassids
augmented_Leaf Hopper Jassids0577.jpg,140.738978125,158.755475,120.1202828125,52.170587943018724,0.35856875,Leaf Hopper Jassids
augmented_Leaf Hopper Jassids0578.jpg,140.6289296875,158.60831875,120.129271875,52.27298899225753,0.3596546875,Leaf Hopper Jassids
augmented_Leaf Hopper Jassids0579.jpg,145.8872859375,164.1703984375,120.9060953125,44.24982030101993,0.067209375,Leaf Hopper Jassids
augmented_Leaf Hopper Jassids0580.jpg,145.8872859375,164.1703984375,120.9060953125,44.24982030101993,0.067209375,Leaf Hopper Jassids
augmented_Leaf Hopper Jassids0581.jpg,158.3305078125,173.8831421875,133.809353125,52.462229421136186,0.0626609375,Leaf Hopper Jassids
augmented_Leaf Hopper Jassids0582.jpg,137.4121578125,157.6028484375,118.1941671875,60.54270278138913,0.0576078125,Leaf Hopper Jassids
augmented_Leaf Hopper Jassids0583.jpg,137.4121578125,157.6028484375,118.1941671875,60.54270278138913,0.0576078125,Leaf Hopper Jassids
augmented_Leaf Hopper Jassids0584.jpg,134.2020375,150.7543296875,118.5447609375,65.7103798849304,0.3587625,Leaf Hopper Jassids
augmented_Leaf Hopper Jassids0585.jpg,137.42051875,157.636609375,118.194734375,60.50204671504922,0.0569375,Leaf Hopper Jassids
augmented_Leaf Hopper Jassids0586.jpg,161.0532984375,176.6327875,143.126325,66.66382402708047,0.051878125,Leaf Hopper Jassids
augmented_Leaf Hopper Jassids0587.jpg,158.025134375,174.1557640625,139.7913078125,66.27525028964075,0.051825,Leaf Hopper Jassids
augmented_Leaf Hopper Jassids0588.jpg,152.3296046875,170.6344828125,134.56545,65.36199440977454,0.056690625,Leaf Hopper Jassids
augmented_Leaf Hopper Jassids0589.jpg,135.0598734375,153.1407765625,111.4398921875,49.362032840271304,0.0384828125,Leaf Hopper Jassids
augmented_Leaf Hopper Jassids0590.jpg,138.5125828125,156.7843125,114.487371875,50.31677782978333,0.0388,Leaf Hopper Jassids
augmented_Leaf Hopper Jassids0591.jpg,137.53655,155.8356421875,113.4868125,50.35313394111972,0.0392546875,Leaf Hopper Jassids
augmented_Leaf Hopper Jassids0592.jpg,86.6544109375,100.7079671875,71.0710140625,30.886461967524944,0.0344875,Leaf Hopper Jassids
augmented_Leaf Hopper Jassids0593.jpg,126.4084015625,144.369109375,104.2340140625,45.46017155452746,0.0574734375,Leaf Hopper Jassids
augmented_Leaf Hopper Jassids0594.jpg,135.0326953125,154.0925796875,111.58181875,48.04807436522195,0.060159375,Leaf Hopper Jassids
augmented_Leaf Hopper Jassids0595.jpg,153.79926875,169.46118125,131.6002546875,59.479233071467554,0.0567015625,Leaf Hopper Jassids
augmented_Leaf Hopper Jassids0596.jpg,134.2095390625,153.15463125,110.5335578125,48.044452733489805,0.0599625,Leaf Hopper Jassids
augmented_Leaf Hopper Jassids0597.jpg,162.21936875,182.597221875,133.8071328125,52.84956532117754,0.04335,Leaf Hopper Jassids
augmented_Leaf Hopper Jassids0598.jpg,138.2369234375,157.1007375,112.41085,47.43907493849469,0.0433625,Leaf Hopper Jassids
augmented_Leaf Hopper Jassids0599.jpg,138.2369234375,157.1007375,112.41085,47.43907493849469,0.0433625,Leaf Hopper Jassids
augmented_Leaf Hopper Jassids0600.jpg,151.8801578125,169.1046765625,127.6733359375,56.41674454197973,0.0405609375,Leaf Hopper Jassids
augmented_Leaf Hopper Jassids0601.jpg,148.373065625,165.25194375,124.335159375,56.472446620254566,0.0413109375,Leaf Hopper Jassids
augmented_Leaf Hopper Jassids0602.jpg,157.181634375,177.8500203125,134.700075,49.45923003481252,0.0491734375,Leaf Hopper Jassids
augmented_Leaf Hopper Jassids0603.jpg,141.9375953125,161.754540625,120.36545625,46.73353971410512,0.0446078125,Leaf Hopper Jassids
augmented_Leaf Hopper Jassids0604.jpg,137.807278125,156.6777859375,120.172146875,54.309581156104265,0.3578046875,Leaf Hopper Jassids
augmented_Leaf Hopper Jassids0605.jpg,151.258809375,201.2963515625,141.75038125,39.66301718028403,0.0406609375,Leaf Hopper Jassids
augmented_Leaf Hopper Jassids0606.jpg,124.1878140625,167.880815625,116.1735734375,35.12058315720547,0.0383109375,Leaf Hopper Jassids
augmented_Leaf Hopper Jassids0607.jpg,124.1685953125,167.8577578125,116.1613109375,35.13042167727595,0.0383328125,Leaf Hopper Jassids
augmented_Leaf Hopper Jassids0608.jpg,123.1476875,166.89744375,115.129125,35.128927433702856,0.0373109375,Leaf Hopper Jassids
augmented_Leaf Hopper Jassids0609.jpg,68.3068484375,90.4778625,60.31024375,41.3104174784176,0.0275640625,Leaf Hopper Jassids
augmented_Leaf Hopper Jassids0610.jpg,124.9386875,153.3670484375,112.5231359375,73.54743157182104,0.047728125,Leaf Hopper Jassids
augmented_Leaf Hopper Jassids0611.jpg,124.9386875,153.3670484375,112.5231359375,73.54743157182104,0.047728125,Leaf Hopper Jassids
augmented_Leaf Hopper Jassids0612.jpg,122.1655765625,156.6273015625,104.7291265625,66.94092439441525,0.018803125,Leaf Hopper Jassids
augmented_Leaf Hopper Jassids0613.jpg,171.6925796875,192.5341578125,154.2977015625,74.15860976756314,0.00835625,Leaf Hopper Jassids
augmented_Leaf Hopper Jassids0614.jpg,120.8521453125,145.7014484375,109.029409375,70.95804732181297,0.357665625,Leaf Hopper Jassids
augmented_Leaf Hopper Jassids0615.jpg,146.2747609375,176.703659375,131.3184109375,76.2339737374786,0.01708125,Leaf Hopper Jassids
augmented_Leaf Hopper Jassids0616.jpg,100.77680625,130.66165625,88.8867890625,61.71322005598649,0.0303375,Leaf Hopper Jassids
augmented_Leaf Hopper Jassids0617.jpg,111.2028734375,137.133496875,103.858021875,69.5105072991578,0.3571,Leaf Hopper Jassids
augmented_Leaf Hopper Jassids0618.jpg,119.704909375,153.05820625,108.9860203125,72.10982059782359,0.02705,Leaf Hopper Jassids
augmented_Leaf Hopper Jassids0619.jpg,123.519140625,153.440303125,112.3917109375,75.14783365171357,0.029240625,Leaf Hopper Jassids
augmented_Leaf Hopper Jassids0620.jpg,123.519140625,153.440303125,112.3917109375,75.14783365171357,0.029240625,Leaf Hopper Jassids
augmented_Leaf Hopper Jassids0621.jpg,114.073321875,134.567421875,105.0549453125,68.49725880174904,0.3564984375,Leaf Hopper Jassids
augmented_Leaf Hopper Jassids0622.jpg,114.2057640625,134.6476359375,105.1899578125,68.55289158397035,0.3557640625,Leaf Hopper Jassids
augmented_Leaf Hopper Jassids0623.jpg,132.4722828125,156.8883578125,117.46520625,73.05989243813941,0.0101078125,Leaf Hopper Jassids
augmented_Leaf Hopper Jassids0624.jpg,144.8469609375,169.361671875,130.9574453125,76.02371717382643,0.01066875,Leaf Hopper Jassids
augmented_Leaf Hopper Jassids0625.jpg,127.2759734375,153.6795125,114.96180625,73.87136640587828,0.0095109375,Leaf Hopper Jassids
augmented_Leaf Hopper Jassids0626.jpg,132.3187625,162.67111875,121.8595796875,61.84640634187546,0.0379890625,Leaf Hopper Jassids
augmented_Leaf Hopper Jassids0627.jpg,132.29508125,162.67988125,121.8560609375,61.82565368496639,0.0378625,Leaf Hopper Jassids
augmented_Leaf Hopper Jassids0628.jpg,145.1543390625,176.109246875,137.00636875,64.21545759406996,0.037403125,Leaf Hopper Jassids
augmented_Leaf Hopper Jassids0629.jpg,131.243365625,161.676578125,120.7808984375,61.88297389354062,0.0372140625,Leaf Hopper Jassids
augmented_Leaf Hopper Jassids0630.jpg,104.130778125,123.07916875,91.77008125,58.12826818017248,0.0049796875,Leaf Hopper Jassids
augmented_Leaf Hopper Jassids0631.jpg,104.0144265625,115.49381875,94.1995546875,60.02358522046101,0.3535,Leaf Hopper Jassids
augmented_Leaf Hopper Jassids0632.jpg,104.0037578125,115.4640859375,94.2334515625,59.94675063349974,0.35384375,Leaf Hopper Jassids
augmented_Leaf Hopper Jassids0633.jpg,119.409725,136.3464640625,106.904096875,71.82454137655716,0.006325,Leaf Hopper Jassids
augmented_Leaf Hopper Jassids0634.jpg,118.2779359375,137.00495625,106.8593625,71.34509576982806,0.006725,Leaf Hopper Jassids
augmented_Leaf Hopper Jassids0635.jpg,122.5170328125,144.6921890625,106.1614125,54.26333458482212,0.05945,Leaf Hopper Jassids
augmented_Leaf Hopper Jassids0636.jpg,181.8781609375,194.6522875,162.4336296875,65.8819117038139,0.01586875,Leaf Hopper Jassids
augmented_Leaf Hopper Jassids0637.jpg,145.12926875,168.665575,126.3802765625,62.70863833435939,0.058578125,Leaf Hopper Jassids
augmented_Leaf Hopper Jassids0638.jpg,145.12926875,168.665575,126.3802765625,62.70863833435939,0.058578125,Leaf Hopper Jassids
augmented_Leaf Hopper Jassids0639.jpg,145.12926875,168.665575,126.3802765625,62.70863833435939,0.058578125,Leaf Hopper Jassids
augmented_Leaf Hopper Jassids0640.jpg,145.12926875,168.665575,126.3802765625,62.70863833435939,0.058578125,Leaf Hopper Jassids
augmented_Leaf Hopper Jassids0641.jpg,140.903990625,154.28985,126.6416171875,69.68367055576896,0.3580765625,Leaf Hopper Jassids
augmented_Leaf Hopper Jassids0642.jpg,140.9236609375,154.3234109375,126.677628125,69.6671739454141,0.3583234375,Leaf Hopper Jassids
augmented_Leaf Hopper Jassids0643.jpg,145.1325328125,168.6807234375,126.36584375,62.705347983856534,0.057953125,Leaf Hopper Jassids
augmented_Leaf Hopper Jassids0644.jpg,145.1325328125,168.6807234375,126.36584375,62.705347983856534,0.057953125,Leaf Hopper Jassids
augmented_Leaf Hopper Jassids0645.jpg,157.5990203125,180.8774484375,140.14240625,65.44796424649128,0.055659375,Leaf Hopper Jassids
augmented_Leaf Hopper Jassids0646.jpg,155.473125,179.099828125,138.884309375,64.19177566676697,0.0585546875,Leaf Hopper Jassids
augmented_Leaf Hopper Jassids0647.jpg,150.8006359375,168.4088671875,134.58413125,77.52992132404164,0.0626578125,Leaf Hopper Jassids
augmented_Leaf Hopper Jassids0648.jpg,141.751265625,144.9905421875,132.5365828125,81.40858226620075,0.3640296875,Leaf Hopper Jassids
augmented_Leaf Hopper Jassids0649.jpg,150.788053125,168.4110296875,134.5765578125,77.55254276059593,0.0622359375,Leaf Hopper Jassids
augmented_Leaf Hopper Jassids0650.jpg,115.955171875,133.854821875,107.903471875,48.655313915835286,0.016084375,Leaf Hopper Jassids
augmented_Leaf Hopper Jassids0651.jpg,131.5880890625,151.0050515625,122.349340625,55.332306429647176,0.01968125,Leaf Hopper Jassids
augmented_Leaf Hopper Jassids0652.jpg,145.1928234375,162.01115,136.60165625,63.58439072127974,0.0188859375,Leaf Hopper Jassids
augmented_Leaf Hopper Jassids0653.jpg,131.8648796875,146.09236875,121.449546875,58.4297431581659,0.3555984375,Leaf Hopper Jassids
augmented_Leaf Hopper Jassids0654.jpg,131.7248328125,146.108134375,121.43421875,58.43442188221486,0.357040625,Leaf Hopper Jassids
augmented_Leaf Hopper Jassids0655.jpg,131.7118125,146.0834078125,121.3921125,58.4479191609105,0.3554578125,Leaf Hopper Jassids
augmented_Leaf Hopper Jassids0656.jpg,131.69516875,146.251728125,121.3845796875,58.42236855175013,0.3563125,Leaf Hopper Jassids
augmented_Leaf Hopper Jassids0657.jpg,133.04206875,148.4780796875,120.7132703125,52.268394158420065,0.044553125,Leaf Hopper Jassids
augmented_Leaf Hopper Jassids0658.jpg,160.3375375,172.5858859375,151.6485875,68.7927308073135,0.0423453125,Leaf Hopper Jassids
augmented_Leaf Hopper Jassids0659.jpg,143.6156578125,157.3775578125,132.427521875,61.93706811706924,0.043434375,Leaf Hopper Jassids
augmented_Leaf Hopper Jassids0660.jpg,119.2838515625,135.5760484375,106.7681734375,70.533639909104,0.36079375,Leaf Hopper Jassids
augmented_Leaf Hopper Jassids0661.jpg,119.15464375,135.4560046875,106.8050578125,70.50712395025874,0.36083125,Leaf Hopper Jassids
augmented_Leaf Hopper Jassids0662.jpg,119.216765625,135.5037984375,106.7625671875,70.49071279883466,0.361478125,Leaf Hopper Jassids
augmented_Leaf Hopper Jassids0663.jpg,147.21876875,164.117540625,132.040840625,76.28019996142048,0.090284375,Leaf Hopper Jassids
augmented_Leaf Hopper Jassids0664.jpg,116.5946453125,135.2911453125,98.903671875,67.570306985196,0.0955265625,Leaf Hopper Jassids
augmented_Leaf Hopper Jassids0665.jpg,116.554790625,135.2036125,98.8539265625,67.55234824749077,0.095084375,Leaf Hopper Jassids
augmented_Leaf Hopper Jassids0666.jpg,116.5264640625,135.1986796875,98.8224578125,67.50344021716437,0.0946125,Leaf Hopper Jassids
augmented_Leaf Hopper Jassids0667.jpg,177.2134953125,215.13823125,142.0114875,56.883953285309495,0.098878125,Leaf Hopper Jassids
augmented_Leaf Hopper Jassids0668.jpg,156.690921875,189.5223703125,139.280871875,66.41577263261945,0.0588140625,Leaf Hopper Jassids
augmented_Leaf Hopper Jassids0669.jpg,147.421615625,182.8479765625,129.243184375,63.63469565429872,0.0514875,Leaf Hopper Jassids
augmented_Leaf Hopper Jassids0670.jpg,147.4328328125,182.8605296875,129.2684546875,63.63373826877212,0.0511296875,Leaf Hopper Jassids
augmented_Leaf Hopper Jassids0671.jpg,171.1796125,202.0866171875,138.9172203125,69.67347100881729,0.0549703125,Leaf Hopper Jassids
augmented_Leaf Hopper Jassids0672.jpg,135.4821125,161.068075,120.9261359375,68.85133015888927,0.3619234375,Leaf Hopper Jassids
augmented_Leaf Hopper Jassids0673.jpg,135.3691265625,161.1024078125,120.9255828125,68.81097758550656,0.36098125,Leaf Hopper Jassids
augmented_Leaf Hopper Jassids0674.jpg,139.0595265625,169.365634375,127.875184375,67.6380170152457,0.0354140625,Leaf Hopper Jassids
augmented_Leaf Hopper Jassids0675.jpg,143.67695625,172.8012734375,129.786809375,72.22911095268063,0.0355046875,Leaf Hopper Jassids
augmented_Leaf Hopper Jassids0676.jpg,143.67695625,172.8012734375,129.786809375,72.22911095268063,0.0355046875,Leaf Hopper Jassids
augmented_Leaf Hopper Jassids0677.jpg,125.2299203125,157.233809375,91.830665625,57.57986416180597,0.0681625,Leaf Hopper Jassids
augmented_Leaf Hopper Jassids0678.jpg,125.2299203125,157.233809375,91.830665625,57.57986416180597,0.0681625,Leaf Hopper Jassids
augmented_Leaf Hopper Jassids0679.jpg,131.2711109375,161.964465625,98.4860734375,63.85764415848941,0.066128125,Leaf Hopper Jassids
augmented_Leaf Hopper Jassids0680.jpg,85.5826625,105.6486359375,51.78328125,30.95345551553153,0.0276265625,Leaf Hopper Jassids
augmented_Leaf Hopper Jassids0681.jpg,81.2182359375,100.530896875,49.2189515625,29.29454660963724,0.024340625,Leaf Hopper Jassids
augmented_Leaf Hopper Jassids0682.jpg,164.6917515625,197.92503125,91.0460765625,45.81370914663383,0.141240625,Leaf Hopper Jassids
augmented_Leaf Hopper Jassids0683.jpg,122.3603671875,149.042990625,73.1320390625,45.03623276256163,0.0769390625,Leaf Hopper Jassids
augmented_Leaf Hopper Jassids0684.jpg,128.1907890625,154.1914984375,79.288034375,54.55962119130611,0.0641078125,Leaf Hopper Jassids
augmented_Leaf Hopper Jassids0685.jpg,138.895709375,162.8669828125,94.1349765625,63.34382981633092,0.0607078125,Leaf Hopper Jassids
augmented_Leaf Hopper Jassids0686.jpg,130.8063578125,156.4986546875,85.3540640625,55.87336031048248,0.0733265625,Leaf Hopper Jassids
augmented_Leaf Hopper Jassids0687.jpg,121.3749140625,148.0656953125,72.2463140625,45.03591732003981,0.0740234375,Leaf Hopper Jassids
augmented_Leaf Hopper Jassids0688.jpg,151.072828125,169.1710625,124.3350828125,70.89879691591706,0.040475,Leaf Hopper Jassids
augmented_Leaf Hopper Jassids0689.jpg,162.0407390625,178.1604,137.888715625,72.139713207898,0.0388546875,Leaf Hopper Jassids
augmented_Leaf Hopper Jassids0690.jpg,135.6562515625,157.0352265625,107.1585359375,68.72599329194595,0.047878125,Leaf Hopper Jassids
augmented_Leaf Hopper Jassids0691.jpg,135.6562515625,157.0352265625,107.1585359375,68.72599329194595,0.047878125,Leaf Hopper Jassids
augmented_Leaf Hopper Jassids0692.jpg,120.818390625,145.0002984375,89.195725,60.23319704255571,0.0422015625,Leaf Hopper Jassids
augmented_Leaf Hopper Jassids0693.jpg,120.8273453125,145.0142171875,89.2217625,60.24306372446182,0.0436703125,Leaf Hopper Jassids
augmented_Leaf Hopper Jassids0694.jpg,120.828746875,145.0243203125,89.2299328125,60.254237581014785,0.0450765625,Leaf Hopper Jassids
augmented_Leaf Hopper Jassids0695.jpg,115.6771046875,150.7458140625,69.564803125,47.90227067931513,0.113175,Leaf Hopper Jassids
augmented_Leaf Hopper Jassids0696.jpg,115.6771046875,150.7458140625,69.564803125,47.90227067931513,0.113175,Leaf Hopper Jassids
augmented_Leaf Hopper Jassids0697.jpg,115.6771046875,150.7458140625,69.564803125,47.90227067931513,0.113175,Leaf Hopper Jassids
augmented_Leaf Hopper Jassids0698.jpg,112.1697734375,146.379878125,74.126203125,50.994659429874574,0.36275,Leaf Hopper Jassids
augmented_Leaf Hopper Jassids0699.jpg,112.1213296875,146.45835625,74.1049359375,51.04495734271054,0.362065625,Leaf Hopper Jassids
augmented_Leaf Hopper Jassids0700.jpg,114.7700921875,149.8303734375,68.7222234375,47.881040524593594,0.099715625,Leaf Hopper Jassids
augmented_Leaf Hopper Jassids0701.jpg,118.708134375,154.3333125,77.3841390625,52.15942826399223,0.0804671875,Leaf Hopper Jassids
augmented_Leaf Hopper Jassids0702.jpg,142.0645,172.8992765625,107.5098390625,68.55736713610241,0.059784375,Leaf Hopper Jassids
augmented_Leaf Hopper Jassids0703.jpg,132.479228125,165.2052625,93.877509375,62.988423153503696,0.06396875,Leaf Hopper Jassids
augmented_Leaf Hopper Jassids0704.jpg,137.202334375,168.9930015625,100.0818546875,66.01306623720855,0.062265625,Leaf Hopper Jassids
augmented_Leaf Hopper Jassids0705.jpg,134.0909109375,166.1781171875,96.54045625,61.30965223095912,0.0706828125,Leaf Hopper Jassids
augmented_Leaf Hopper Jassids0706.jpg,117.760515625,153.426596875,76.5162109375,52.13586121422681,0.066821875,Leaf Hopper Jassids
augmented_Leaf Hopper Jassids0707.jpg,161.9669484375,205.8591859375,100.1640046875,49.38346407491238,0.1357390625,Leaf Hopper Jassids
augmented_Leaf Hopper Jassids0708.jpg,123.2154875,157.5561546875,83.7412859375,54.473872432771245,0.069921875,Leaf Hopper Jassids
augmented_Leaf Hopper Jassids0709.jpg,123.2154875,157.5561546875,83.7412859375,54.473872432771245,0.069921875,Leaf Hopper Jassids
augmented_Leaf Hopper Jassids0710.jpg,123.2709921875,157.597453125,83.806909375,54.491610579289734,0.0693609375,Leaf Hopper Jassids
augmented_Leaf Hopper Jassids0711.jpg,140.17685625,171.3035203125,105.4190234375,67.13540704610925,0.05368125,Leaf Hopper Jassids
augmented_Leaf Hopper Jassids0712.jpg,133.49261875,165.5718203125,98.1845625,63.10334752457637,0.0644734375,Leaf Hopper Jassids
augmented_Leaf Hopper Jassids0713.jpg,152.523084375,190.2326734375,129.51001875,66.90296704939286,0.0761703125,Leaf Hopper Jassids
augmented_Leaf Hopper Jassids0714.jpg,133.781721875,170.4966453125,123.45048125,62.115949122978975,0.0683,Leaf Hopper Jassids
augmented_Leaf Hopper Jassids0715.jpg,151.4955625,188.1117265625,133.55160625,69.47463948303368,0.0705359375,Leaf Hopper Jassids
augmented_Leaf Hopper Jassids0716.jpg,144.0732609375,182.776459375,126.739184375,66.01291292911671,0.067225,Leaf Hopper Jassids
augmented_Leaf Hopper Jassids0717.jpg,131.283334375,159.9226296875,100.34880625,58.91120623221129,0.3645515625,Leaf Hopper Jassids
augmented_Leaf Hopper Jassids0718.jpg,146.60436875,175.7612140625,120.396109375,61.00231576334795,0.1300359375,Leaf Hopper Jassids
augmented_Leaf Hopper Jassids0719.jpg,146.60436875,175.7612140625,120.396109375,61.00231576334795,0.1300359375,Leaf Hopper Jassids
augmented_Leaf Hopper Jassids0720.jpg,146.60436875,175.7612140625,120.396109375,61.00231576334795,0.1300359375,Leaf Hopper Jassids
augmented_Leaf Hopper Jassids0721.jpg,136.3638828125,165.0920234375,112.639153125,55.25812910043967,0.1620875,Leaf Hopper Jassids
augmented_Leaf Hopper Jassids0722.jpg,136.4122890625,165.12561875,112.7070671875,55.2705080663114,0.161709375,Leaf Hopper Jassids
augmented_Leaf Hopper Jassids0723.jpg,146.2635625,172.6980625,116.99005,66.01086618448575,0.1437921875,Leaf Hopper Jassids
augmented_Leaf Hopper Jassids0724.jpg,163.0770640625,195.3471796875,153.9240796875,65.32330869212548,0.0977953125,Leaf Hopper Jassids
augmented_Leaf Hopper Jassids0725.jpg,89.516390625,110.9695609375,91.2835953125,36.443961771075045,0.0368203125,Leaf Hopper Jassids
augmented_Leaf Hopper Jassids0726.jpg,144.9553359375,175.893021875,145.77234375,59.990311592283426,0.0867,Leaf Hopper Jassids
augmented_Leaf Hopper Jassids0727.jpg,144.955415625,175.8926265625,145.742590625,59.97640591085777,0.086,Leaf Hopper Jassids
augmented_Leaf Hopper Jassids0728.jpg,132.5293953125,158.810165625,107.257953125,54.79592352469887,0.0763078125,Leaf Hopper Jassids
augmented_Leaf Hopper Jassids0729.jpg,132.5085796875,158.78719375,107.2026328125,54.78460276041867,0.0752328125,Leaf Hopper Jassids
augmented_Leaf Hopper Jassids0730.jpg,132.5085796875,158.78719375,107.2026328125,54.78460276041867,0.0752328125,Leaf Hopper Jassids
augmented_Leaf Hopper Jassids0731.jpg,131.6055984375,157.8945609375,106.412196875,54.77797121743504,0.067465625,Leaf Hopper Jassids
augmented_Leaf Hopper Jassids0732.jpg,81.8276875,99.749284375,79.982303125,36.45769131658585,0.01101875,Leaf Hopper Jassids
augmented_Leaf Hopper Jassids0733.jpg,143.9062125,164.0095265625,130.849940625,75.41240582593055,0.0317453125,Leaf Hopper Jassids
augmented_Leaf Hopper Jassids0734.jpg,139.3536421875,160.4620265625,128.3010921875,71.76359366412842,0.0314234375,Leaf Hopper Jassids
augmented_Leaf Hopper Jassids0735.jpg,139.1096671875,161.242159375,134.8926390625,65.58973084780192,0.0355765625,Leaf Hopper Jassids
augmented_Leaf Hopper Jassids0736.jpg,139.1096671875,161.242159375,134.8926390625,65.58973084780192,0.0355765625,Leaf Hopper Jassids
augmented_Leaf Hopper Jassids0737.jpg,139.1096671875,161.242159375,134.8926390625,65.58973084780192,0.0355765625,Leaf Hopper Jassids
augmented_Leaf Hopper Jassids0738.jpg,132.9800109375,153.90565625,126.2626828125,62.63738920035405,0.357290625,Leaf Hopper Jassids
augmented_Leaf Hopper Jassids0739.jpg,144.8273984375,165.3951625,140.1440203125,65.287275072331,0.089190625,Leaf Hopper Jassids
augmented_Leaf Hopper Jassids0740.jpg,144.8273984375,165.3951625,140.1440203125,65.287275072331,0.089190625,Leaf Hopper Jassids
augmented_Leaf Hopper Jassids0741.jpg,82.0721875,103.7360921875,77.385465625,43.19710757222213,0.0240421875,Leaf Hopper Jassids
augmented_Leaf Hopper Jassids0742.jpg,121.292084375,150.5571703125,112.470625,64.6689052174341,0.051278125,Leaf Hopper Jassids
augmented_Leaf Hopper Jassids0743.jpg,121.066765625,146.8888765625,113.0414421875,66.84789590411513,0.35795625,Leaf Hopper Jassids
augmented_Leaf Hopper Jassids0744.jpg,121.2879890625,150.551059375,112.4439921875,64.65494713991555,0.0501828125,Leaf Hopper Jassids
augmented_Leaf Hopper Jassids0745.jpg,149.986184375,173.05345625,142.1627234375,76.53656262526525,0.0374203125,Leaf Hopper Jassids
augmented_Leaf Hopper Jassids0746.jpg,147.71770625,171.2566359375,139.8630390625,76.01085120489164,0.0381796875,Leaf Hopper Jassids
augmented_Leaf Hopper Jassids0747.jpg,116.750625,142.7545796875,92.875015625,59.483314010795866,0.0157984375,Leaf Hopper Jassids
augmented_Leaf Hopper Jassids0748.jpg,116.750625,142.7545796875,92.875015625,59.483314010795866,0.0157984375,Leaf Hopper Jassids
augmented_Leaf Hopper Jassids0749.jpg,115.29343125,139.590721875,97.584115625,62.30290047059909,0.3550328125,Leaf Hopper Jassids
augmented_Leaf Hopper Jassids0750.jpg,116.7914078125,142.7984625,92.936340625,59.5004479781519,0.01533125,Leaf Hopper Jassids
augmented_Leaf Hopper Jassids0751.jpg,116.7914078125,142.7984625,92.936340625,59.5004479781519,0.01533125,Leaf Hopper Jassids
augmented_Leaf Hopper Jassids0752.jpg,68.9046703125,85.5969453125,55.6082875,34.971657916441416,0.0103578125,Leaf Hopper Jassids
augmented_Leaf Hopper Jassids0753.jpg,119.1878953125,144.0139390625,94.1432953125,62.220558839176086,0.0512765625,Leaf Hopper Jassids
augmented_Leaf Hopper Jassids0754.jpg,123.0995015625,148.744153125,110.1930859375,69.41082681361009,0.0405515625,Leaf Hopper Jassids
augmented_Leaf Hopper Jassids0755.jpg,123.0995015625,148.744153125,110.1930859375,69.41082681361009,0.0405515625,Leaf Hopper Jassids
augmented_Leaf Hopper Jassids0756.jpg,123.0995015625,148.744153125,110.1930859375,69.41082681361009,0.0405515625,Leaf Hopper Jassids
augmented_Leaf Hopper Jassids0757.jpg,140.27979375,163.1902203125,131.187396875,73.65521523419599,0.03574375,Leaf Hopper Jassids
augmented_Leaf Hopper Jassids0758.jpg,122.2378453125,147.9238984375,109.4924921875,69.42250078359872,0.03421875,Leaf Hopper Jassids
augmented_Leaf Hopper Jassids0759.jpg,113.4751046875,142.06416875,69.1444734375,31.37368826067113,0.0991640625,Leaf Hopper Jassids
augmented_Leaf Hopper Jassids0760.jpg,113.4751046875,142.06416875,69.1444734375,31.37368826067113,0.0991640625,Leaf Hopper Jassids
augmented_Leaf Hopper Jassids0761.jpg,113.4751046875,142.06416875,69.1444734375,31.37368826067113,0.0991640625,Leaf Hopper Jassids
augmented_Leaf Hopper Jassids0762.jpg,113.4751046875,142.06416875,69.1444734375,31.37368826067113,0.0991640625,Leaf Hopper Jassids
augmented_Leaf Hopper Jassids0763.jpg,126.6989875,152.9623375,86.8441421875,49.79711660139067,0.0832265625,Leaf Hopper Jassids
augmented_Leaf Hopper Jassids0764.jpg,133.75468125,160.237228125,125.59048125,76.86227653747208,0.0306328125,Leaf Hopper Jassids
augmented_Leaf Hopper Jassids0765.jpg,127.639646875,151.9394796875,103.69641875,58.31047343503004,0.1344984375,Leaf Hopper Jassids
augmented_Leaf Hopper Jassids0766.jpg,125.9195765625,148.1461078125,101.0313046875,61.40639423276191,0.3617890625,Leaf Hopper Jassids
augmented_Leaf Hopper Jassids0767.jpg,141.05349375,163.3380640625,120.3993984375,65.09245271602407,0.128696875,Leaf Hopper Jassids
augmented_Leaf Hopper Jassids0768.jpg,150.011409375,167.1719109375,115.8801203125,57.67803404384623,0.0763234375,Leaf Hopper Jassids
augmented_Leaf Hopper Jassids0769.jpg,163.8693859375,178.792740625,134.5730453125,61.45804555487662,0.0639859375,Leaf Hopper Jassids
augmented_Leaf Hopper Jassids0770.jpg,148.026978125,165.5531640625,113.362384375,56.84183678841752,0.0788984375,Leaf Hopper Jassids
augmented_Leaf Hopper Jassids0771.jpg,143.43323125,162.1257890625,107.4147328125,55.868220412304886,0.0990203125,Leaf Hopper Jassids
augmented_Leaf Hopper Jassids0772.jpg,131.3599390625,151.3383828125,92.1110234375,46.935064279596375,0.0913515625,Leaf Hopper Jassids
augmented_Leaf Hopper Jassids0773.jpg,127.6694015625,151.50278125,92.6665375,42.09118757673301,0.1752671875,Leaf Hopper Jassids
augmented_Leaf Hopper Jassids0774.jpg,127.7014421875,151.527715625,92.713090625,42.09184381897232,0.1756484375,Leaf Hopper Jassids
augmented_Leaf Hopper Jassids0775.jpg,129.558803125,152.84538125,99.7722953125,50.06056058164036,0.1170296875,Leaf Hopper Jassids
augmented_Leaf Hopper Jassids0776.jpg,124.8226046875,147.771196875,96.8049703125,48.44306628370848,0.1117296875,Leaf Hopper Jassids
augmented_Leaf Hopper Jassids0777.jpg,124.8226046875,147.771196875,96.8049703125,48.44306628370848,0.1117296875,Leaf Hopper Jassids
augmented_Leaf Hopper Jassids0778.jpg,124.8758765625,147.8110265625,96.89155625,48.431425812555034,0.110175,Leaf Hopper Jassids
augmented_Leaf Hopper Jassids0779.jpg,127.59365625,149.5650015625,97.09815,53.13112665217852,0.0957078125,Leaf Hopper Jassids
augmented_Leaf Hopper Jassids0780.jpg,128.4157046875,150.1605953125,97.161928125,54.485932855226714,0.0949109375,Leaf Hopper Jassids
augmented_Leaf Hopper Jassids0781.jpg,135.244609375,156.6802796875,108.3114703125,58.45022450075173,0.1068546875,Leaf Hopper Jassids
augmented_Leaf Hopper Jassids0782.jpg,135.244609375,156.6802796875,108.3114703125,58.45022450075173,0.1068546875,Leaf Hopper Jassids
augmented_Leaf Hopper Jassids0783.jpg,135.244609375,156.6802796875,108.3114703125,58.45022450075173,0.1068546875,Leaf Hopper Jassids
augmented_Leaf Hopper Jassids0784.jpg,123.9148484375,146.8478703125,95.924571875,48.38195178868151,0.0978328125,Leaf Hopper Jassids
augmented_Leaf Hopper Jassids0785.jpg,134.7664078125,161.5703765625,141.8669765625,65.35917564102604,0.35554375,Leaf Hopper Jassids
augmented_Leaf Hopper Jassids0786.jpg,142.013971875,170.1728890625,150.0191796875,68.3689348737186,0.0402328125,Leaf Hopper Jassids
augmented_Leaf Hopper Jassids0787.jpg,142.013971875,170.1728890625,150.0191796875,68.3689348737186,0.0402328125,Leaf Hopper Jassids
augmented_Leaf Hopper Jassids0788.jpg,133.6755484375,164.470884375,146.01494375,61.90198067663669,0.03626875,Leaf Hopper Jassids
augmented_Leaf Hopper Jassids0789.jpg,133.6919765625,164.48064375,146.1411984375,61.93795941746587,0.03901875,Leaf Hopper Jassids
augmented_Leaf Hopper Jassids0790.jpg,118.108059375,140.8948796875,103.6272015625,66.27894418826077,0.3588078125,Leaf Hopper Jassids
augmented_Leaf Hopper Jassids0791.jpg,123.2524984375,147.6783546875,103.1490609375,68.80294546247525,0.0402,Leaf Hopper Jassids
augmented_Leaf Hopper Jassids0792.jpg,117.970090625,149.7689609375,105.4196828125,68.17701025893683,0.033446875,Leaf Hopper Jassids
augmented_Leaf Hopper Jassids0793.jpg,117.970090625,149.7689609375,105.4196828125,68.17701025893683,0.033446875,Leaf Hopper Jassids
augmented_Leaf Hopper Jassids0794.jpg,117.4293390625,144.845246875,105.5586359375,68.79179939379354,0.360346875,Leaf Hopper Jassids
augmented_Leaf Hopper Jassids0795.jpg,118.0247203125,149.8083484375,105.4517,68.15830502346115,0.0327046875,Leaf Hopper Jassids
augmented_Leaf Hopper Jassids0796.jpg,126.44715625,156.070425,111.975575,73.65855619686579,0.0337671875,Leaf Hopper Jassids
augmented_Leaf Hopper Jassids0797.jpg,117.0573765625,148.8717984375,104.6554609375,68.18429948122156,0.02688125,Leaf Hopper Jassids
augmented_Leaf Hopper Jassids0798.jpg,117.0983421875,148.92015,104.724834375,68.22704947862388,0.02843125,Leaf Hopper Jassids
augmented_Leaf Hopper Jassids0799.jpg,82.4322046875,104.3173109375,71.4471875,42.379932339378165,0.0186765625,Leaf Hopper Jassids
augmented_Leaf Hopper Jassids0800.jpg,113.2918234375,138.909534375,101.3876171875,62.40954483859143,0.3548765625,Leaf Hopper Jassids
augmented_Leaf Hopper Jassids0801.jpg,113.2165984375,141.1950453125,96.905484375,59.021067769221354,0.0424859375,Leaf Hopper Jassids
augmented_Leaf Hopper Jassids0802.jpg,113.2165984375,141.1950453125,96.905484375,59.021067769221354,0.0424859375,Leaf Hopper Jassids
augmented_Leaf Hopper Jassids0803.jpg,120.9941765625,146.312634375,102.8184140625,67.82775620621234,0.03685625,Leaf Hopper Jassids
augmented_Leaf Hopper Jassids0804.jpg,117.5611546875,143.9421234375,99.844359375,64.23174586901918,0.037278125,Leaf Hopper Jassids
augmented_Leaf Hopper Jassids0805.jpg,117.1232203125,143.7925046875,109.7955109375,69.8074575547939,0.358771875,Leaf Hopper Jassids
augmented_Leaf Hopper Jassids0806.jpg,116.760646875,149.068025,110.2694640625,69.45711872285757,0.0228859375,Leaf Hopper Jassids
augmented_Leaf Hopper Jassids0807.jpg,123.3529859375,153.4194875,112.9752125,75.30097502265848,0.0226609375,Leaf Hopper Jassids
augmented_Leaf Hopper Jassids0808.jpg,115.81896875,148.1273203125,109.5036578125,69.56592913832817,0.0217859375,Leaf Hopper Jassids
augmented_Leaf Hopper Jassids0809.jpg,116.7054421875,144.674353125,88.9364890625,57.029972397567796,0.0643515625,Leaf Hopper Jassids
augmented_Leaf Hopper Jassids0810.jpg,114.2478984375,140.2858953125,88.6658453125,59.4252568839785,0.3588453125,Leaf Hopper Jassids
augmented_Leaf Hopper Jassids0811.jpg,114.3825296875,140.402146875,88.656159375,59.497000068616906,0.3598625,Leaf Hopper Jassids
augmented_Leaf Hopper Jassids0812.jpg,116.7772703125,144.733984375,89.0377140625,57.04601436163238,0.06335625,Leaf Hopper Jassids
augmented_Leaf Hopper Jassids0813.jpg,131.8669640625,156.7532171875,107.5735703125,66.9456792584462,0.0615640625,Leaf Hopper Jassids
augmented_Leaf Hopper Jassids0814.jpg,127.29130625,149.5485578125,96.2600625,55.044214957925746,0.07491875,Leaf Hopper Jassids
augmented_Leaf Hopper Jassids0815.jpg,127.29130625,149.5485578125,96.2600625,55.044214957925746,0.07491875,Leaf Hopper Jassids
augmented_Leaf Hopper Jassids0816.jpg,138.3379984375,157.9627,112.6305875,64.67124922928477,0.062240625,Leaf Hopper Jassids
augmented_Leaf Hopper Jassids0817.jpg,134.019903125,154.730659375,106.4175125,61.621442203481585,0.0654171875,Leaf Hopper Jassids
augmented_Leaf Hopper Jassids0818.jpg,147.4193921875,165.08521875,124.8648359375,68.78646726901455,0.0579953125,Leaf Hopper Jassids
augmented_Leaf Hopper Jassids0819.jpg,137.835125,157.5964140625,111.875459375,64.34093250511165,0.0632625,Leaf Hopper Jassids
augmented_Leaf Hopper Jassids0820.jpg,126.405584375,148.5001953125,95.4967171875,55.05860463837633,0.0676375,Leaf Hopper Jassids
augmented_Leaf Hopper Jassids0821.jpg,186.4722359375,204.8530546875,118.327753125,47.252383455903534,0.235721875,Leaf Hopper Jassids
augmented_Leaf Hopper Jassids0822.jpg,141.526721875,156.212709375,93.7587,44.6794828966722,0.1862078125,Leaf Hopper Jassids
augmented_Leaf Hopper Jassids0823.jpg,141.526721875,156.212709375,93.7587,44.6794828966722,0.1862078125,Leaf Hopper Jassids
augmented_Leaf Hopper Jassids0824.jpg,148.7887703125,166.20369375,108.0478546875,64.35034542305263,0.3667890625,Leaf Hopper Jassids
augmented_Leaf Hopper Jassids0825.jpg,148.78723125,166.0237734375,108.1041859375,64.43967746656419,0.3667515625,Leaf Hopper Jassids
augmented_Leaf Hopper Jassids0826.jpg,156.0409375,176.24295625,126.7933640625,62.79804787064663,0.06175,Leaf Hopper Jassids
augmented_Leaf Hopper Jassids0827.jpg,156.1004515625,176.2945359375,126.7667578125,62.846296408972066,0.065725,Leaf Hopper Jassids
augmented_Leaf Hopper Jassids0828.jpg,156.0529375,176.2609578125,126.8063671875,62.78914518067025,0.061640625,Leaf Hopper Jassids
augmented_Leaf Hopper Jassids0829.jpg,79.8606015625,96.917821875,61.7518203125,30.62724583113026,0.0831875,Leaf Hopper Jassids
augmented_Leaf Hopper Jassids0830.jpg,85.08565,102.9093328125,66.087509375,32.7698138706188,0.0924328125,Leaf Hopper Jassids
augmented_Leaf Hopper Jassids0831.jpg,102.57895625,123.11275,79.487078125,40.081444531530515,0.1296203125,Leaf Hopper Jassids
augmented_Leaf Hopper Jassids0832.jpg,76.1741359375,92.6905328125,58.928390625,29.115861020499402,0.0770359375,Leaf Hopper Jassids
augmented_Leaf Hopper Jassids0833.jpg,78.3887125,95.20380625,60.8558375,30.07298528005905,0.0804828125,Leaf Hopper Jassids
augmented_Leaf Hopper Jassids0834.jpg,133.5895546875,158.6770796875,99.8399625,52.046404253025734,0.1831671875,Leaf Hopper Jassids
augmented_Leaf Hopper Jassids0835.jpg,135.4398828125,159.54955625,99.793634375,55.1173355424532,0.18444375,Leaf Hopper Jassids
augmented_Leaf Hopper Jassids0836.jpg,132.5916546875,157.6966375,99.01566875,52.0233592662641,0.1792375,Leaf Hopper Jassids
augmented_Leaf Hopper Jassids0837.jpg,132.57434375,157.6830625,98.990578125,52.008984617515004,0.1774640625,Leaf Hopper Jassids
augmented_Leaf Hopper Jassids0838.jpg,130.1146296875,157.0025171875,91.761975,44.87292299514508,0.09075,Leaf Hopper Jassids
augmented_Leaf Hopper Jassids0839.jpg,130.0832515625,156.9803796875,91.7243265625,44.79552387212938,0.089953125,Leaf Hopper Jassids
augmented_Leaf Hopper Jassids0840.jpg,137.1978875,162.0152234375,100.6855109375,52.43431628707863,0.0809046875,Leaf Hopper Jassids
augmented_Leaf Hopper Jassids0841.jpg,134.0391921875,159.8650015625,96.883684375,49.44689609972966,0.0810265625,Leaf Hopper Jassids
augmented_Leaf Hopper Jassids0842.jpg,132.01625625,158.0693796875,91.626784375,48.93165134370778,0.0928203125,Leaf Hopper Jassids
augmented_Leaf Hopper Jassids0843.jpg,132.01625625,158.0693796875,91.626784375,48.93165134370778,0.0928203125,Leaf Hopper Jassids
augmented_Leaf Hopper Jassids0844.jpg,129.19444375,156.1244296875,90.757525,44.91103595470022,0.0848609375,Leaf Hopper Jassids
augmented_Leaf Hopper Jassids0845.jpg,121.1946203125,150.62648125,97.800421875,60.31037599403417,0.361603125,Leaf Hopper Jassids
augmented_Leaf Hopper Jassids0846.jpg,122.76585625,154.38009375,104.7985953125,56.99263805263229,0.048553125,Leaf Hopper Jassids
augmented_Leaf Hopper Jassids0847.jpg,122.76585625,154.38009375,104.7985953125,56.99263805263229,0.048553125,Leaf Hopper Jassids
augmented_Leaf Hopper Jassids0848.jpg,124.96501875,148.7429609375,124.2761375,73.27382122981301,0.36023125,Leaf Hopper Jassids
augmented_Leaf Hopper Jassids0849.jpg,129.8634921875,157.93644375,126.2738515625,78.473546484862,0.0303375,Leaf Hopper Jassids
augmented_Leaf Hopper Jassids0850.jpg,129.8634921875,157.93644375,126.2738515625,78.473546484862,0.0303375,Leaf Hopper Jassids
augmented_Leaf Hopper Jassids0851.jpg,123.1354515625,153.5858,124.13356875,73.46511633254975,0.0280953125,Leaf Hopper Jassids
augmented_Leaf Hopper Jassids0852.jpg,145.204921875,167.5538625,100.1741703125,52.99054824646907,0.1736640625,Leaf Hopper Jassids
augmented_Leaf Hopper Jassids0853.jpg,126.399203125,147.0570671875,90.664065625,47.520327237977554,0.144984375,Leaf Hopper Jassids
augmented_Leaf Hopper Jassids0854.jpg,125.4565625,145.52086875,92.8260453125,53.51639933716836,0.360875,Leaf Hopper Jassids
augmented_Leaf Hopper Jassids0855.jpg,125.4549625,145.423115625,93.0015953125,53.50563522599178,0.3607765625,Leaf Hopper Jassids
augmented_Leaf Hopper Jassids0856.jpg,126.4380859375,147.0896,90.7054953125,47.49286388162659,0.14203125,Leaf Hopper Jassids
augmented_Leaf Hopper Jassids0857.jpg,126.4380859375,147.0896,90.7054953125,47.49286388162659,0.14203125,Leaf Hopper Jassids
augmented_Leaf Hopper Jassids0858.jpg,125.51244375,146.1687828125,89.8061984375,47.31430638759113,0.1255265625,Leaf Hopper Jassids
augmented_Leaf Hopper Jassids0859.jpg,125.4897625,146.14478125,89.785553125,47.35728840033206,0.125090625,Leaf Hopper Jassids
augmented_Leaf Hopper Jassids0860.jpg,78.9526296875,95.31664375,65.507834375,31.08383174657702,0.0443734375,Leaf Hopper Jassids
augmented_Leaf Hopper Jassids0861.jpg,127.144371875,149.21818125,101.7117453125,57.04392381917028,0.36330625,Leaf Hopper Jassids
augmented_Leaf Hopper Jassids0862.jpg,174.234475,201.806128125,137.932353125,56.38913518753574,0.1867140625,Leaf Hopper Jassids
augmented_Leaf Hopper Jassids0863.jpg,138.7251828125,165.3302953125,121.05315625,49.94356604447375,0.1611515625,Leaf Hopper Jassids
augmented_Leaf Hopper Jassids0864.jpg,138.6077515625,165.4246859375,120.8546453125,50.01742264888804,0.160559375,Leaf Hopper Jassids
augmented_Leaf Hopper Jassids0865.jpg,122.9534671875,152.2582078125,116.9575765625,63.56572501318869,0.0736109375,Leaf Hopper Jassids
augmented_Leaf Hopper Jassids0866.jpg,122.707240625,148.8697921875,114.2339703125,66.16481529744578,0.356296875,Leaf Hopper Jassids
augmented_Leaf Hopper Jassids0867.jpg,122.975903125,152.2722578125,116.9442390625,63.52940260049001,0.072990625,Leaf Hopper Jassids
augmented_Leaf Hopper Jassids0868.jpg,125.771115625,153.7693671875,117.6267984375,66.2371930882484,0.0662546875,Leaf Hopper Jassids
augmented_Leaf Hopper Jassids0869.jpg,130.832809375,157.8610421875,123.1019234375,70.03555801722678,0.073478125,Leaf Hopper Jassids
augmented_Leaf Hopper Jassids0870.jpg,130.832809375,157.8610421875,123.1019234375,70.03555801722678,0.073478125,Leaf Hopper Jassids
augmented_Leaf Hopper Jassids0871.jpg,122.1062609375,151.41961875,115.7932921875,63.3704205858153,0.0660453125,Leaf Hopper Jassids
augmented_Leaf Hopper Jassids0872.jpg,164.0460625,192.8915765625,139.16234375,58.94529882684988,0.0803125,Leaf Hopper Jassids
augmented_Leaf Hopper Jassids0873.jpg,133.9632796875,162.8757765625,123.833834375,63.37772068032719,0.05705,Leaf Hopper Jassids
augmented_Leaf Hopper Jassids0874.jpg,139.2435046875,166.0622796875,126.6722,68.04711148837622,0.0490171875,Leaf Hopper Jassids
augmented_Leaf Hopper Jassids0875.jpg,137.708978125,164.855921875,125.5753015625,66.75492092182859,0.0501890625,Leaf Hopper Jassids
augmented_Leaf Hopper Jassids0876.jpg,140.4336828125,166.78568125,127.5625890625,68.96547621405115,0.0476890625,Leaf Hopper Jassids
augmented_Leaf Hopper Jassids0877.jpg,136.4005859375,164.106871875,124.8496796875,65.56820088394834,0.0511671875,Leaf Hopper Jassids
augmented_Leaf Hopper Jassids0878.jpg,136.9609796875,163.8517078125,123.9369828125,66.45283788476293,0.0583421875,Leaf Hopper Jassids
augmented_Leaf Hopper Jassids0879.jpg,133.179053125,161.95618125,123.186128125,63.59432100899955,0.052234375,Leaf Hopper Jassids
augmented_Leaf Hopper Jassids0880.jpg,133.196125,161.9594125,123.2036484375,63.62662587644182,0.053021875,Leaf Hopper Jassids
augmented_Leaf Hopper Jassids0881.jpg,153.9966484375,177.3746515625,129.4072734375,63.87623074501735,0.040725,Leaf Hopper Jassids
augmented_Leaf Hopper Jassids0882.jpg,158.096596875,181.051546875,133.8861,67.71222004373769,0.0413078125,Leaf Hopper Jassids
augmented_Leaf Hopper Jassids0883.jpg,160.1739296875,187.619490625,123.33685,73.3284836298613,0.1090390625,Leaf Hopper Jassids
augmented_Leaf Hopper Jassids0884.jpg,113.78233125,135.807228125,88.900540625,54.3285421236453,0.08073125,Leaf Hopper Jassids
augmented_Leaf Hopper Jassids0885.jpg,137.7062734375,163.10186875,107.6809203125,66.59358507670683,0.093909375,Leaf Hopper Jassids
augmented_Leaf Hopper Jassids0886.jpg,95.8010546875,118.8955125,67.80003125,52.624119426893365,0.0665515625,Leaf Hopper Jassids
augmented_Leaf Hopper Jassids0887.jpg,117.3742125,142.2899609375,110.7166578125,66.86911102218619,0.3576984375,Leaf Hopper Jassids
augmented_Leaf Hopper Jassids0888.jpg,127.403603125,155.21015625,90.7628703125,72.22032609933288,0.0839375,Leaf Hopper Jassids
augmented_Leaf Hopper Jassids0889.jpg,123.636921875,151.741028125,87.166275,68.60027164598053,0.083365625,Leaf Hopper Jassids
augmented_Leaf Hopper Jassids0890.jpg,123.6562796875,151.744425,87.096309375,68.51235352426615,0.0830375,Leaf Hopper Jassids
augmented_Leaf Hopper Jassids0891.jpg,147.71746875,174.6612796875,113.7584984375,79.01273118047277,0.0820609375,Leaf Hopper Jassids
augmented_Leaf Hopper Jassids0892.jpg,132.0046171875,157.5352421875,103.774071875,77.68189012751793,0.073075,Leaf Hopper Jassids
augmented_Leaf Hopper Jassids0893.jpg,132.0307609375,157.56474375,103.730478125,77.64324313660148,0.0718578125,Leaf Hopper Jassids
augmented_Leaf Hopper Jassids0894.jpg,132.0307609375,157.56474375,103.730478125,77.64324313660148,0.0718578125,Leaf Hopper Jassids
augmented_Leaf Hopper Jassids0895.jpg,132.0307609375,157.56474375,103.730478125,77.64324313660148,0.0718578125,Leaf Hopper Jassids
augmented_Leaf Hopper Jassids0896.jpg,145.80774375,169.6369546875,120.017909375,84.98809208702183,0.064128125,Leaf Hopper Jassids
augmented_Leaf Hopper Jassids0897.jpg,156.6866015625,178.734321875,133.5720734375,86.61469340508299,0.058371875,Leaf Hopper Jassids
augmented_Leaf Hopper Jassids0898.jpg,156.81065,178.831025,133.7099203125,86.60616209407905,0.0588328125,Leaf Hopper Jassids
augmented_Leaf Hopper Jassids0899.jpg,143.8129734375,168.6290125,118.786171875,81.9445928960843,0.071390625,Leaf Hopper Jassids
augmented_Leaf Hopper Jassids0900.jpg,131.020440625,156.824228125,103.0689875,77.74851494542256,0.0683546875,Leaf Hopper Jassids
augmented_Leaf Hopper Jassids0901.jpg,129.1420296875,154.769971875,107.67575625,72.5815109821601,0.0362859375,Leaf Hopper Jassids
augmented_Leaf Hopper Jassids0902.jpg,138.527528125,163.3590328125,116.8644859375,79.84610390336391,0.0361875,Leaf Hopper Jassids
augmented_Leaf Hopper Jassids0903.jpg,127.350215625,152.215084375,95.07714375,76.95608877728685,0.026321875,Leaf Hopper Jassids
augmented_Leaf Hopper Jassids0904.jpg,124.3170375,142.9431578125,127.493484375,74.5710854217696,0.3638859375,Leaf Hopper Jassids
augmented_Leaf Hopper Jassids0905.jpg,127.2676171875,152.14541875,94.982165625,76.95475602635055,0.0266796875,Leaf Hopper Jassids
augmented_Leaf Hopper Jassids0906.jpg,137.296190625,161.18714375,109.9151578125,81.10572041251231,0.0237484375,Leaf Hopper Jassids
augmented_Leaf Hopper Jassids0907.jpg,140.437175,163.70439375,114.4132421875,82.09373082637858,0.0238578125,Leaf Hopper Jassids
augmented_Leaf Hopper Jassids0908.jpg,128.9156125,153.1886328125,96.5548796875,79.4561190967536,0.0277171875,Leaf Hopper Jassids
augmented_Leaf Hopper Jassids0909.jpg,126.416290625,151.3105703125,94.4720484375,77.027492774362,0.023009375,Leaf Hopper Jassids
augmented_Leaf Hopper Jassids0910.jpg,126.4268265625,151.3174609375,94.518665625,77.04222120888785,0.02398125,Leaf Hopper Jassids
augmented_Leaf Hopper Jassids0911.jpg,109.2252640625,141.80520625,61.72858125,56.85112544878814,0.0262765625,Leaf Hopper Jassids
augmented_Leaf Hopper Jassids0912.jpg,84.889046875,112.1701390625,48.486353125,44.67157881778013,0.0177828125,Leaf Hopper Jassids
augmented_Leaf Hopper Jassids0913.jpg,105.7482171875,137.9672890625,60.008578125,55.641857539171454,0.0253578125,Leaf Hopper Jassids
augmented_Leaf Hopper Jassids0914.jpg,105.6940140625,133.14421875,95.3758234375,58.1626129879611,0.3566140625,Leaf Hopper Jassids
augmented_Leaf Hopper Jassids0915.jpg,122.2213828125,150.8310484375,83.8623625,73.51619785217406,0.0197484375,Leaf Hopper Jassids
augmented_Leaf Hopper Jassids0916.jpg,109.1313828125,140.5146,63.6086953125,59.81644287643526,0.0238578125,Leaf Hopper Jassids
augmented_Leaf Hopper Jassids0917.jpg,99.2624234375,124.6955125,65.1577984375,60.22960205971299,0.022103125,Leaf Hopper Jassids
augmented_Leaf Hopper Jassids0918.jpg,116.858071875,145.4594625,76.52174375,70.81405852198466,0.0285421875,Leaf Hopper Jassids
augmented_Leaf Hopper Jassids0919.jpg,116.858071875,145.4594625,76.52174375,70.81405852198466,0.0285421875,Leaf Hopper Jassids
augmented_Leaf Hopper Jassids0920.jpg,121.43485625,149.780153125,85.30808125,75.19602127994656,0.0282640625,Leaf Hopper Jassids
augmented_Leaf Hopper Jassids0921.jpg,139.52115,160.044959375,133.8682484375,71.95968208755743,0.3650703125,Leaf Hopper Jassids
augmented_Leaf Hopper Jassids0922.jpg,139.476215625,160.025703125,133.8497875,71.96228943175626,0.363665625,Leaf Hopper Jassids
augmented_Leaf Hopper Jassids0923.jpg,143.4713953125,167.4353,116.388353125,70.52668936852464,0.0573328125,Leaf Hopper Jassids
augmented_Leaf Hopper Jassids0924.jpg,145.0375375,168.4909,117.2455875,72.44757619586188,0.0553859375,Leaf Hopper Jassids
augmented_Leaf Hopper Jassids0925.jpg,148.910046875,171.393396875,120.16441875,76.48512849634585,0.05474375,Leaf Hopper Jassids
augmented_Leaf Hopper Jassids0926.jpg,147.05541875,170.4905578125,121.0839515625,73.58307035147072,0.0583140625,Leaf Hopper Jassids
augmented_Leaf Hopper Jassids0927.jpg,114.378953125,142.7189671875,84.5460359375,69.79376142214885,0.076665625,Leaf Hopper Jassids
augmented_Leaf Hopper Jassids0928.jpg,113.9057765625,137.622690625,111.8103140625,69.98165671490281,0.361146875,Leaf Hopper Jassids
augmented_Leaf Hopper Jassids0929.jpg,113.8673859375,137.6874640625,111.6509375,69.97174815692523,0.36125,Leaf Hopper Jassids
augmented_Leaf Hopper Jassids0930.jpg,113.7639453125,137.6718453125,111.7164953125,69.97725960919796,0.36111875,Leaf Hopper Jassids
augmented_Leaf Hopper Jassids0931.jpg,114.387840625,142.7320140625,84.50466875,69.76384138533487,0.075628125,Leaf Hopper Jassids
augmented_Leaf Hopper Jassids0932.jpg,116.62181875,144.5624015625,86.1286578125,73.28087791824912,0.071878125,Leaf Hopper Jassids
augmented_Leaf Hopper Jassids0933.jpg,159.028590625,181.6590265625,136.72091875,54.32137183389893,0.1088765625,Leaf Hopper Jassids
augmented_Leaf Hopper Jassids0934.jpg,159.034296875,181.6629703125,136.7259078125,54.31405437557754,0.1079734375,Leaf Hopper Jassids
augmented_Leaf Hopper Jassids0935.jpg,163.356303125,184.9755265625,140.8172671875,56.940566981148905,0.1006703125,Leaf Hopper Jassids
augmented_Leaf Hopper Jassids0936.jpg,158.28660625,180.9205890625,135.479,54.04215891932051,0.1028859375,Leaf Hopper Jassids
augmented_Leaf Hopper Jassids0937.jpg,135.8211734375,159.6599078125,95.5873828125,51.93870304930936,0.1247375,Leaf Hopper Jassids
augmented_Leaf Hopper Jassids0938.jpg,135.8211734375,159.6599078125,95.5873828125,51.93870304930936,0.1247375,Leaf Hopper Jassids
augmented_Leaf Hopper Jassids0939.jpg,158.7042984375,177.578478125,126.29095625,62.15197124080969,0.0966203125,Leaf Hopper Jassids
augmented_Leaf Hopper Jassids0940.jpg,142.6467109375,164.487621875,105.6774359375,58.240826613057315,0.1178609375,Leaf Hopper Jassids
augmented_Leaf Hopper Jassids0941.jpg,125.62579375,149.5429265625,84.332375,54.09131845957272,0.0861015625,Leaf Hopper Jassids
augmented_Leaf Hopper Jassids0942.jpg,136.297059375,159.5894140625,96.4984734375,63.447803111455,0.085565625,Leaf Hopper Jassids
augmented_Leaf Hopper Jassids0943.jpg,154.2036171875,181.8640328125,115.09906875,79.26113276435254,0.0240796875,Leaf Hopper Jassids
augmented_Leaf Hopper Jassids0944.jpg,132.6728359375,157.8157078125,101.274996875,75.31195470286185,0.017940625,Leaf Hopper Jassids
augmented_Leaf Hopper Jassids0945.jpg,134.2138015625,158.9341375,103.0005390625,77.81315774084402,0.0190390625,Leaf Hopper Jassids
augmented_Leaf Hopper Jassids0946.jpg,134.2138015625,158.9341375,103.0005390625,77.81315774084402,0.0190390625,Leaf Hopper Jassids
augmented_Leaf Hopper Jassids0947.jpg,150.7526296875,175.477721875,118.02829375,64.67042037737126,0.00771875,Leaf Hopper Jassids
augmented_Leaf Hopper Jassids0948.jpg,150.7526296875,175.477721875,118.02829375,64.67042037737126,0.00771875,Leaf Hopper Jassids
augmented_Leaf Hopper Jassids0949.jpg,155.59586875,179.539765625,122.8136953125,69.75563322160265,0.00815625,Leaf Hopper Jassids
augmented_Leaf Hopper Jassids0950.jpg,153.263815625,177.4945296875,120.363353125,68.17163530199639,0.0088203125,Leaf Hopper Jassids
augmented_Leaf Hopper Jassids0951.jpg,166.4431109375,201.896528125,114.8379765625,64.51051667437574,0.0174875,Leaf Hopper Jassids
augmented_Leaf Hopper Jassids0952.jpg,131.367728125,159.715509375,97.280059375,68.83788325201097,0.0124453125,Leaf Hopper Jassids
augmented_Leaf Hopper Jassids0953.jpg,147.8966921875,173.322925,117.3859359375,79.51514518239487,0.011540625,Leaf Hopper Jassids
augmented_Leaf Hopper Jassids0954.jpg,132.3978015625,161.856390625,89.371353125,55.862675431324085,0.03958125,Leaf Hopper Jassids
augmented_Leaf Hopper Jassids0955.jpg,132.3978015625,161.856390625,89.371353125,55.862675431324085,0.03958125,Leaf Hopper Jassids
augmented_Leaf Hopper Jassids0956.jpg,116.01019375,135.9587875,98.981175,41.08129059060151,0.05499375,Leaf Hopper Jassids
augmented_Leaf Hopper Jassids0957.jpg,152.735165625,177.2443078125,129.8975453125,54.496655731380876,0.0772796875,Leaf Hopper Jassids
augmented_Leaf Hopper Jassids0958.jpg,150.7755328125,172.7694015625,134.9726703125,60.289475223084345,0.357065625,Leaf Hopper Jassids
augmented_Leaf Hopper Jassids0959.jpg,151.9662921875,176.46560625,128.9113109375,54.4604920095636,0.0750015625,Leaf Hopper Jassids
augmented_Leaf Hopper Jassids0960.jpg,97.17768125,116.40675,77.484909375,48.489263637896656,0.1169046875,Leaf Hopper Jassids
augmented_Leaf Hopper Jassids0961.jpg,136.90271875,160.9737,109.8799109375,71.75497812173305,0.1432453125,Leaf Hopper Jassids
augmented_Leaf Hopper Jassids0962.jpg,129.58035,157.952496875,84.107965625,58.76278674798447,0.097134375,Leaf Hopper Jassids
augmented_Leaf Hopper Jassids0963.jpg,118.39889375,144.541696875,78.106790625,56.49268799412626,0.08849375,Leaf Hopper Jassids
augmented_Leaf Hopper Jassids0964.jpg,114.861415625,139.43785625,90.134384375,57.970295647762356,0.3578296875,Leaf Hopper Jassids
augmented_Leaf Hopper Jassids0965.jpg,144.9048203125,167.3126140625,111.245375,73.3264094880283,0.0785171875,Leaf Hopper Jassids
augmented_Leaf Hopper Jassids0966.jpg,117.317003125,143.69359375,76.9991046875,56.60628691552257,0.0854234375,Leaf Hopper Jassids
augmented_Leaf Hopper Jassids0967.jpg,82.136346875,98.0231171875,73.4897375,31.890752706875876,0.03456875,Leaf Hopper Jassids
augmented_Leaf Hopper Jassids0968.jpg,145.0241359375,168.2216453125,129.1701234375,57.49279567617843,0.083578125,Leaf Hopper Jassids
augmented_Leaf Hopper Jassids0969.jpg,146.033715625,169.6800234375,114.7451015625,68.27234357959047,0.050375,Leaf Hopper Jassids
augmented_Leaf Hopper Jassids0970.jpg,142.1149796875,162.1039421875,135.2440703125,67.99408873981879,0.3599671875,Leaf Hopper Jassids
augmented_Leaf Hopper Jassids0971.jpg,145.4902609375,169.26640625,126.0861171875,64.60080208527987,0.075484375,Leaf Hopper Jassids
augmented_Leaf Hopper Jassids0972.jpg,145.4902609375,169.26640625,126.0861171875,64.60080208527987,0.075484375,Leaf Hopper Jassids
augmented_Leaf Hopper Jassids0973.jpg,151.568125,172.990459375,129.6028515625,70.73950077270496,0.069996875,Leaf Hopper Jassids
augmented_Leaf Hopper Jassids0974.jpg,147.7426140625,170.654471875,127.154421875,66.95940468193905,0.0701859375,Leaf Hopper Jassids
augmented_Leaf Hopper Jassids0975.jpg,147.2322625,170.3870578125,126.8771578125,66.3774008625825,0.0705890625,Leaf Hopper Jassids
augmented_Leaf Hopper Jassids0976.jpg,144.6882453125,168.4847609375,125.2854265625,64.58917141587622,0.0721890625,Leaf Hopper Jassids
augmented_Leaf Hopper Jassids0977.jpg,146.61791875,168.8792046875,135.3465484375,62.645312427387566,0.35658125,Leaf Hopper Jassids
augmented_Leaf Hopper Jassids0978.jpg,151.703075,176.30425625,130.3363578125,60.85784348709578,0.0519828125,Leaf Hopper Jassids
augmented_Leaf Hopper Jassids0979.jpg,158.37674375,181.161475,136.836059375,65.63362406881575,0.04983125,Leaf Hopper Jassids
augmented_Leaf Hopper Jassids0980.jpg,154.9179984375,179.35418125,133.764325,63.510924189952185,0.0574765625,Leaf Hopper Jassids
augmented_Leaf Hopper Jassids0981.jpg,140.9834375,164.94369375,117.19971875,57.01185409733847,0.03905,Leaf Hopper Jassids
augmented_Leaf Hopper Jassids0982.jpg,137.7462734375,158.076065625,124.2301640625,61.21268770839099,0.3554171875,Leaf Hopper Jassids
augmented_Leaf Hopper Jassids0983.jpg,137.7122734375,158.0371203125,124.1674265625,61.26544879866262,0.3548953125,Leaf Hopper Jassids
augmented_Leaf Hopper Jassids0984.jpg,150.510221875,174.2121765625,127.0096328125,64.43088386072823,0.0386984375,Leaf Hopper Jassids
augmented_Leaf Hopper Jassids0985.jpg,126.8076984375,148.966178125,111.2016484375,54.900405307043464,0.355353125,Leaf Hopper Jassids
augmented_Leaf Hopper Jassids0986.jpg,126.8699078125,149.0068,111.095578125,54.866788883385766,0.355003125,Leaf Hopper Jassids
augmented_Leaf Hopper Jassids0987.jpg,126.8453609375,148.95405,110.99856875,54.854381890480084,0.355384375,Leaf Hopper Jassids
augmented_Leaf Hopper Jassids0988.jpg,145.0315625,167.9135640625,119.32849375,64.7957104984699,0.0746234375,Leaf Hopper Jassids
augmented_Leaf Hopper Jassids0989.jpg,150.2766,172.5752109375,125.278665625,67.72014257645095,0.072340625,Leaf Hopper Jassids
augmented_Leaf Hopper Jassids0990.jpg,142.7618546875,167.384190625,116.181175,60.69719928362729,0.0825125,Leaf Hopper Jassids
augmented_Leaf Hopper Jassids0991.jpg,129.9412296875,155.025934375,103.891315625,51.721708512146115,0.07875,Leaf Hopper Jassids
augmented_Leaf Hopper Jassids0992.jpg,129.9266984375,155.022996875,103.856246875,51.70801990577111,0.0788015625,Leaf Hopper Jassids
augmented_Leaf Hopper Jassids0993.jpg,129.9406921875,155.0357453125,103.7825859375,51.600360982695854,0.0759625,Leaf Hopper Jassids
augmented_Leaf Hopper Jassids0994.jpg,147.668309375,170.5498375,120.418865625,70.8905091163693,0.0875765625,Leaf Hopper Jassids
augmented_Leaf Hopper Jassids0995.jpg,124.541309375,147.2386765625,104.3494796875,62.91805225423923,0.0792546875,Leaf Hopper Jassids
augmented_Leaf Hopper Jassids0996.jpg,132.3911234375,155.611615625,110.1913859375,66.51298131182622,0.0821765625,Leaf Hopper Jassids
augmented_Leaf Hopper Jassids0997.jpg,140.3689703125,162.3003578125,119.160503125,71.31576377219419,0.076003125,Leaf Hopper Jassids
augmented_Leaf Hopper Jassids0998.jpg,144.7137515625,167.268803125,122.0225640625,73.42922461270395,0.081546875,Leaf Hopper Jassids
augmented_Leaf Hopper Jassids0999.jpg,144.7137515625,167.268803125,122.0225640625,73.42922461270395,0.081546875,Leaf Hopper Jassids
augmented_Leaf Hopper Jassids1000.jpg,144.7137515625,167.268803125,122.0225640625,73.42922461270395,0.081546875,Leaf Hopper Jassids
augmented_Leaf Redding0001.jpg,164.07878125,153.1270265625,118.86270625,58.700642153773586,0.361678125,Leaf Redding
augmented_Leaf Redding0002.jpg,196.9502140625,166.3258828125,130.8246546875,56.750082902983905,0.0782078125,Leaf Redding
augmented_Leaf Redding0003.jpg,184.7903203125,136.69766875,109.3733,47.67472512743889,0.0799109375,Leaf Redding
augmented_Leaf Redding0004.jpg,184.8969078125,136.6760671875,109.412834375,47.68839863778124,0.0801265625,Leaf Redding
augmented_Leaf Redding0005.jpg,199.9708203125,154.1197546875,133.80976875,59.18868566498498,0.081446875,Leaf Redding
augmented_Leaf Redding0006.jpg,183.9917421875,135.730846875,108.4071625,47.71920479418013,0.0782796875,Leaf Redding
augmented_Leaf Redding0007.jpg,136.2463640625,138.1422890625,113.147021875,52.422884514773834,0.3583890625,Leaf Redding
augmented_Leaf Redding0008.jpg,160.0516609375,159.135409375,133.1861859375,59.494766434282454,0.1145546875,Leaf Redding
augmented_Leaf Redding0009.jpg,144.2903703125,139.8033734375,112.3837015625,46.10431619718967,0.1205890625,Leaf Redding
augmented_Leaf Redding0010.jpg,166.2607734375,158.064803125,128.1724109375,41.46385699250281,0.096471875,Leaf Redding
augmented_Leaf Redding0011.jpg,166.275309375,158.042146875,128.1296625,41.454037365248176,0.09705,Leaf Redding
augmented_Leaf Redding0012.jpg,129.608603125,151.4561515625,115.1265125,54.079161461092944,0.1011953125,Leaf Redding
augmented_Leaf Redding0013.jpg,147.6095328125,151.61281875,124.9126921875,50.4729616839489,0.359965625,Leaf Redding
augmented_Leaf Redding0014.jpg,157.3704046875,156.0577234375,125.49328125,42.35890555259552,0.1024171875,Leaf Redding
augmented_Leaf Redding0015.jpg,163.759465625,147.27664375,117.423278125,46.29421378111313,0.01005,Leaf Redding
augmented_Leaf Redding0016.jpg,169.9547546875,153.1606609375,124.720825,50.932876281530355,0.011396875,Leaf Redding
augmented_Leaf Redding0017.jpg,180.8812375,163.9972859375,138.1017828125,56.84390302188507,0.012590625,Leaf Redding
augmented_Leaf Redding0018.jpg,163.6087578125,165.534865625,127.811996875,47.25163174521477,0.017828125,Leaf Redding
augmented_Leaf Redding0019.jpg,156.217953125,172.4690015625,132.71846875,48.955250769434265,0.006828125,Leaf Redding
augmented_Leaf Redding0020.jpg,174.981428125,187.5996359375,156.718290625,57.683785566981136,0.0057953125,Leaf Redding
augmented_Leaf Redding0021.jpg,156.3341171875,136.941578125,107.0453015625,48.11917815077004,0.0919859375,Leaf Redding
augmented_Leaf Redding0022.jpg,140.89496875,134.08534375,106.9950953125,53.20445610214832,0.35705625,Leaf Redding
augmented_Leaf Redding0023.jpg,144.67929375,131.6742421875,99.3942484375,44.648060511785104,0.067175,Leaf Redding
augmented_Leaf Redding0024.jpg,143.7057859375,133.6321125,99.9363578125,44.69667426737375,0.0658390625,Leaf Redding
augmented_Leaf Redding0025.jpg,161.037759375,144.5718953125,119.2993625,49.20865499293362,0.352378125,Leaf Redding
augmented_Leaf Redding0026.jpg,178.993321875,155.9868765625,129.808896875,49.538278479006344,0.031125,Leaf Redding
augmented_Leaf Redding0027.jpg,162.8049453125,148.8166421875,120.2866015625,46.09538266452043,0.0888703125,Leaf Redding
augmented_Leaf Redding0028.jpg,162.87263125,148.8407703125,120.303365625,46.07119473403936,0.0883046875,Leaf Redding
augmented_Leaf Redding0029.jpg,161.96881875,147.8645609375,119.2948546875,46.16026854622454,0.090275,Leaf Redding
augmented_Leaf Redding0030.jpg,168.0754265625,185.204959375,153.9218953125,44.490789392955016,0.060071875,Leaf Redding
augmented_Leaf Redding0031.jpg,165.2298796875,181.72881875,150.473453125,44.49161038478843,0.0600390625,Leaf Redding
augmented_Leaf Redding0032.jpg,138.9932390625,151.57268125,122.6129125,40.6407430558322,0.0526921875,Leaf Redding
augmented_Leaf Redding0033.jpg,127.9015671875,126.548746875,86.2515875,36.23935458689689,0.0319390625,Leaf Redding
augmented_Leaf Redding0034.jpg,143.933996875,133.142721875,97.8536265625,35.59311307361207,0.0148609375,Leaf Redding
augmented_Leaf Redding0035.jpg,159.71365625,144.0671703125,112.7482984375,35.51974835188377,0.029275,Leaf Redding
augmented_Leaf Redding0036.jpg,153.8544109375,141.7798390625,112.4717296875,44.5879899320337,0.351234375,Leaf Redding
augmented_Leaf Redding0037.jpg,150.8121390625,139.5589265625,113.3256078125,48.65696072205793,0.11259375,Leaf Redding
augmented_Leaf Redding0038.jpg,150.7347515625,147.469734375,102.907040625,38.92174835024152,0.0779703125,Leaf Redding
augmented_Leaf Redding0039.jpg,159.936184375,157.7817375,115.8950890625,50.872866888186316,0.077428125,Leaf Redding
augmented_Leaf Redding0040.jpg,117.861096875,117.413815625,81.43111875,32.1843278707642,0.0406609375,Leaf Redding
augmented_Leaf Redding0041.jpg,145.756890625,146.5773953125,106.782375,48.2826585339249,0.3533109375,Leaf Redding
augmented_Leaf Redding0042.jpg,172.01608125,174.75281875,138.453103125,59.52358368008429,0.0368453125,Leaf Redding
augmented_Leaf Redding0043.jpg,161.3334625,159.714528125,119.8306953125,51.38902755988369,0.044396875,Leaf Redding
augmented_Leaf Redding0044.jpg,158.5494609375,146.2287546875,110.3989546875,47.623057293878205,0.038234375,Leaf Redding
augmented_Leaf Redding0045.jpg,139.7363296875,130.808921875,105.3696015625,50.799445331706366,0.35195625,Leaf Redding
augmented_Leaf Redding0046.jpg,149.6394125,148.352953125,112.310484375,41.893961305586295,0.0303984375,Leaf Redding
augmented_Leaf Redding0047.jpg,176.50615,174.764825,142.505603125,56.773529645868344,0.032503125,Leaf Redding
augmented_Leaf Redding0048.jpg,153.26878125,156.2976546875,115.455771875,44.59201616077315,0.03266875,Leaf Redding
augmented_Leaf Redding0049.jpg,137.00858125,154.1948125,108.458678125,47.857333277564486,0.0199421875,Leaf Redding
augmented_Leaf Redding0050.jpg,159.52935625,174.950603125,137.04715625,65.09747805459588,0.02204375,Leaf Redding
augmented_Leaf Redding0051.jpg,140.747540625,136.2381015625,96.0163765625,46.31598610230893,0.085096875,Leaf Redding
augmented_Leaf Redding0052.jpg,155.4739234375,151.9328765625,114.710046875,58.9587593616474,0.08079375,Leaf Redding
augmented_Leaf Redding0053.jpg,154.75030625,151.11153125,113.6631390625,58.4189827623629,0.0813703125,Leaf Redding
augmented_Leaf Redding0054.jpg,209.02875,187.754615625,152.0361875,47.40305810447104,0.0381609375,Leaf Redding
augmented_Leaf Redding0055.jpg,178.018521875,164.2164125,132.4070578125,51.04862300922874,0.0334875,Leaf Redding
augmented_Leaf Redding0056.jpg,167.3318953125,151.02519375,116.8619109375,45.00274351497223,0.038346875,Leaf Redding
augmented_Leaf Redding0057.jpg,107.0938046875,92.854765625,21.3112671875,34.051948419329065,0.05399375,Leaf Redding
augmented_Leaf Redding0058.jpg,109.21721875,96.54074375,82.831796875,48.12765412125178,0.3618015625,Leaf Redding
augmented_Leaf Redding0059.jpg,122.5787796875,125.0653015625,86.160178125,61.48069788795136,0.0670671875,Leaf Redding
augmented_Leaf Redding0060.jpg,122.01575625,124.0890109375,106.6107703125,62.82452526527686,0.361278125,Leaf Redding
augmented_Leaf Redding0061.jpg,127.632978125,114.5856734375,28.2944015625,37.683410909016594,0.04565,Leaf Redding
augmented_Leaf Redding0062.jpg,109.89034375,100.5304390625,78.55858125,46.208546872316646,0.3590953125,Leaf Redding
augmented_Leaf Redding0063.jpg,108.8502890625,97.9598046875,23.6862296875,32.03739305859171,0.0355109375,Leaf Redding
augmented_Leaf Redding0064.jpg,107.85633125,96.9748484375,22.9192984375,32.0308739799318,0.03730625,Leaf Redding
augmented_Leaf Redding0065.jpg,142.2799484375,131.32996875,86.7830484375,53.76728712730701,0.3591546875,Leaf Redding
augmented_Leaf Redding0066.jpg,142.2421875,131.257175,86.7923953125,53.74618957565591,0.359721875,Leaf Redding
augmented_Leaf Redding0067.jpg,174.255278125,159.0320828125,114.2741453125,65.47173691806114,0.109496875,Leaf Redding
augmented_Leaf Redding0068.jpg,148.0950859375,129.5610609375,78.4072546875,46.99535313194247,0.115453125,Leaf Redding
augmented_Leaf Redding0069.jpg,145.65580625,132.5339265625,77.5535984375,48.846713275177294,0.1193484375,Leaf Redding
augmented_Leaf Redding0070.jpg,148.9555484375,135.8610296875,79.6478234375,49.911331088211305,0.120709375,Leaf Redding
augmented_Leaf Redding0071.jpg,163.0024859375,149.0601578125,96.600503125,59.70648590000615,0.120184375,Leaf Redding
augmented_Leaf Redding0072.jpg,162.9517078125,140.2932703125,100.3228328125,46.204949520943174,0.10763125,Leaf Redding
augmented_Leaf Redding0073.jpg,106.215571875,91.212340625,25.6975609375,36.63470071291001,0.0709984375,Leaf Redding
augmented_Leaf Redding0074.jpg,150.77306875,130.97785625,96.192171875,50.3872297972804,0.3570296875,Leaf Redding
augmented_Leaf Redding0075.jpg,172.444721875,145.5992578125,110.1554,55.955708761954526,0.0765859375,Leaf Redding
augmented_Leaf Redding0076.jpg,171.7147609375,142.7262671875,108.0850578125,53.90921471313139,0.077284375,Leaf Redding
augmented_Leaf Redding0077.jpg,150.58020625,144.28256875,104.878825,53.804492289435316,0.359140625,Leaf Redding
augmented_Leaf Redding0078.jpg,160.137196875,145.5211546875,98.8208640625,47.18027521499564,0.0982109375,Leaf Redding
augmented_Leaf Redding0079.jpg,145.21448125,130.371934375,83.6816078125,50.306322517216934,0.0911046875,Leaf Redding
augmented_Leaf Redding0080.jpg,151.6302703125,139.4124609375,95.9909015625,48.51204990829776,0.089875,Leaf Redding
augmented_Leaf Redding0081.jpg,187.086484375,161.64926875,113.184975,51.0958175633633,0.11585,Leaf Redding
augmented_Leaf Redding0082.jpg,170.90345625,145.36751875,100.1255765625,48.02872461751404,0.1182109375,Leaf Redding
augmented_Leaf Redding0083.jpg,170.950909375,145.389796875,100.14156875,47.94079784123386,0.117284375,Leaf Redding
augmented_Leaf Redding0084.jpg,179.9692,158.6049546875,117.140015625,55.867026502847224,0.1061890625,Leaf Redding
augmented_Leaf Redding0085.jpg,170.11314375,144.44686875,99.2050640625,48.05015825928731,0.1167484375,Leaf Redding
augmented_Leaf Redding0086.jpg,176.443259375,164.03201875,117.853365625,62.214634981562206,0.137378125,Leaf Redding
augmented_Leaf Redding0087.jpg,173.79780625,153.792328125,107.5405625,56.81475067239876,0.1590859375,Leaf Redding
augmented_Leaf Redding0088.jpg,157.7173734375,138.0316734375,89.7441765625,50.825997070614044,0.1627921875,Leaf Redding
augmented_Leaf Redding0089.jpg,151.2849046875,143.14369375,99.083528125,44.190411686910004,0.0841421875,Leaf Redding
augmented_Leaf Redding0090.jpg,173.388353125,164.96230625,131.6470453125,63.11063297476657,0.07386875,Leaf Redding
augmented_Leaf Redding0091.jpg,158.819728125,128.30025625,96.9083078125,33.979462692589,0.024890625,Leaf Redding
augmented_Leaf Redding0092.jpg,158.7879296875,128.28635,96.9079671875,34.032813173433105,0.0253140625,Leaf Redding
augmented_Leaf Redding0093.jpg,174.631146875,146.9847109375,118.677428125,54.757156231065096,0.025903125,Leaf Redding
augmented_Leaf Redding0094.jpg,181.30741875,155.4458734375,128.139221875,59.44353117938611,0.0268515625,Leaf Redding
augmented_Leaf Redding0095.jpg,167.81810625,139.864778125,110.1646171875,49.4846048173555,0.0257140625,Leaf Redding
augmented_Leaf Redding0096.jpg,157.9133140625,127.335309375,95.92646875,34.043114126535514,0.0251265625,Leaf Redding
augmented_Leaf Redding0097.jpg,158.110853125,141.4966828125,101.065496875,51.0099504118696,0.3567609375,Leaf Redding
augmented_Leaf Redding0098.jpg,181.9015140625,154.9029234375,111.4004171875,52.2320830768144,0.0509453125,Leaf Redding
augmented_Leaf Redding0099.jpg,111.6849140625,105.5595484375,42.9043765625,32.06816515289013,0.054765625,Leaf Redding
augmented_Leaf Redding0100.jpg,111.6849140625,105.5595484375,42.9043765625,32.06816515289013,0.054765625,Leaf Redding
augmented_Leaf Redding0101.jpg,142.18041875,136.312703125,91.3160765625,70.6837833442035,0.0393140625,Leaf Redding
augmented_Leaf Redding0102.jpg,124.491115625,120.586840625,63.8879515625,55.25063846232874,0.0491140625,Leaf Redding
augmented_Leaf Redding0103.jpg,114.5140859375,111.103559375,37.8254578125,59.470889998658976,0.032284375,Leaf Redding
augmented_Leaf Redding0104.jpg,159.97001875,151.5132109375,114.5688328125,60.58655385788478,0.364421875,Leaf Redding
augmented_Leaf Redding0105.jpg,142.0220578125,128.8994421875,85.647840625,52.403881080391386,0.0775859375,Leaf Redding
augmented_Leaf Redding0106.jpg,140.8715796875,125.6149921875,83.14646875,56.00289699162884,0.1382875,Leaf Redding
augmented_Leaf Redding0107.jpg,151.594178125,142.5197265625,97.055625,43.588714322563504,0.0504609375,Leaf Redding
augmented_Leaf Redding0108.jpg,151.594178125,142.5197265625,97.055625,43.588714322563504,0.0504609375,Leaf Redding
augmented_Leaf Redding0109.jpg,159.88305625,145.55631875,94.744815625,44.67982549135,0.0851015625,Leaf Redding
augmented_Leaf Redding0110.jpg,159.8454125,145.542171875,94.7433703125,44.72946390343624,0.0854734375,Leaf Redding
augmented_Leaf Redding0111.jpg,158.97755625,144.601109375,93.71786875,44.672052812156366,0.0847703125,Leaf Redding
augmented_Leaf Redding0112.jpg,171.5293359375,146.2542328125,103.6140984375,46.15592734407153,0.0519421875,Leaf Redding
augmented_Leaf Redding0113.jpg,118.279990625,100.363440625,66.957471875,30.986811453979417,0.0575375,Leaf Redding
augmented_Leaf Redding0114.jpg,161.7099546875,144.6428578125,105.2393984375,53.27258578384907,0.3599125,Leaf Redding
augmented_Leaf Redding0115.jpg,161.7559484375,144.7410328125,105.214171875,53.23126166123278,0.3602375,Leaf Redding
augmented_Leaf Redding0116.jpg,180.002746875,154.8376625,114.1119875,54.475310868087774,0.0837328125,Leaf Redding
augmented_Leaf Redding0117.jpg,153.75795625,131.0553015625,93.439328125,49.02830684643428,0.0782546875,Leaf Redding
augmented_Leaf Redding0118.jpg,163.9926734375,141.7835234375,108.1932734375,60.353949029412824,0.0778546875,Leaf Redding
augmented_Leaf Redding0119.jpg,151.01310625,138.317303125,92.6579515625,50.18379669971573,0.1077625,Leaf Redding
augmented_Leaf Redding0120.jpg,186.49874375,168.5029921875,127.0986890625,50.184127129134,0.0805359375,Leaf Redding
augmented_Leaf Redding0121.jpg,154.7126859375,137.451878125,101.0555546875,46.25303502413213,0.085809375,Leaf Redding
augmented_Leaf Redding0122.jpg,163.45204375,149.8562140625,107.96545625,53.46826726988363,0.0844375,Leaf Redding
augmented_Leaf Redding0123.jpg,169.7998015625,153.936025,115.019653125,56.52002188344747,0.090434375,Leaf Redding
augmented_Leaf Redding0124.jpg,142.6218234375,132.5509578125,90.7517671875,51.02620543476821,0.1035984375,Leaf Redding
augmented_Leaf Redding0125.jpg,142.6001453125,132.569759375,90.752590625,51.126645344669825,0.10484375,Leaf Redding
augmented_Leaf Redding0126.jpg,164.451484375,157.3828453125,108.2585859375,54.649659552121676,0.09925625,Leaf Redding
augmented_Leaf Redding0127.jpg,131.42909375,128.4580375,90.1614265625,53.864944310273856,0.3580953125,Leaf Redding
augmented_Leaf Redding0128.jpg,148.108415625,138.48163125,99.804840625,61.307010914859866,0.09969375,Leaf Redding
augmented_Leaf Redding0129.jpg,145.859778125,130.1337734375,90.9890953125,53.66030876822685,0.115215625,Leaf Redding
augmented_Leaf Redding0130.jpg,146.6425265625,142.1830734375,106.53645,49.808381954597316,0.3548015625,Leaf Redding
augmented_Leaf Redding0131.jpg,146.3461109375,141.6897625,100.8332875,49.07965877035765,0.3536453125,Leaf Redding
augmented_Leaf Redding0132.jpg,150.9790390625,142.23901875,97.00135625,41.24709016487482,0.0453359375,Leaf Redding
augmented_Leaf Redding0133.jpg,150.0048765625,141.261528125,96.02901875,41.34699838324073,0.04645625,Leaf Redding
augmented_Leaf Redding0134.jpg,172.462203125,157.5928921875,119.5165609375,60.57379560770461,0.0986375,Leaf Redding
augmented_Leaf Redding0135.jpg,150.4111140625,129.9984828125,97.22514375,40.480544473743436,0.0460015625,Leaf Redding
augmented_Leaf Redding0136.jpg,161.314075,139.8836265625,104.8998515625,42.973282792020065,0.048778125,Leaf Redding
augmented_Leaf Redding0137.jpg,161.3608578125,139.8913265625,104.9157046875,42.876078100594405,0.047165625,Leaf Redding
augmented_Leaf Redding0138.jpg,151.334390625,137.718309375,95.2480875,52.22508978303506,0.1091375,Leaf Redding
augmented_Leaf Redding0139.jpg,184.5396953125,169.3849296875,135.0328671875,66.37209115183005,0.105290625,Leaf Redding
augmented_Leaf Redding0140.jpg,150.5191796875,136.7343640625,94.1909671875,51.98261954233682,0.1056109375,Leaf Redding
augmented_Leaf Redding0141.jpg,150.1958734375,138.41476875,90.7226828125,46.84068984055362,0.078740625,Leaf Redding
augmented_Leaf Redding0142.jpg,142.339490625,137.2553296875,106.855846875,48.38922239416429,0.35366875,Leaf Redding
augmented_Leaf Redding0143.jpg,147.9554703125,139.1342328125,107.076321875,40.9193209825548,0.0801703125,Leaf Redding
augmented_Leaf Redding0144.jpg,104.7742921875,100.0208421875,75.356484375,29.427506546202558,0.0549453125,Leaf Redding
augmented_Leaf Redding0145.jpg,147.0128109375,139.3713125,107.0859078125,40.713050992318365,0.0715875,Leaf Redding
augmented_Leaf Redding0146.jpg,147.030009375,139.384353125,107.089815625,40.64013617850957,0.070790625,Leaf Redding
augmented_Leaf Redding0147.jpg,162.482403125,148.6793046875,118.7954171875,48.17791349758945,0.0186203125,Leaf Redding
augmented_Leaf Redding0148.jpg,146.08196875,130.730396875,99.7180015625,40.24820624957527,0.05735625,Leaf Redding
augmented_Leaf Redding0149.jpg,149.01793125,135.9870390625,103.3680484375,38.581383621519045,0.0413921875,Leaf Redding
augmented_Leaf Redding0150.jpg,142.33809375,133.11173125,99.9490265625,41.25009013199643,0.0371984375,Leaf Redding
augmented_Leaf Redding0151.jpg,148.7082875,140.0188171875,106.755034375,41.090454292509136,0.055003125,Leaf Redding
augmented_Leaf Redding0152.jpg,150.5389921875,144.031125,105.4727015625,39.77859293379267,0.054759375,Leaf Redding
augmented_Leaf Redding0153.jpg,149.629184375,143.0739328125,104.5026921875,39.77671348815812,0.0530328125,Leaf Redding
augmented_Leaf Redding0154.jpg,148.0898984375,137.1100453125,110.8208375,57.01885969514769,0.354784375,Leaf Redding
augmented_Leaf Redding0155.jpg,159.52989375,143.594665625,108.464925,53.307683327119825,0.044978125,Leaf Redding
augmented_Leaf Redding0156.jpg,158.8096453125,144.3612046875,112.594990625,43.103803288801295,0.0218484375,Leaf Redding
augmented_Leaf Redding0157.jpg,153.7543328125,146.498378125,113.6488578125,40.69749822261659,0.0271109375,Leaf Redding
augmented_Leaf Redding0158.jpg,153.730434375,146.492103125,113.63271875,40.72190232702589,0.0266484375,Leaf Redding
augmented_Leaf Redding0159.jpg,137.5134171875,134.5343890625,98.60681875,53.06541544896697,0.3539859375,Leaf Redding
augmented_Leaf Redding0160.jpg,155.74909375,152.229675,115.1017734375,59.26264588462272,0.0819390625,Leaf Redding
augmented_Leaf Redding0161.jpg,158.58475,155.46133125,118.8553203125,60.94021685238399,0.08105625,Leaf Redding
augmented_Leaf Redding0162.jpg,151.3924734375,145.0561390625,102.0635578125,47.91194058790483,0.094096875,Leaf Redding
augmented_Leaf Redding0163.jpg,168.1776859375,163.911040625,124.6065375,58.70234624646483,0.0866703125,Leaf Redding
augmented_Leaf Redding0164.jpg,150.4823921875,144.0675078125,101.049271875,47.70404075353319,0.0915125,Leaf Redding
augmented_Leaf Redding0165.jpg,141.6052109375,148.25635,118.106384375,51.49688311158978,0.3560109375,Leaf Redding
augmented_Leaf Redding0166.jpg,146.3307671875,149.76619375,117.0653640625,44.22631527184187,0.0698671875,Leaf Redding
augmented_Leaf Redding0167.jpg,163.3823546875,153.5589765625,122.230425,41.160493618339515,0.034346875,Leaf Redding
augmented_Leaf Redding0168.jpg,162.4799265625,152.61070625,121.2436,41.21407363770547,0.033996875,Leaf Redding
augmented_Leaf Redding0169.jpg,155.5547046875,157.0984046875,117.816828125,40.22172552790138,0.0646390625,Leaf Redding
augmented_Leaf Redding0170.jpg,215.45911875,214.2850265625,178.26334375,40.87940722354801,0.0368703125,Leaf Redding
augmented_Leaf Redding0171.jpg,158.522840625,158.5036265625,122.5418921875,39.89694546645959,0.0614046875,Leaf Redding
augmented_Leaf Redding0172.jpg,153.9371765625,155.25438125,122.485328125,49.16306835586025,0.35565,Leaf Redding
augmented_Leaf Redding0173.jpg,148.84678125,135.3040109375,107.2630125,56.920713260528835,0.3562859375,Leaf Redding
augmented_Leaf Redding0174.jpg,161.3462828125,151.965465625,119.81098125,62.5580323398176,0.0570265625,Leaf Redding
augmented_Leaf Redding0175.jpg,167.796159375,159.9806421875,129.995296875,62.04854269037285,0.0464765625,Leaf Redding
augmented_Leaf Redding0176.jpg,157.783334375,144.7020296875,108.6811890625,45.4672403079582,0.0532203125,Leaf Redding
augmented_Leaf Redding0177.jpg,152.9926640625,141.613471875,109.1000203125,51.79110330865224,0.35654375,Leaf Redding
augmented_Leaf Redding0178.jpg,163.0509609375,153.1827234375,119.3766671875,55.59323223529411,0.051928125,Leaf Redding
augmented_Leaf Redding0179.jpg,163.0509609375,153.1827234375,119.3766671875,55.59323223529411,0.051928125,Leaf Redding
augmented_Leaf Redding0180.jpg,167.2418375,170.5795609375,134.8940546875,76.25694281444048,0.0316984375,Leaf Redding
augmented_Leaf Redding0181.jpg,136.6977359375,138.6645703125,96.7869203125,69.70734794952565,0.03415,Leaf Redding
augmented_Leaf Redding0182.jpg,143.0165875,159.2009953125,118.6132546875,55.03287547697233,0.3563703125,Leaf Redding
augmented_Leaf Redding0183.jpg,147.2414171875,163.7387546875,117.8359046875,47.40695958296306,0.0471,Leaf Redding
augmented_Leaf Redding0184.jpg,146.2837953125,162.748978125,116.816253125,47.43456685497798,0.047484375,Leaf Redding
augmented_Leaf Redding0185.jpg,146.3209765625,162.78419375,116.850578125,47.476532704306074,0.0487640625,Leaf Redding
augmented_Leaf Redding0186.jpg,173.0516,172.636396875,131.058053125,55.02047159449344,0.0875140625,Leaf Redding
augmented_Leaf Redding0187.jpg,143.054375,143.282165625,105.964225,49.8483232506233,0.0900828125,Leaf Redding
augmented_Leaf Redding0188.jpg,138.4280125,132.080875,98.599903125,53.37155272010402,0.0390265625,Leaf Redding
augmented_Leaf Redding0189.jpg,143.6183078125,136.976721875,102.5938546875,54.722589936743674,0.038421875,Leaf Redding
augmented_Leaf Redding0190.jpg,164.71186875,157.1202453125,126.90378125,65.08939583767071,0.0362328125,Leaf Redding
augmented_Leaf Redding0191.jpg,106.9896125,107.6270625,74.9845625,39.667966799980746,0.05513125,Leaf Redding
augmented_Leaf Redding0192.jpg,150.578109375,153.6361203125,114.918709375,61.8694382832111,0.069653125,Leaf Redding
augmented_Leaf Redding0193.jpg,142.0154484375,141.3386,100.1025296875,51.7603016477623,0.07074375,Leaf Redding
augmented_Leaf Redding0194.jpg,142.0573828125,141.394209375,100.100996875,51.664763217047,0.0681046875,Leaf Redding
augmented_Leaf Redding0195.jpg,104.064396875,108.567775,75.54335625,31.525421804012378,0.035228125,Leaf Redding
augmented_Leaf Redding0196.jpg,149.541621875,153.858665625,109.6080515625,45.008127955855066,0.0575828125,Leaf Redding
augmented_Leaf Redding0197.jpg,156.0538328125,163.6170796875,122.3434109375,55.083332106890886,0.05683125,Leaf Redding
augmented_Leaf Redding0198.jpg,121.558684375,151.4265453125,93.8189515625,42.40469656153982,0.1218171875,Leaf Redding
augmented_Leaf Redding0199.jpg,105.2322703125,155.0060625,99.19230625,40.56671643642737,0.0539359375,Leaf Redding
augmented_Leaf Redding0200.jpg,153.7391203125,161.0457421875,118.6918515625,49.5049712610817,0.0206,Leaf Redding
augmented_Leaf Redding0201.jpg,142.3379484375,153.3129140625,109.7514015625,51.777136677594235,0.3579125,Leaf Redding
augmented_Leaf Redding0202.jpg,147.1077625,155.918246875,108.4417015625,44.69168371237157,0.0888078125,Leaf Redding
augmented_Leaf Redding0203.jpg,156.6241546875,164.9452296875,120.9788328125,52.71964345792906,0.08871875,Leaf Redding
augmented_Leaf Redding0204.jpg,156.6241546875,164.9452296875,120.9788328125,52.71964345792906,0.08871875,Leaf Redding
augmented_Leaf Redding0205.jpg,163.666975,169.8975578125,142.5906484375,34.51995504322856,0.0880390625,Leaf Redding
augmented_Leaf Redding0206.jpg,173.75108125,178.16715625,153.3499734375,42.23476120148063,0.0778234375,Leaf Redding
augmented_Leaf Redding0207.jpg,203.6361296875,202.38950625,165.01505625,49.8006474555517,0.0537015625,Leaf Redding
augmented_Leaf Redding0208.jpg,153.3429515625,156.8631484375,118.7636328125,46.40547182343127,0.046934375,Leaf Redding
augmented_Leaf Redding0209.jpg,152.357003125,155.904228125,117.74395,46.4322298803311,0.05285,Leaf Redding
augmented_Leaf Redding0210.jpg,169.068403125,181.3573640625,154.835928125,41.766303278839715,0.0854859375,Leaf Redding
augmented_Leaf Redding0211.jpg,163.97211875,164.1759953125,135.6093359375,33.027796328221974,0.055503125,Leaf Redding
augmented_Leaf Redding0212.jpg,173.1443109375,166.69583125,142.453090625,43.0199403743157,0.097090625,Leaf Redding
augmented_Leaf Redding0213.jpg,157.8580140625,150.9645171875,128.1665609375,40.21440545671425,0.093115625,Leaf Redding
augmented_Leaf Redding0214.jpg,162.9518140625,156.6619234375,135.403359375,46.48319499601852,0.0867375,Leaf Redding
augmented_Leaf Redding0215.jpg,172.6867859375,165.563125,146.705715625,53.93519872926214,0.08245625,Leaf Redding
augmented_Leaf Redding0216.jpg,164.337228125,157.84739375,136.9731671875,47.82385195623645,0.0861484375,Leaf Redding
augmented_Leaf Redding0217.jpg,163.20776875,159.87565625,138.2425828125,50.27145581788312,0.0932609375,Leaf Redding
augmented_Leaf Redding0218.jpg,156.9608078125,149.9939421875,127.158528125,40.072582833825656,0.089178125,Leaf Redding
augmented_Leaf Redding0219.jpg,161.10255625,155.3518828125,127.4628921875,36.5417169148248,0.0752,Leaf Redding
augmented_Leaf Redding0220.jpg,155.2910890625,154.4914046875,127.6497359375,46.30923520529545,0.3603578125,Leaf Redding
augmented_Leaf Redding0221.jpg,145.5109046875,159.2198390625,131.4788,40.586357308888694,0.090784375,Leaf Redding
augmented_Leaf Redding0222.jpg,141.6118328125,160.52,129.219703125,40.891805978211295,0.105928125,Leaf Redding
augmented_Leaf Redding0223.jpg,165.7279078125,180.694146875,154.9084046875,57.74614492308104,0.0938578125,Leaf Redding
augmented_Leaf Redding0224.jpg,150.0284546875,158.3395828125,121.896115625,48.0750260439668,0.0889875,Leaf Redding
augmented_Leaf Redding0225.jpg,128.42896875,118.274953125,88.0316828125,39.49355680025908,0.112825,Leaf Redding
augmented_Leaf Redding0226.jpg,156.6752171875,146.71955625,113.016709375,55.92649300815318,0.35884375,Leaf Redding
augmented_Leaf Redding0227.jpg,147.5075546875,143.2248140625,116.23088125,58.57993826977226,0.358503125,Leaf Redding
augmented_Leaf Redding0228.jpg,113.309275,101.747509375,75.0092828125,27.37098999012925,0.03878125,Leaf Redding
augmented_Leaf Redding0229.jpg,164.11705,145.666946875,109.5302,39.98747093082121,0.06566875,Leaf Redding
augmented_Leaf Redding0230.jpg,184.4530984375,172.3048515625,141.3955890625,55.84342699864058,0.0451515625,Leaf Redding
augmented_Leaf Redding0231.jpg,163.1944125,144.725671875,108.5620921875,39.94315733122935,0.065184375,Leaf Redding
augmented_Leaf Redding0232.jpg,138.5710703125,148.6906859375,110.2828796875,38.4114027373891,0.0710265625,Leaf Redding
augmented_Leaf Redding0233.jpg,148.18374375,159.6178703125,123.5663328125,50.25961101960288,0.070465625,Leaf Redding
augmented_Leaf Redding0234.jpg,148.18374375,159.6178703125,123.5663328125,50.25961101960288,0.070465625,Leaf Redding
augmented_Leaf Redding0235.jpg,137.6207796875,147.7329875,109.302940625,38.29099123486613,0.0699625,Leaf Redding
augmented_Leaf Redding0236.jpg,143.8609546875,156.1100359375,117.9152734375,46.053290806418886,0.07296875,Leaf Redding
augmented_Leaf Redding0237.jpg,148.25793125,161.135928125,124.0832296875,50.519437555608235,0.075784375,Leaf Redding
augmented_Leaf Redding0238.jpg,147.23053125,146.5437,114.3383328125,40.43257866122325,0.0500234375,Leaf Redding
augmented_Leaf Redding0239.jpg,152.77256875,152.6809375,122.1180859375,48.15914808163063,0.0488296875,Leaf Redding
augmented_Leaf Redding0240.jpg,156.3199359375,156.9126515625,126.802271875,51.318895291798555,0.04965625,Leaf Redding
augmented_Leaf Redding0241.jpg,144.4798953125,126.406378125,93.214953125,33.487205854704406,0.0329515625,Leaf Redding
augmented_Leaf Redding0242.jpg,154.31049375,151.0828125,115.848615625,38.38496776661942,0.0505421875,Leaf Redding
augmented_Leaf Redding0243.jpg,186.3570734375,171.1895171875,148.2770046875,51.29337071195062,0.026290625,Leaf Redding
augmented_Leaf Redding0244.jpg,153.01690625,161.9923734375,110.7445859375,52.31720667173251,0.139446875,Leaf Redding
augmented_Leaf Redding0245.jpg,146.283678125,147.316540625,105.80973125,48.06379341211528,0.067553125,Leaf Redding
augmented_Leaf Redding0246.jpg,155.5657828125,157.7879078125,119.57190625,58.03555086000071,0.066803125,Leaf Redding
augmented_Leaf Redding0247.jpg,157.3963796875,143.664703125,110.2209515625,41.53748651118393,0.0417171875,Leaf Redding
augmented_Leaf Redding0248.jpg,199.126253125,218.72821875,170.842334375,41.79892857075507,0.060175,Leaf Redding
augmented_Leaf Redding0249.jpg,148.945696875,152.919909375,112.222565625,34.44004760113061,0.054403125,Leaf Redding
augmented_Leaf Redding0250.jpg,157.01725625,161.665759375,122.73824375,46.4136880253097,0.05150625,Leaf Redding
augmented_Leaf Redding0251.jpg,112.0940234375,111.747275,85.404671875,21.881815045224553,0.02859375,Leaf Redding
augmented_Leaf Redding0252.jpg,152.62701875,150.9639671875,117.228946875,29.939559032661982,0.0383453125,Leaf Redding
augmented_Leaf Redding0253.jpg,102.5628140625,107.72308125,76.204659375,34.82211215837358,0.1000453125,Leaf Redding
augmented_Leaf Redding0254.jpg,152.26464375,157.1016765625,113.6344390625,51.46637409767381,0.1470125,Leaf Redding
augmented_Leaf Redding0255.jpg,161.020321875,164.3125671875,127.9427890625,51.19203785231117,0.143546875,Leaf Redding
augmented_Leaf Redding0256.jpg,161.020321875,164.3125671875,127.9427890625,51.19203785231117,0.143546875,Leaf Redding
augmented_Leaf Redding0257.jpg,155.2040953125,157.197865625,126.2667484375,42.89328238691454,0.0372359375,Leaf Redding
augmented_Leaf Redding0258.jpg,162.6728796875,166.4545421875,136.0958671875,51.375947329562685,0.0375765625,Leaf Redding
augmented_Leaf Redding0259.jpg,154.4690515625,153.2475984375,119.0665515625,35.010467782582566,0.026153125,Leaf Redding
augmented_Leaf Redding0260.jpg,163.6946734375,163.1837359375,134.298753125,44.20201740687118,0.015334375,Leaf Redding
augmented_Leaf Redding0261.jpg,153.6419,152.5217984375,121.642040625,32.04942134785683,0.014121875,Leaf Redding
augmented_Leaf Redding0262.jpg,121.045296875,124.87686875,99.7756734375,31.471624688875867,0.0359453125,Leaf Redding
augmented_Leaf Redding0263.jpg,170.23510625,163.5192984375,135.2251671875,50.308409525607814,0.04795,Leaf Redding
augmented_Leaf Redding0264.jpg,178.081603125,171.8713671875,145.7565421875,56.213010838544626,0.0529640625,Leaf Redding
augmented_Leaf Redding0265.jpg,178.63961875,172.39024375,146.3066140625,56.378699459932555,0.0529546875,Leaf Redding
augmented_Leaf Redding0266.jpg,189.8290421875,189.3342328125,161.1348890625,55.29173671607401,0.055609375,Leaf Redding
augmented_Leaf Redding0267.jpg,155.75203125,160.152365625,128.6045671875,49.682948613715396,0.35964375,Leaf Redding
augmented_Leaf Redding0268.jpg,162.7748375,163.870028125,128.7775265625,41.109868996935674,0.059759375,Leaf Redding
augmented_Leaf Redding0269.jpg,182.301190625,183.6129171875,149.947665625,47.369815503017726,0.059525,Leaf Redding
augmented_Leaf Redding0270.jpg,155.632921875,154.709190625,126.164596875,62.921812813938864,0.0619015625,Leaf Redding
augmented_Leaf Redding0271.jpg,154.563140625,153.537559375,124.8067125,62.668032023716734,0.063021875,Leaf Redding
augmented_Leaf Redding0272.jpg,151.0333484375,152.885003125,119.8549390625,62.89059565245246,0.3605265625,Leaf Redding
augmented_Leaf Redding0273.jpg,158.5180265625,161.0138953125,118.9626171875,57.59296406076569,0.1084359375,Leaf Redding
augmented_Leaf Redding0274.jpg,146.7636921875,149.758140625,110.2231640625,51.87014110229177,0.3602140625,Leaf Redding
augmented_Leaf Redding0275.jpg,151.3785953125,153.105903125,107.956128125,43.81014411461391,0.103965625,Leaf Redding
augmented_Leaf Redding0276.jpg,162.893565625,164.4428703125,120.9245859375,51.94254972477368,0.1038734375,Leaf Redding
augmented_Leaf Redding0277.jpg,157.0436921875,154.6395078125,115.2302375,59.82185141730064,0.107884375,Leaf Redding
augmented_Leaf Redding0278.jpg,148.61174375,146.156240625,115.5018453125,63.67329583803167,0.360696875,Leaf Redding
augmented_Leaf Redding0279.jpg,127.994603125,147.102290625,101.6203890625,45.34222449719352,0.355459375,Leaf Redding
augmented_Leaf Redding0280.jpg,127.926465625,147.120175,101.6697,45.416040040082315,0.355290625,Leaf Redding
augmented_Leaf Redding0281.jpg,141.5858125,158.90673125,114.9139,48.01171347975317,0.0757046875,Leaf Redding
augmented_Leaf Redding0282.jpg,134.1605328125,151.8065828125,106.374571875,47.74264390122013,0.3545734375,Leaf Redding
augmented_Leaf Redding0283.jpg,136.5649515625,151.7608609375,104.50885,38.11734050455556,0.0837703125,Leaf Redding
augmented_Leaf Redding0284.jpg,150.1825375,163.076153125,106.581778125,50.58611899224962,0.134265625,Leaf Redding
augmented_Leaf Redding0285.jpg,139.569640625,149.2526890625,104.0429453125,51.8305700590537,0.0454359375,Leaf Redding
augmented_Leaf Redding0286.jpg,138.6356984375,148.3019375,103.008609375,51.79786139684924,0.04395,Leaf Redding
augmented_Leaf Redding0287.jpg,107.048765625,120.4810375,86.2495234375,34.88754383741522,0.0875359375,Leaf Redding
augmented_Leaf Redding0288.jpg,135.7070125,152.2934546875,110.5643953125,43.84563783074483,0.11044375,Leaf Redding
augmented_Leaf Redding0289.jpg,130.6052421875,144.99548125,107.180525,48.58236585401977,0.0412984375,Leaf Redding
augmented_Leaf Redding0290.jpg,137.0567734375,150.5836140625,114.7117328125,54.07670894521006,0.04095,Leaf Redding
augmented_Leaf Redding0291.jpg,137.0567734375,150.5836140625,114.7117328125,54.07670894521006,0.04095,Leaf Redding
augmented_Leaf Redding0292.jpg,142.708896875,149.597209375,110.65088125,59.19360260146789,0.0715171875,Leaf Redding
augmented_Leaf Redding0293.jpg,155.6432234375,163.5404359375,128.1796890625,68.97792485119174,0.0700734375,Leaf Redding
augmented_Leaf Redding0294.jpg,128.9562296875,137.8058859375,96.640959375,41.45928168180298,0.042321875,Leaf Redding
augmented_Leaf Redding0295.jpg,118.55111875,121.2036640625,92.8078078125,30.264799193991802,0.029765625,Leaf Redding
augmented_Leaf Redding0296.jpg,148.8373390625,151.8965625,117.58885,37.58114832154487,0.037603125,Leaf Redding
augmented_Leaf Redding0297.jpg,172.1019015625,195.1959078125,146.0016015625,46.41983919027263,0.0412703125,Leaf Redding
augmented_Leaf Redding0298.jpg,153.1915125,169.2976296875,133.68055,60.92683682920755,0.0338765625,Leaf Redding
augmented_Leaf Redding0299.jpg,126.6724734375,139.45674375,97.4204765625,44.40847009072069,0.0417671875,Leaf Redding
augmented_Leaf Redding0300.jpg,123.2739921875,135.825203125,94.40275,43.48079659145327,0.0410890625,Leaf Redding
augmented_Leaf Redding0301.jpg,150.6876828125,163.594834375,129.9939125,54.03888449641458,0.3560390625,Leaf Redding
augmented_Leaf Redding0302.jpg,158.0116453125,166.4925796875,127.119803125,46.82189232520193,0.0380484375,Leaf Redding
augmented_Leaf Redding0303.jpg,155.3852125,166.371021875,128.295078125,47.277408190495386,0.02121875,Leaf Redding
augmented_Leaf Redding0304.jpg,148.276303125,162.7226890625,130.920934375,54.770680325505786,0.3534625,Leaf Redding
augmented_Leaf Redding0305.jpg,154.590353125,157.7366546875,125.9984875,46.687121865182945,0.0249875,Leaf Redding
augmented_Leaf Redding0306.jpg,164.229125,164.6914890625,135.0340828125,54.87347362635434,0.022975,Leaf Redding
augmented_Leaf Redding0307.jpg,153.685721875,156.7721953125,125.0191453125,46.701759222431846,0.024740625,Leaf Redding
augmented_Leaf Redding0308.jpg,154.473578125,165.079965625,124.46974375,49.64989226188814,0.360790625,Leaf Redding
augmented_Leaf Redding0309.jpg,156.2953453125,165.988221875,121.920403125,40.644672262562665,0.103903125,Leaf Redding
augmented_Leaf Redding0310.jpg,140.078971875,154.4694375,114.4715015625,47.8923449439085,0.065746875,Leaf Redding
augmented_Leaf Redding0311.jpg,151.121853125,163.5089765625,126.8413078125,57.1710154654019,0.0590875,Leaf Redding
augmented_Leaf Redding0312.jpg,125.6197546875,141.49560625,104.1418421875,61.574677862164044,0.0578140625,Leaf Redding
augmented_Leaf Redding0313.jpg,139.9978265625,153.957146875,119.8623046875,70.18517813334776,0.053178125,Leaf Redding
augmented_Leaf Redding0314.jpg,151.0210546875,165.652065625,128.95249375,56.875044945031696,0.0412125,Leaf Redding
augmented_Leaf Redding0315.jpg,131.808409375,147.4065296875,109.511559375,53.384054636420935,0.0551390625,Leaf Redding
augmented_Leaf Redding0316.jpg,127.4565859375,143.57355625,110.672634375,57.55219329467248,0.3586703125,Leaf Redding
augmented_Leaf Redding0317.jpg,141.2580859375,158.7596859375,117.688925,55.708603708269244,0.0665890625,Leaf Redding
augmented_Leaf Redding0318.jpg,152.4070359375,171.724709375,125.71204375,54.605137055857874,0.0462203125,Leaf Redding
augmented_Leaf Redding0319.jpg,128.8057578125,146.7230765625,104.749565625,48.48229763216376,0.043371875,Leaf Redding
augmented_Leaf Redding0320.jpg,128.0764890625,145.0128765625,107.3088046875,55.04322091163584,0.356528125,Leaf Redding
augmented_Leaf Redding0321.jpg,128.804728125,146.7226671875,104.75890625,48.47909538405826,0.042803125,Leaf Redding
augmented_Leaf Redding0322.jpg,138.706978125,156.4062,117.2281890625,59.35959717914278,0.042175,Leaf Redding
augmented_Leaf Redding0323.jpg,138.706978125,156.4062,117.2281890625,59.35959717914278,0.042175,Leaf Redding
augmented_Leaf Redding0324.jpg,127.76410625,145.863521875,103.6879484375,48.458464871760505,0.0430453125,Leaf Redding
augmented_Leaf Redding0325.jpg,123.6939421875,146.7723640625,113.6258140625,64.53192827293691,0.0664953125,Leaf Redding
augmented_Leaf Redding0326.jpg,144.2981828125,160.011153125,136.671215625,78.60790341980952,0.0527828125,Leaf Redding
augmented_Leaf Redding0327.jpg,130.0313625,152.019771875,121.93626875,70.78956528750125,0.060340625,Leaf Redding
augmented_Leaf Redding0328.jpg,117.30793125,138.1562296875,109.0820984375,63.03315588656465,0.0416578125,Leaf Redding
augmented_Leaf Redding0329.jpg,117.3226890625,138.17619375,109.07780625,63.03791515248977,0.0410265625,Leaf Redding
augmented_Leaf Redding0330.jpg,124.1724,136.1116515625,116.3940296875,61.69944859384443,0.040234375,Leaf Redding
augmented_Leaf Redding0331.jpg,86.1862703125,101.346425,81.3566203125,51.16294434298381,0.0347875,Leaf Redding
augmented_Leaf Redding0332.jpg,136.69125,155.3766671875,132.76385625,80.27125439354535,0.0420125,Leaf Redding
augmented_Leaf Redding0333.jpg,121.479915625,136.881559375,115.988159375,74.74707589212389,0.0415296875,Leaf Redding
augmented_Leaf Redding0334.jpg,124.56295625,124.3685046875,89.0724359375,68.41472708999697,0.300678125,Leaf Redding
augmented_Leaf Redding0335.jpg,133.6485953125,135.682165625,95.8996125,60.34747163583801,0.3040703125,Leaf Redding
augmented_Leaf Redding0336.jpg,148.594975,149.515353125,117.36571875,71.05293771235361,0.2741703125,Leaf Redding
augmented_Leaf Redding0337.jpg,136.0621078125,137.5755421875,101.2986859375,62.883937871536325,0.2997953125,Leaf Redding
augmented_Leaf Redding0338.jpg,136.4912140625,137.4796765625,105.1900109375,64.55695791913182,0.373240625,Leaf Redding
augmented_Leaf Redding0339.jpg,173.175771875,172.810453125,129.2524953125,66.69202138317976,0.29030625,Leaf Redding
augmented_Leaf Redding0340.jpg,153.08280625,152.212884375,116.504265625,67.01410094666015,0.272771875,Leaf Redding
augmented_Leaf Redding0341.jpg,141.4928640625,141.766696875,102.0519640625,58.8675593589243,0.293321875,Leaf Redding
augmented_Leaf Redding0342.jpg,162.3152890625,154.0633421875,112.413721875,56.1342217837356,0.216003125,Leaf Redding
augmented_Leaf Redding0343.jpg,148.239003125,142.9995828125,109.31085,58.66670095388188,0.370465625,Leaf Redding
augmented_Leaf Redding0344.jpg,148.1746453125,142.9858203125,109.30681875,58.66406511874727,0.36976875,Leaf Redding
augmented_Leaf Redding0345.jpg,206.2998328125,187.660453125,149.3244921875,49.320670650127205,0.1365234375,Leaf Redding
augmented_Leaf Redding0346.jpg,163.101725,146.9190515625,118.2973203125,43.91539414252001,0.112953125,Leaf Redding
augmented_Leaf Redding0347.jpg,162.520384375,160.82004375,125.757028125,49.24434730436764,0.3578140625,Leaf Redding
augmented_Leaf Redding0348.jpg,164.3293640625,149.6074609375,113.06878125,45.86634938168848,0.1002015625,Leaf Redding
augmented_Leaf Redding0349.jpg,164.2984625,149.601240625,113.074184375,45.969309322884364,0.095640625,Leaf Redding
augmented_Leaf Redding0350.jpg,161.723346875,160.431184375,127.017809375,52.949755176012374,0.0963625,Leaf Redding
augmented_Leaf Redding0351.jpg,154.9334859375,150.2203828125,120.1414640625,46.652186172468724,0.112771875,Leaf Redding
augmented_Leaf Redding0352.jpg,154.015765625,149.2688984375,119.1560671875,46.0634562012437,0.1097734375,Leaf Redding
augmented_Leaf Redding0353.jpg,198.8735171875,198.31210625,151.4725375,57.877038045417805,0.162284375,Leaf Redding
augmented_Leaf Redding0354.jpg,176.1090609375,178.426971875,147.610571875,57.947685440154416,0.06410625,Leaf Redding
augmented_Leaf Redding0355.jpg,174.61719375,176.9811796875,145.3650046875,57.06493139840508,0.06404375,Leaf Redding
augmented_Leaf Redding0356.jpg,154.2330875,158.2882734375,118.3534140625,42.70571043286475,0.063253125,Leaf Redding
augmented_Leaf Redding0357.jpg,163.6552953125,159.75990625,127.7146328125,41.143767304271464,0.05398125,Leaf Redding
augmented_Leaf Redding0358.jpg,169.8398296875,169.200734375,138.1677875,50.01102951308705,0.055465625,Leaf Redding
augmented_Leaf Redding0359.jpg,169.8398296875,169.200734375,138.1677875,50.01102951308705,0.055465625,Leaf Redding
augmented_Leaf Redding0360.jpg,163.2770375,145.6139453125,120.67085625,45.59005513133788,0.1328484375,Leaf Redding
augmented_Leaf Redding0361.jpg,163.2770375,145.6139453125,120.67085625,45.59005513133788,0.1328484375,Leaf Redding
augmented_Leaf Redding0362.jpg,185.5189953125,178.0813234375,151.2536046875,55.42428859702079,0.0753875,Leaf Redding
augmented_Leaf Redding0363.jpg,183.4251359375,170.357084375,145.4545734375,47.22862912849931,0.0843234375,Leaf Redding
augmented_Leaf Redding0364.jpg,160.0590265625,141.25608125,115.1487671875,45.50930496861133,0.148171875,Leaf Redding
augmented_Leaf Redding0365.jpg,164.20675,141.26269375,117.7280484375,45.75678693145719,0.1209578125,Leaf Redding
augmented_Leaf Redding0366.jpg,153.5154609375,142.5473640625,123.3526203125,48.15442080904757,0.3574515625,Leaf Redding
augmented_Leaf Redding0367.jpg,176.5495296875,150.636371875,133.0629921875,46.303207593063625,0.045453125,Leaf Redding
augmented_Leaf Redding0368.jpg,177.721796875,141.7621046875,122.0335140625,44.278261665318794,0.1375984375,Leaf Redding
augmented_Leaf Redding0369.jpg,188.2996796875,151.862653125,135.435746875,52.76133576379943,0.134190625,Leaf Redding
augmented_Leaf Redding0370.jpg,182.8852125,167.2807734375,145.0722234375,60.426098918388085,0.104959375,Leaf Redding
augmented_Leaf Redding0371.jpg,170.7062578125,154.3828625,129.8045859375,53.68417245513171,0.1160015625,Leaf Redding
augmented_Leaf Redding0372.jpg,121.0893796875,105.6787734375,75.824809375,51.01239397914963,0.0947515625,Leaf Redding
augmented_Leaf Redding0373.jpg,145.643190625,149.059125,107.5745953125,58.35471303547983,0.2817671875,Leaf Redding
augmented_Leaf Redding0374.jpg,149.9908234375,153.4656234375,115.3627078125,49.101410063637296,0.077471875,Leaf Redding
augmented_Leaf Redding0375.jpg,150.0296796875,153.4854046875,115.3847171875,49.081343791584324,0.0774296875,Leaf Redding
augmented_Leaf Redding0376.jpg,152.3232171875,152.0248890625,117.8696984375,46.59309642924824,0.0631375,Leaf Redding
augmented_Leaf Redding0377.jpg,152.3736515625,152.0397796875,117.874534375,46.539321776622465,0.0629546875,Leaf Redding
augmented_Leaf Redding0378.jpg,152.3736515625,152.0397796875,117.874534375,46.539321776622465,0.0629546875,Leaf Redding
augmented_Leaf Redding0379.jpg,145.5974203125,150.5412125,141.18373125,77.8447933851322,0.3646921875,Leaf Redding
augmented_Leaf Redding0380.jpg,136.566390625,140.9069609375,139.510778125,78.56703360555045,0.3623734375,Leaf Redding
augmented_Leaf Redding0381.jpg,136.50819375,140.852453125,139.6195234375,78.57413183744508,0.362434375,Leaf Redding
augmented_Leaf Redding0382.jpg,138.044996875,143.5373203125,125.0164265625,78.37871510851873,0.090471875,Leaf Redding
augmented_Leaf Redding0383.jpg,138.1227484375,143.47153125,124.962871875,78.31772515656877,0.0817046875,Leaf Redding
augmented_Leaf Redding0384.jpg,144.856346875,153.9012453125,139.196990625,77.16996739310628,0.1108625,Leaf Redding
augmented_Leaf Redding0385.jpg,149.1707671875,156.679546875,141.80106875,81.1123472423067,0.1108703125,Leaf Redding
augmented_Leaf Redding0386.jpg,149.1707671875,156.679546875,141.80106875,81.1123472423067,0.1108703125,Leaf Redding
augmented_Leaf Redding0387.jpg,141.03314375,145.7627953125,136.50856875,79.97378762573527,0.366421875,Leaf Redding
augmented_Leaf Redding0388.jpg,138.8787609375,145.6780046875,128.8192765625,83.66087354461907,0.1015984375,Leaf Redding
augmented_Leaf Redding0389.jpg,138.8787609375,145.6780046875,128.8192765625,83.66087354461907,0.1015984375,Leaf Redding
augmented_Leaf Redding0390.jpg,131.495390625,139.56160625,122.8055421875,78.38242091686982,0.099825,Leaf Redding
augmented_Leaf Redding0391.jpg,145.55664375,157.4851734375,144.4539234375,76.58933540151678,0.0972359375,Leaf Redding
augmented_Leaf Redding0392.jpg,145.55664375,157.4851734375,144.4539234375,76.58933540151678,0.0972359375,Leaf Redding
augmented_Leaf Redding0393.jpg,144.5505734375,156.3742359375,143.4078125,76.34609674626643,0.0806734375,Leaf Redding
augmented_Leaf Redding0394.jpg,120.119003125,129.683796875,108.6494234375,39.50366074461437,0.03828125,Leaf Redding
augmented_Leaf Redding0395.jpg,159.6988921875,170.373109375,144.56990625,52.68768606710119,0.0608640625,Leaf Redding
augmented_Leaf Redding0396.jpg,178.7689640625,187.5941890625,166.4897421875,58.735778586131644,0.056996875,Leaf Redding
augmented_Leaf Redding0397.jpg,181.184025,189.920784375,169.4800734375,58.67686813301481,0.056703125,Leaf Redding
augmented_Leaf Redding0398.jpg,157.106325,166.0111203125,140.0984515625,47.653219037529325,0.0501953125,Leaf Redding
augmented_Leaf Redding0399.jpg,162.0606796875,171.056575,144.658478125,49.0223899174556,0.0499703125,Leaf Redding
augmented_Leaf Redding0400.jpg,174.97706875,182.725275,158.53135625,54.55210410084012,0.0479765625,Leaf Redding
augmented_Leaf Redding0401.jpg,158.817715625,166.9672515625,141.5209109375,52.53182428369016,0.141359375,Leaf Redding
augmented_Leaf Redding0402.jpg,172.4498859375,179.2135296875,155.84929375,46.05666356870045,0.0279875,Leaf Redding
augmented_Leaf Redding0403.jpg,159.8693703125,168.0151828125,138.389353125,64.92102628833739,0.2403875,Leaf Redding
augmented_Leaf Redding0404.jpg,141.980709375,148.557834375,125.0316921875,64.77054270923126,0.3738625,Leaf Redding
augmented_Leaf Redding0405.jpg,144.4549796875,153.4470046875,124.9544953125,60.65408400267138,0.2394546875,Leaf Redding
augmented_Leaf Redding0406.jpg,143.5127296875,152.5309734375,124.0124,60.587706080601656,0.2370859375,Leaf Redding
augmented_Leaf Redding0407.jpg,156.7451703125,164.0661734375,136.2052359375,48.240158028844476,0.0566296875,Leaf Redding
augmented_Leaf Redding0408.jpg,163.7180890625,171.4483546875,145.2666125,53.28344207136407,0.052575,Leaf Redding
augmented_Leaf Redding0409.jpg,159.181646875,165.93214375,136.05159375,45.7115240345037,0.0606359375,Leaf Redding
augmented_Leaf Redding0410.jpg,111.10811875,117.6278625,94.6809859375,31.79335309335011,0.0423875,Leaf Redding
augmented_Leaf Redding0411.jpg,190.0440125,196.9921265625,167.845453125,51.76531044724685,0.0452984375,Leaf Redding
augmented_Leaf Redding0412.jpg,131.535284375,137.8131140625,114.658196875,38.79827000781576,0.0514625,Leaf Redding
augmented_Leaf Redding0413.jpg,167.255109375,174.7084578125,149.2874109375,53.09406697560196,0.061071875,Leaf Redding
augmented_Leaf Redding0414.jpg,209.2566625,215.0445640625,186.9720140625,49.64392921532226,0.0243984375,Leaf Redding
augmented_Leaf Redding0415.jpg,122.3440375,129.52648125,107.753484375,42.6413807285689,0.04628125,Leaf Redding
augmented_Leaf Redding0416.jpg,153.940946875,161.443028125,135.420915625,53.50811297112078,0.0639125,Leaf Redding
augmented_Leaf Redding0417.jpg,177.3868859375,182.35695625,156.770753125,48.41546716395711,0.0483578125,Leaf Redding
augmented_Leaf Redding0418.jpg,94.4029328125,102.5917328125,84.193925,28.755831039780027,0.0150828125,Leaf Redding
augmented_Leaf Redding0419.jpg,157.804634375,167.952865625,141.2680703125,48.612002077393406,0.0479015625,Leaf Redding
augmented_Leaf Redding0420.jpg,166.6963015625,176.4615171875,151.2528453125,54.076439546119055,0.0491546875,Leaf Redding
augmented_Leaf Redding0421.jpg,174.7522671875,181.477265625,158.156053125,57.32893336679461,0.0269421875,Leaf Redding
augmented_Leaf Redding0422.jpg,162.00701875,169.248796875,142.2370609375,52.45347831014274,0.026384375,Leaf Redding
augmented_Leaf Redding0423.jpg,164.90488125,172.0954390625,146.4201921875,47.15474383668847,0.1121421875,Leaf Redding
augmented_Leaf Redding0424.jpg,160.592096875,168.4165359375,144.56381875,55.691818596350636,0.35950625,Leaf Redding
augmented_Leaf Redding0425.jpg,160.5711015625,168.3628328125,144.608503125,55.68834895453595,0.360121875,Leaf Redding
augmented_Leaf Redding0426.jpg,174.2890671875,181.7082546875,158.787009375,54.73420580143381,0.086353125,Leaf Redding
augmented_Leaf Redding0427.jpg,172.3835765625,163.092334375,148.4600640625,53.31687194368179,0.1625234375,Leaf Redding
augmented_Leaf Redding0428.jpg,156.0414125,150.9055796875,137.4983484375,53.529182671449675,0.3651953125,Leaf Redding
augmented_Leaf Redding0429.jpg,175.4243234375,166.154334375,155.6129640625,54.546786833472055,0.1363703125,Leaf Redding
augmented_Leaf Redding0430.jpg,183.2847734375,174.2111125,164.94948125,58.57223836959493,0.1313625,Leaf Redding
augmented_Leaf Redding0431.jpg,159.000740625,138.516990625,130.2468578125,46.88571172407389,0.1671609375,Leaf Redding
augmented_Leaf Redding0432.jpg,159.000740625,138.516990625,130.2468578125,46.88571172407389,0.1671609375,Leaf Redding
augmented_Leaf Redding0433.jpg,150.356975,143.854609375,115.5415296875,57.443300203312226,0.0751859375,Leaf Redding
augmented_Leaf Redding0434.jpg,153.959646875,140.0956140625,111.66400625,62.96275070816687,0.1419359375,Leaf Redding
augmented_Leaf Redding0435.jpg,161.968990625,152.931028125,128.748240625,70.88451534917525,0.10286875,Leaf Redding
augmented_Leaf Redding0436.jpg,130.4901359375,130.870284375,110.5601953125,62.232036634884174,0.362396875,Leaf Redding
augmented_Leaf Redding0437.jpg,185.234646875,172.6277953125,143.4825890625,46.637121431457764,0.1426171875,Leaf Redding
augmented_Leaf Redding0438.jpg,164.7715140625,151.4872359375,124.7285125,42.14594994274685,0.147690625,Leaf Redding
augmented_Leaf Redding0439.jpg,158.252053125,149.8804359375,126.7815375,51.07561521228096,0.3624140625,Leaf Redding
augmented_Leaf Redding0440.jpg,170.4872765625,157.62035625,131.865721875,50.91966428925573,0.0954796875,Leaf Redding
augmented_Leaf Redding0441.jpg,178.6899671875,167.1464734375,142.0611390625,45.36594466213915,0.116753125,Leaf Redding
augmented_Leaf Redding0442.jpg,171.3453390625,158.001378125,132.03816875,37.43537712682633,0.119475,Leaf Redding
augmented_Leaf Redding0443.jpg,139.4909734375,129.37315,102.4899953125,39.38912856277184,0.1127328125,Leaf Redding
augmented_Leaf Redding0444.jpg,155.7136359375,144.025215625,114.592403125,43.42638628572326,0.120084375,Leaf Redding
augmented_Leaf Redding0445.jpg,155.7599296875,144.0423859375,114.6223578125,43.36206380435326,0.1195671875,Leaf Redding
augmented_Leaf Redding0446.jpg,166.4403984375,150.8944140625,129.338109375,45.80326339853273,0.1100484375,Leaf Redding
augmented_Leaf Redding0447.jpg,165.5679203125,149.9274453125,128.3532078125,45.63755034336061,0.1145921875,Leaf Redding
augmented_Leaf Redding0448.jpg,222.402875,209.3463828125,187.148065625,41.94684170358963,0.0720890625,Leaf Redding
augmented_Leaf Redding0449.jpg,169.9255359375,152.539903125,134.176475,40.99219357216353,0.081640625,Leaf Redding
augmented_Leaf Redding0450.jpg,177.6244625,161.0333765625,144.7621109375,49.592848597680494,0.0815484375,Leaf Redding
augmented_Leaf Redding0451.jpg,165.8345328125,152.5904640625,128.6172734375,44.014834504168434,0.1464859375,Leaf Redding
augmented_Leaf Redding0452.jpg,173.083234375,161.4497609375,138.9757359375,51.88264664278091,0.1413765625,Leaf Redding
augmented_Leaf Redding0453.jpg,168.6245953125,173.57274375,151.9675125,61.21281389726317,0.0901625,Leaf Redding
augmented_Leaf Redding0454.jpg,158.10479375,163.58429375,139.9845296875,55.90800524682735,0.0905265625,Leaf Redding
augmented_Leaf Redding0455.jpg,156.668984375,162.183428125,138.112546875,54.658922254347786,0.09576875,Leaf Redding
augmented_Leaf Redding0456.jpg,146.3885125,153.4477296875,126.8132875,48.68743088970345,0.0924484375,Leaf Redding
augmented_Leaf Redding0457.jpg,145.4577609375,152.5184234375,125.8497421875,48.36602924360971,0.088140625,Leaf Redding
augmented_Leaf Redding0458.jpg,151.1083328125,158.6198265625,133.7487265625,53.25455327074024,0.3636390625,Leaf Redding
augmented_Leaf Redding0459.jpg,161.4522375,165.7094609375,139.323803125,53.07523602673466,0.0957109375,Leaf Redding
augmented_Leaf Redding0460.jpg,153.7119984375,159.3160265625,131.2341046875,46.62182136634232,0.103259375,Leaf Redding
augmented_Leaf Redding0461.jpg,150.1424109375,156.5869421875,130.4518828125,48.33978161261017,0.1005140625,Leaf Redding
augmented_Leaf Redding0462.jpg,137.2075765625,145.393096875,120.70525,55.885616407959,0.36105625,Leaf Redding
augmented_Leaf Redding0463.jpg,149.671503125,155.788328125,131.35566875,58.52219241103762,0.088334375,Leaf Redding
augmented_Leaf Redding0464.jpg,156.3409734375,163.9281359375,139.463940625,54.131195199645724,0.03100625,Leaf Redding
augmented_Leaf Redding0465.jpg,158.4636828125,166.8655703125,146.2524140625,55.679912537137994,0.3640390625,Leaf Redding
augmented_Leaf Redding0466.jpg,192.5873375,201.0763828125,180.1690359375,42.45790626050486,0.097296875,Leaf Redding
augmented_Leaf Redding0467.jpg,182.7705390625,191.7549328125,168.4598375,43.365572978070794,0.096278125,Leaf Redding
augmented_Leaf Redding0468.jpg,185.46715,191.354934375,167.0916375,41.67667753094761,0.036871875,Leaf Redding
augmented_Leaf Redding0469.jpg,185.46715,191.354934375,167.0916375,41.67667753094761,0.036871875,Leaf Redding
augmented_Leaf Redding0470.jpg,177.014934375,182.9011703125,162.29455625,55.29748584752314,0.3643328125,Leaf Redding
augmented_Leaf Redding0471.jpg,174.5691078125,181.479034375,164.7013078125,62.80110401372552,0.3714078125,Leaf Redding
augmented_Leaf Redding0472.jpg,174.5467625,180.1885875,154.667409375,54.938329597506296,0.04430625,Leaf Redding
augmented_Leaf Redding0473.jpg,162.2723875,169.0856609375,145.0213828125,57.665316960235074,0.3616890625,Leaf Redding
augmented_Leaf Redding0474.jpg,181.8529046875,189.4115375,163.6883390625,44.10552644907261,0.042596875,Leaf Redding
augmented_Leaf Redding0475.jpg,180.9128078125,188.448809375,162.5457078125,44.05661548010153,0.0431015625,Leaf Redding
augmented_Leaf Redding0476.jpg,180.90505,188.4579484375,162.5208359375,44.02642894196435,0.0444171875,Leaf Redding
augmented_Leaf Redding0477.jpg,176.332721875,183.88336875,162.8511296875,48.05563630959746,0.0162640625,Leaf Redding
augmented_Leaf Redding0478.jpg,157.186965625,161.2056640625,137.4345734375,73.74967223514678,0.25755625,Leaf Redding
augmented_Leaf Redding0479.jpg,143.2788546875,149.6305984375,123.579071875,70.74455524731407,0.2845109375,Leaf Redding
augmented_Leaf Redding0480.jpg,143.2695515625,149.6257046875,123.5164234375,70.60811107336066,0.2801,Leaf Redding
augmented_Leaf Redding0481.jpg,143.3103515625,149.6467515625,123.588590625,70.69908013336207,0.282103125,Leaf Redding
augmented_Leaf Redding0482.jpg,154.2277578125,158.201384375,140.13948125,70.03079679825103,0.3736484375,Leaf Redding
augmented_Leaf Redding0483.jpg,164.22209375,169.4958859375,145.9922515625,66.99150181629251,0.2842171875,Leaf Redding
augmented_Leaf Redding0484.jpg,164.22209375,169.4958859375,145.9922515625,66.99150181629251,0.2842171875,Leaf Redding
augmented_Leaf Redding0485.jpg,235.205128125,237.3666671875,211.2404734375,31.47110880824208,0.0410109375,Leaf Redding
augmented_Leaf Redding0486.jpg,105.2483515625,108.085465625,88.3797734375,21.807482879105972,0.0303859375,Leaf Redding
augmented_Leaf Redding0487.jpg,189.883,191.496403125,166.0506609375,46.16212518569022,0.0622390625,Leaf Redding
augmented_Leaf Redding0488.jpg,180.271934375,175.3954625,153.70043125,39.43368038802937,0.0459828125,Leaf Redding
augmented_Leaf Redding0489.jpg,151.0903328125,152.82961875,125.0912125,57.241485425087504,0.366946875,Leaf Redding
augmented_Leaf Redding0490.jpg,156.1156375,156.33508125,126.4096953125,51.43180991573633,0.105340625,Leaf Redding
augmented_Leaf Redding0491.jpg,174.3187671875,176.022584375,151.741990625,65.2289239137658,0.094034375,Leaf Redding
augmented_Leaf Redding0492.jpg,136.0172015625,136.0187703125,111.8434109375,53.03674019723682,0.036215625,Leaf Redding
augmented_Leaf Redding0493.jpg,136.0278359375,136.0387,111.850434375,53.02913606736888,0.035609375,Leaf Redding
augmented_Leaf Redding0494.jpg,143.594703125,144.9945640625,123.893684375,62.15320435692778,0.035315625,Leaf Redding
augmented_Leaf Redding0495.jpg,140.5528890625,141.49530625,119.0407703125,59.11898231626232,0.0350828125,Leaf Redding
augmented_Leaf Redding0496.jpg,148.2888453125,148.2834234375,126.4843890625,62.680426035440895,0.036709375,Leaf Redding
augmented_Leaf Redding0497.jpg,107.8175609375,106.8004953125,95.84235625,65.96533958908569,0.3621390625,Leaf Redding
augmented_Leaf Redding0498.jpg,118.69536875,117.1771390625,89.567615625,76.32678527566746,0.0410078125,Leaf Redding
augmented_Leaf Redding0499.jpg,163.2653046875,169.0470953125,143.5136203125,55.47986431163208,0.368771875,Leaf Redding
augmented_Leaf Redding0500.jpg,180.8911265625,179.9357703125,152.5378453125,41.33007740529937,0.046496875,Leaf Redding
augmented_Leaf Redding0501.jpg,116.017896875,121.63223125,99.1310609375,36.1753536363235,0.0128609375,Leaf Redding
augmented_Leaf Redding0502.jpg,167.9646984375,175.2404453125,150.962665625,59.867997109118825,0.022590625,Leaf Redding
augmented_Leaf Redding0503.jpg,170.28651875,177.2526296875,153.8352109375,60.966952697670486,0.022728125,Leaf Redding
augmented_Leaf Redding0504.jpg,147.0152078125,152.2357203125,123.373221875,49.297276461563015,0.0362765625,Leaf Redding
augmented_Leaf Redding0505.jpg,147.09738125,152.297596875,123.4527484375,49.27869445629406,0.0281109375,Leaf Redding
augmented_Leaf Redding0506.jpg,106.700121875,114.3186703125,92.0712265625,48.70267577460349,0.1396015625,Leaf Redding
augmented_Leaf Redding0507.jpg,113.0043890625,119.8173046875,95.1516578125,29.477182412545144,0.03363125,Leaf Redding
augmented_Leaf Redding0508.jpg,167.797428125,175.5840921875,141.8397375,44.184403800184114,0.07174375,Leaf Redding
augmented_Leaf Redding0509.jpg,173.225540625,181.6020171875,148.883615625,49.98216578107897,0.0711953125,Leaf Redding
augmented_Leaf Redding0510.jpg,161.2179328125,165.9534078125,139.7520546875,50.20400491007347,0.1256640625,Leaf Redding
augmented_Leaf Redding0511.jpg,161.21169375,165.95931875,139.7607484375,50.19830927614587,0.1254796875,Leaf Redding
augmented_Leaf Redding0512.jpg,161.21169375,165.95931875,139.7607484375,50.19830927614587,0.1254796875,Leaf Redding
augmented_Leaf Redding0513.jpg,91.35680625,97.1019015625,76.732475,23.728481616064347,0.014378125,Leaf Redding
augmented_Leaf Redding0514.jpg,162.7190625,171.7845328125,143.6565828125,53.890696671762925,0.361328125,Leaf Redding
augmented_Leaf Redding0515.jpg,166.1508921875,171.072953125,137.016984375,49.41251823141479,0.0366109375,Leaf Redding
augmented_Leaf Redding0516.jpg,160.386346875,167.831134375,139.434575,56.3937986131312,0.3605046875,Leaf Redding
augmented_Leaf Redding0517.jpg,169.270934375,175.6415515625,142.9273421875,54.16838994644925,0.03761875,Leaf Redding
augmented_Leaf Redding0518.jpg,165.1678890625,170.1139953125,136.0450734375,49.360301827490424,0.0380078125,Leaf Redding
augmented_Leaf Redding0519.jpg,167.2074765625,172.90598125,139.8363546875,45.680364630488384,0.0605921875,Leaf Redding
augmented_Leaf Redding0520.jpg,167.2074765625,172.90598125,139.8363546875,45.680364630488384,0.0605921875,Leaf Redding
augmented_Leaf Redding0521.jpg,160.8892953125,168.9636984375,139.1289203125,53.338802732283696,0.36119375,Leaf Redding
augmented_Leaf Redding0522.jpg,173.181559375,179.2143953125,147.9643671875,51.342687810053214,0.0619421875,Leaf Redding
augmented_Leaf Redding0523.jpg,151.1693984375,154.73128125,128.53835,56.64774060089,0.1759703125,Leaf Redding
augmented_Leaf Redding0524.jpg,151.1693984375,154.73128125,128.53835,56.64774060089,0.1759703125,Leaf Redding
augmented_Leaf Redding0525.jpg,151.193340625,154.7646484375,128.5551375,56.60867831352967,0.175728125,Leaf Redding
augmented_Leaf Redding0526.jpg,172.6551140625,181.2763671875,150.2987046875,45.50440083468874,0.0540796875,Leaf Redding
augmented_Leaf Redding0527.jpg,172.6551140625,181.2763671875,150.2987046875,45.50440083468874,0.0540796875,Leaf Redding
augmented_Leaf Redding0528.jpg,175.9029640625,184.972071875,154.989428125,49.221751698586914,0.0502828125,Leaf Redding
augmented_Leaf Redding0529.jpg,176.4547796875,185.69388125,155.8638828125,49.88956507909374,0.0509578125,Leaf Redding
augmented_Leaf Redding0530.jpg,122.835565625,138.092703125,108.177775,41.986167731127644,0.1808859375,Leaf Redding
augmented_Leaf Redding0531.jpg,133.1059953125,149.4997390625,119.4140625,52.90895779411435,0.369353125,Leaf Redding
augmented_Leaf Redding0532.jpg,133.1571578125,149.4872203125,119.400121875,52.940190233234844,0.3695765625,Leaf Redding
augmented_Leaf Redding0533.jpg,135.516071875,151.6972390625,119.3979359375,46.00969303282637,0.1893421875,Leaf Redding
augmented_Leaf Redding0534.jpg,158.5468390625,125.9837859375,131.5111421875,48.18605339900818,0.014515625,Leaf Redding
augmented_Leaf Redding0535.jpg,165.7449796875,131.5194328125,137.3300125,50.769431239462534,0.01749375,Leaf Redding
augmented_Leaf Redding0536.jpg,243.083925,234.6784578125,212.78971875,24.118682145239315,0.0088578125,Leaf Redding
augmented_Leaf Redding0537.jpg,220.9931234375,205.4139765625,174.6933734375,28.47408651307088,0.0108859375,Leaf Redding
augmented_Leaf Redding0538.jpg,171.508440625,185.8131375,170.3073078125,61.83007950838003,0.3665828125,Leaf Redding
augmented_Leaf Redding0539.jpg,171.591725,185.55890625,170.263025,61.907400495695605,0.3667796875,Leaf Redding
augmented_Leaf Redding0540.jpg,165.121009375,172.536503125,146.5089328125,48.633465176073976,0.0466515625,Leaf Redding
augmented_Leaf Redding0541.jpg,164.2287359375,171.607559375,145.6070890625,48.554992593186284,0.0439859375,Leaf Redding
augmented_Leaf Redding0542.jpg,164.174228125,171.5736796875,145.5567984375,48.6215837555628,0.0477,Leaf Redding
augmented_Leaf Redding0543.jpg,164.1836296875,171.582521875,145.54445625,48.58706480601304,0.0500328125,Leaf Redding
augmented_Leaf Redding0544.jpg,143.04545,150.4431796875,122.4697859375,53.19067718296884,0.3564046875,Leaf Redding
augmented_Leaf Redding0545.jpg,148.8494125,156.0283859375,126.30224375,50.988166091323805,0.0370328125,Leaf Redding
augmented_Leaf Redding0546.jpg,200.9966203125,206.3330109375,182.2900421875,46.238953869224524,0.018015625,Leaf Redding
augmented_Leaf Redding0547.jpg,192.6425875,197.406746875,176.5765828125,49.59639090786662,0.01625,Leaf Redding
augmented_Leaf Redding0548.jpg,175.723940625,183.4224390625,160.47050625,43.62977227267528,0.0221734375,Leaf Redding
augmented_Leaf Redding0549.jpg,169.411496875,173.0488171875,148.3838375,54.018532892438884,0.3583078125,Leaf Redding
augmented_Leaf Redding0550.jpg,105.9290046875,117.5421046875,100.13043125,21.78359036152468,0.0090546875,Leaf Redding
augmented_Leaf Redding0551.jpg,112.363659375,121.5948640625,101.8031328125,34.148585966668186,0.0244015625,Leaf Redding
augmented_Leaf Redding0552.jpg,163.4999609375,174.231425,148.034009375,49.98528360026944,0.0526546875,Leaf Redding
augmented_Leaf Redding0553.jpg,163.4999609375,174.231425,148.034009375,49.98528360026944,0.0526546875,Leaf Redding
augmented_Leaf Redding0554.jpg,163.4969546875,174.2198828125,148.02010625,49.977973777186314,0.0536796875,Leaf Redding
augmented_Leaf Redding0555.jpg,162.53728125,173.274278125,147.045434375,49.945146618414675,0.052125,Leaf Redding
augmented_Leaf Redding0556.jpg,169.7704671875,184.070496875,159.74888125,47.52478712989615,0.0590203125,Leaf Redding
augmented_Leaf Redding0557.jpg,169.7704671875,184.070496875,159.74888125,47.52478712989615,0.0590203125,Leaf Redding
augmented_Leaf Redding0558.jpg,175.9578890625,188.5417734375,165.970909375,52.83492126052817,0.0539640625,Leaf Redding
augmented_Leaf Redding0559.jpg,148.3218296875,155.940775,130.0506171875,53.63521089032839,0.35615,Leaf Redding
augmented_Leaf Redding0560.jpg,149.9852125,157.6871984375,130.59590625,45.86785345847135,0.0367453125,Leaf Redding
augmented_Leaf Redding0561.jpg,149.02425,156.728709375,129.6291921875,45.85337626344124,0.0390671875,Leaf Redding
augmented_Leaf Redding0562.jpg,181.21634375,192.275259375,170.02555625,47.402838953893536,0.0581375,Leaf Redding
augmented_Leaf Redding0563.jpg,167.7698828125,176.9868640625,145.8357703125,46.372367247731766,0.0689125,Leaf Redding
augmented_Leaf Redding0564.jpg,177.026009375,184.6831203125,155.6336515625,51.95568448814058,0.06751875,Leaf Redding
augmented_Leaf Redding0565.jpg,166.8373859375,175.916840625,144.8929484375,46.30439924227466,0.069403125,Leaf Redding
augmented_Leaf Redding0566.jpg,225.6699046875,230.4206765625,205.7067859375,41.69534941408148,0.023328125,Leaf Redding
augmented_Leaf Redding0567.jpg,200.6921875,208.987171875,179.054515625,48.15598052351798,0.0330453125,Leaf Redding
augmented_Leaf Redding0568.jpg,170.59053125,179.5405453125,151.1425671875,45.155716389981876,0.0326953125,Leaf Redding
augmented_Leaf Redding0569.jpg,179.07314375,187.83543125,161.5854734375,48.91828315202504,0.033159375,Leaf Redding
augmented_Leaf Redding0570.jpg,162.66281875,172.1401359375,140.066534375,44.39837402718032,0.0346359375,Leaf Redding
augmented_Leaf Redding0571.jpg,162.66281875,172.1401359375,140.066534375,44.39837402718032,0.0346359375,Leaf Redding
augmented_Leaf Redding0572.jpg,168.8253984375,178.856553125,147.9095515625,48.88796931733265,0.03233125,Leaf Redding
augmented_Leaf Redding0573.jpg,176.9120796875,186.9000796875,155.2788765625,47.47332786068883,0.0232375,Leaf Redding
augmented_Leaf Redding0574.jpg,186.738109375,194.61316875,166.9839171875,52.4681812423458,0.0229375,Leaf Redding
augmented_Leaf Redding0575.jpg,168.719609375,177.4599984375,152.131678125,55.878519201462325,0.0575203125,Leaf Redding
augmented_Leaf Redding0576.jpg,169.5426375,176.6996390625,146.58691875,51.94095904405792,0.0364453125,Leaf Redding
augmented_Leaf Redding0577.jpg,169.5853359375,176.729659375,146.62053125,51.92823661655235,0.0360953125,Leaf Redding
augmented_Leaf Redding0578.jpg,176.7023984375,183.4754734375,154.7018078125,60.16520560765756,0.2130953125,Leaf Redding
augmented_Leaf Redding0579.jpg,168.2677296875,181.02163125,148.3438109375,44.29846722293496,0.0609703125,Leaf Redding
augmented_Leaf Redding0580.jpg,168.2677296875,181.02163125,148.3438109375,44.29846722293496,0.0609703125,Leaf Redding
augmented_Leaf Redding0581.jpg,171.867259375,183.4412703125,151.568615625,41.67878453820864,0.07024375,Leaf Redding
augmented_Leaf Redding0582.jpg,170.933140625,182.53131875,150.612803125,41.595180507776966,0.0693125,Leaf Redding
augmented_Leaf Redding0583.jpg,128.6655140625,136.5922421875,110.351734375,38.059835959081305,0.0193828125,Leaf Redding
augmented_Leaf Redding0584.jpg,163.2706296875,171.676121875,140.1796875,48.06648807754759,0.0258453125,Leaf Redding
augmented_Leaf Redding0585.jpg,163.294559375,171.69188125,140.2092453125,48.05591404152565,0.025534375,Leaf Redding
augmented_Leaf Redding0586.jpg,171.0521484375,180.239646875,156.5375703125,53.02853068713301,0.0351125,Leaf Redding
augmented_Leaf Redding0587.jpg,170.1188265625,179.344453125,155.5761125,53.04736517408285,0.0342234375,Leaf Redding
augmented_Leaf Redding0588.jpg,172.24731875,184.574934375,159.178521875,58.92245240594004,0.014196875,Leaf Redding
augmented_Leaf Redding0589.jpg,163.0889859375,176.7576703125,149.402075,55.819072677826355,0.014325,Leaf Redding
augmented_Leaf Redding0590.jpg,178.116746875,186.185471875,155.61179375,44.850595286901715,0.0105984375,Leaf Redding
augmented_Leaf Redding0591.jpg,173.1324046875,182.1905078125,154.560859375,53.24750192372548,0.0256875,Leaf Redding
augmented_Leaf Redding0592.jpg,173.1324046875,182.1905078125,154.560859375,53.24750192372548,0.0256875,Leaf Redding
augmented_Leaf Redding0593.jpg,173.14103125,182.214065625,154.5850484375,53.24975829605317,0.0257734375,Leaf Redding
augmented_Leaf Redding0594.jpg,178.9086375,186.999328125,160.1582703125,55.23735123267723,0.02446875,Leaf Redding
augmented_Leaf Redding0595.jpg,181.397728125,190.2378296875,163.833709375,54.0268597790705,0.0267890625,Leaf Redding
augmented_Leaf Redding0596.jpg,219.93445625,223.197578125,194.8460171875,39.98254894485889,0.0453375,Leaf Redding
augmented_Leaf Redding0597.jpg,162.5829859375,168.8788890625,143.792484375,51.56145266610535,0.359825,Leaf Redding
augmented_Leaf Redding0598.jpg,162.5212390625,168.8923734375,143.7227125,51.51710709144322,0.3604109375,Leaf Redding
augmented_Leaf Redding0599.jpg,176.9238171875,181.7267296875,157.901565625,46.770086795942525,0.0702265625,Leaf Redding
augmented_Leaf Redding0600.jpg,117.7027078125,123.1578109375,103.6803203125,30.291257937305524,0.040878125,Leaf Redding
augmented_Leaf Redding0601.jpg,159.6139546875,165.090159375,140.420396875,51.10041468456503,0.3579546875,Leaf Redding
augmented_Leaf Redding0602.jpg,154.686153125,160.9226578125,129.202478125,51.654448993392755,0.3553703125,Leaf Redding
augmented_Leaf Redding0603.jpg,171.815265625,178.2647671875,144.935334375,47.146342023643655,0.0340234375,Leaf Redding
augmented_Leaf Redding0604.jpg,168.583759375,174.1300875,145.1610125,50.57871042161969,0.0365390625,Leaf Redding
augmented_Leaf Redding0605.jpg,159.292825,166.4852640625,136.50009375,43.6009570640975,0.0566734375,Leaf Redding
augmented_Leaf Redding0606.jpg,159.2950984375,166.4745984375,136.5101828125,43.57433739914327,0.056225,Leaf Redding
augmented_Leaf Redding0607.jpg,164.380590625,171.015140625,143.50508125,49.395210534611266,0.0540671875,Leaf Redding
augmented_Leaf Redding0608.jpg,163.381415625,170.0438703125,142.1303984375,49.61262693145253,0.0607859375,Leaf Redding
augmented_Leaf Redding0609.jpg,175.67745,181.2526359375,157.9429265625,52.50389985460024,0.0469078125,Leaf Redding
augmented_Leaf Redding0610.jpg,181.9981859375,185.1180203125,153.1549640625,52.4673984846766,0.0507125,Leaf Redding
augmented_Leaf Redding0611.jpg,170.515925,162.0212375,100.8945203125,33.22847532308377,0.0565640625,Leaf Redding
augmented_Leaf Redding0612.jpg,185.9853453125,179.832375,126.7934,46.68365219513233,0.0701734375,Leaf Redding
augmented_Leaf Redding0613.jpg,158.0246015625,170.3306171875,89.8568171875,46.083353623101615,0.018075,Leaf Redding
augmented_Leaf Redding0614.jpg,158.0246015625,170.3306171875,89.8568171875,46.083353623101615,0.018075,Leaf Redding
augmented_Leaf Redding0615.jpg,155.535865625,162.579975,72.3819703125,37.447672860642136,0.3498421875,Leaf Redding
augmented_Leaf Redding0616.jpg,160.2807625,174.7400515625,111.8930078125,49.97312092327811,0.0103703125,Leaf Redding
augmented_Leaf Redding0617.jpg,160.3169765625,174.8224859375,111.7939359375,49.98797620975099,0.0116875,Leaf Redding
augmented_Leaf Redding0618.jpg,149.0783875,173.208675,93.3913984375,41.43022739732115,0.07869375,Leaf Redding
augmented_Leaf Redding0619.jpg,142.0403984375,167.7048140625,84.04395625,33.4350141015163,0.0795703125,Leaf Redding
augmented_Leaf Redding0620.jpg,142.0286203125,167.689371875,84.022675,33.520341807331114,0.0843515625,Leaf Redding
augmented_Leaf Redding0621.jpg,172.0031359375,178.9603421875,117.0511890625,40.368561520170495,0.1254265625,Leaf Redding
augmented_Leaf Redding0622.jpg,172.0184546875,178.9841109375,117.06840625,40.26385420952223,0.1212375,Leaf Redding
augmented_Leaf Redding0623.jpg,171.0794625,178.064515625,116.06525,40.522975347334516,0.1244859375,Leaf Redding
augmented_Leaf Redding0624.jpg,218.469765625,217.2764203125,158.340334375,39.73814175465412,0.0745890625,Leaf Redding
augmented_Leaf Redding0625.jpg,183.0229609375,183.1843203125,128.0416671875,40.552961808066996,0.08583125,Leaf Redding
augmented_Leaf Redding0626.jpg,161.682153125,162.967634375,115.0042203125,47.422576215942875,0.35935625,Leaf Redding
augmented_Leaf Redding0627.jpg,163.694490625,164.478015625,113.398478125,36.93712213084005,0.08265,Leaf Redding
augmented_Leaf Redding0628.jpg,163.6253703125,164.8663453125,117.6354015625,47.12399793113881,0.35939375,Leaf Redding
augmented_Leaf Redding0629.jpg,177.1538390625,176.2341765625,130.113415625,37.47029186028316,0.064153125,Leaf Redding
augmented_Leaf Redding0630.jpg,173.3501078125,172.51404375,129.932496875,48.65382005991882,0.359678125,Leaf Redding
augmented_Leaf Redding0631.jpg,194.2381875,193.80520625,155.0536078125,46.51632007790215,0.0548203125,Leaf Redding
augmented_Leaf Redding0632.jpg,167.5302625,164.77500625,120.2510171875,48.6615815544444,0.3583828125,Leaf Redding
augmented_Leaf Redding0633.jpg,166.97995,166.1535984375,115.3881453125,41.11857898159779,0.0487,Leaf Redding
augmented_Leaf Redding0634.jpg,166.9690953125,166.1460140625,115.3932453125,41.127302752767214,0.0487140625,Leaf Redding
augmented_Leaf Redding0635.jpg,166.9690953125,166.1460140625,115.3932453125,41.127302752767214,0.0487140625,Leaf Redding
augmented_Leaf Redding0636.jpg,177.8066859375,177.3835359375,133.2715,51.102010988659295,0.0449890625,Leaf Redding
augmented_Leaf Redding0637.jpg,173.5721875,172.921228125,127.178290625,49.00501115558384,0.0494546875,Leaf Redding
augmented_Leaf Redding0638.jpg,175.513615625,176.5120953125,131.1820359375,46.40387238501383,0.0994828125,Leaf Redding
augmented_Leaf Redding0639.jpg,170.7131984375,172.39273125,126.294896875,46.389737383173916,0.358015625,Leaf Redding
augmented_Leaf Redding0640.jpg,170.7184609375,172.4312484375,126.2912515625,46.42885549626486,0.3582046875,Leaf Redding
augmented_Leaf Redding0641.jpg,183.3129171875,182.6478625,137.53715,42.4410140016899,0.066021875,Leaf Redding
augmented_Leaf Redding0642.jpg,180.2612328125,179.7908375,138.694071875,47.97218056335995,0.3583296875,Leaf Redding
augmented_Leaf Redding0643.jpg,185.607625,184.27285,139.264640625,35.57980195191509,0.0289796875,Leaf Redding
augmented_Leaf Redding0644.jpg,182.907721875,178.9311296875,131.842309375,34.93412582472995,0.0316109375,Leaf Redding
augmented_Leaf Redding0645.jpg,187.61448125,184.144740625,139.3832484375,39.983009596041896,0.0301859375,Leaf Redding
augmented_Leaf Redding0646.jpg,171.236384375,171.6634890625,127.549809375,47.96980211920049,0.360965625,Leaf Redding
augmented_Leaf Redding0647.jpg,173.490090625,174.7240921875,126.294671875,36.10282692503052,0.086771875,Leaf Redding
augmented_Leaf Redding0648.jpg,107.5625578125,110.7915125,77.31153125,23.478232342567438,0.0198203125,Leaf Redding
augmented_Leaf Redding0649.jpg,167.837815625,169.110209375,126.087796875,48.03611015418605,0.356825,Leaf Redding
augmented_Leaf Redding0650.jpg,169.636959375,171.4675875,122.5088515625,37.67102111401283,0.0405453125,Leaf Redding
augmented_Leaf Redding0651.jpg,165.9984796875,169.738590625,125.6206234375,48.188028543198115,0.357228125,Leaf Redding
augmented_Leaf Redding0652.jpg,167.846778125,172.1992109375,121.5797109375,37.86848068530759,0.045884375,Leaf Redding
augmented_Leaf Redding0653.jpg,152.8906578125,159.82089375,116.8967796875,48.00133150040891,0.354153125,Leaf Redding
augmented_Leaf Redding0654.jpg,164.2355765625,171.922225,128.569459375,47.90183042567859,0.0403890625,Leaf Redding
augmented_Leaf Redding0655.jpg,153.975209375,162.11781875,115.60869375,38.628856041492014,0.038071875,Leaf Redding
augmented_Leaf Redding0656.jpg,154.12221875,158.1549578125,109.661734375,42.6265780133123,0.070815625,Leaf Redding
augmented_Leaf Redding0657.jpg,167.1772890625,171.2220484375,125.249225,52.56835822232062,0.0697921875,Leaf Redding
augmented_Leaf Redding0658.jpg,167.6889859375,173.4344984375,131.00068125,43.50775862411457,0.0762734375,Leaf Redding
augmented_Leaf Redding0659.jpg,146.6009125,151.0222453125,106.725240625,49.835809776751894,0.079009375,Leaf Redding
augmented_Leaf Redding0660.jpg,146.580190625,150.985028125,106.6978484375,49.80188160893824,0.0789546875,Leaf Redding
augmented_Leaf Redding0661.jpg,145.634021875,150.0599125,105.687659375,49.30471366539117,0.0786875,Leaf Redding
augmented_Leaf Redding0662.jpg,176.6443390625,180.6050671875,144.257771875,38.08455017681964,0.0407625,Leaf Redding
augmented_Leaf Redding0663.jpg,168.1319046875,171.1053796875,127.073853125,36.402460359293016,0.0318765625,Leaf Redding
augmented_Leaf Redding0664.jpg,171.7452296875,172.8233859375,133.192975,48.98524069709421,0.356125,Leaf Redding
augmented_Leaf Redding0665.jpg,171.351175,175.8985625,134.4597734375,38.17759027461611,0.0678421875,Leaf Redding
augmented_Leaf Redding0666.jpg,106.4636890625,114.13149375,86.83320625,26.04692939699774,0.0279890625,Leaf Redding
augmented_Leaf Redding0667.jpg,157.9941875,165.9925171875,129.7947046875,48.81240877821023,0.35555625,Leaf Redding
augmented_Leaf Redding0668.jpg,173.5752609375,181.5714328125,146.1861046875,51.30773207995816,0.0578515625,Leaf Redding
augmented_Leaf Redding0669.jpg,152.1899296875,151.3821453125,116.3312453125,56.02997339195411,0.372540625,Leaf Redding
augmented_Leaf Redding0670.jpg,155.7294859375,154.27965,115.385990625,50.082292508510015,0.224078125,Leaf Redding
augmented_Leaf Redding0671.jpg,172.817328125,172.3794859375,140.6711,64.82464274653263,0.1767046875,Leaf Redding
augmented_Leaf Redding0672.jpg,165.611934375,163.98338125,128.336753125,56.90763604813635,0.2013453125,Leaf Redding
augmented_Leaf Redding0673.jpg,134.172571875,136.50165625,100.540115625,47.86309555678285,0.2862609375,Leaf Redding
augmented_Leaf Redding0674.jpg,159.2377453125,161.1439625,119.7498328125,55.98921640744202,0.3028203125,Leaf Redding
augmented_Leaf Redding0675.jpg,151.1211640625,152.8196171875,115.207609375,56.88260094506018,0.319740625,Leaf Redding
augmented_Leaf Redding0676.jpg,147.8725296875,149.1827578125,117.361840625,60.89037843692204,0.378821875,Leaf Redding
augmented_Leaf Redding0677.jpg,150.1912578125,151.9031484375,114.2055703125,56.325272723602446,0.3156140625,Leaf Redding
augmented_Leaf Redding0678.jpg,156.472178125,151.708878125,106.5662265625,57.373057150339854,0.318003125,Leaf Redding
augmented_Leaf Redding0679.jpg,156.8825109375,156.833271875,117.5210375,54.34954094721579,0.3170140625,Leaf Redding
augmented_Leaf Redding0680.jpg,178.6954203125,178.1152171875,145.46416875,63.6813242601871,0.245896875,Leaf Redding
augmented_Leaf Redding0681.jpg,166.4253296875,166.9247265625,130.1406921875,59.963445456233785,0.284175,Leaf Redding
augmented_Leaf Redding0682.jpg,166.4253296875,166.9247265625,130.1406921875,59.963445456233785,0.284175,Leaf Redding
augmented_Leaf Redding0683.jpg,161.48171875,195.5632046875,126.0608296875,51.72200186950399,0.1753421875,Leaf Redding
augmented_Leaf Redding0684.jpg,117.1199015625,138.5781734375,85.4022078125,41.91605667014144,0.1499109375,Leaf Redding
augmented_Leaf Redding0685.jpg,117.0240953125,138.13630625,87.29284375,49.539496541574515,0.361946875,Leaf Redding
augmented_Leaf Redding0686.jpg,121.8559390625,144.7319453125,96.8666296875,54.807631641231985,0.1502828125,Leaf Redding
augmented_Leaf Redding0687.jpg,136.046490625,164.09355,106.8049609375,33.07338369937691,0.170409375,Leaf Redding
augmented_Leaf Redding0688.jpg,143.9055203125,168.9969484375,114.084340625,41.57719508214951,0.153825,Leaf Redding
augmented_Leaf Redding0689.jpg,143.50980625,169.224315625,118.4761984375,45.04785406201362,0.171825,Leaf Redding
augmented_Leaf Redding0690.jpg,100.8092296875,117.1048890625,84.92879375,20.939545019158725,0.041925,Leaf Redding
augmented_Leaf Redding0691.jpg,144.162434375,167.5018453125,124.9758703125,42.414194202906124,0.3613671875,Leaf Redding
augmented_Leaf Redding0692.jpg,147.178528125,168.502459375,124.5417625,31.039381796011828,0.09201875,Leaf Redding
augmented_Leaf Redding0693.jpg,172.995959375,196.2309359375,134.5730203125,25.376504887195043,0.092746875,Leaf Redding
augmented_Leaf Redding0694.jpg,122.940571875,151.2231203125,101.800603125,32.8294903511546,0.05145,Leaf Redding
augmented_Leaf Redding0695.jpg,162.7170921875,178.9765984375,138.8387875,53.54051023443346,0.0172296875,Leaf Redding
augmented_Leaf Redding0696.jpg,136.539984375,161.302121875,117.8419484375,46.77089149025234,0.0401734375,Leaf Redding
augmented_Leaf Redding0697.jpg,139.014546875,169.1533140625,109.2352265625,32.25615225932164,0.1574734375,Leaf Redding
augmented_Leaf Redding0698.jpg,161.7871109375,188.0388921875,132.6016984375,28.623526580763556,0.110321875,Leaf Redding
augmented_Leaf Redding0699.jpg,159.854240625,169.84875625,119.2256375,62.332235179556974,0.3621171875,Leaf Redding
augmented_Leaf Redding0700.jpg,147.4052546875,160.1014703125,107.8698234375,64.59891017364433,0.0831234375,Leaf Redding
augmented_Leaf Redding0701.jpg,156.5949453125,171.2140265625,109.3280796875,58.23995034444967,0.106834375,Leaf Redding
augmented_Leaf Redding0702.jpg,177.441475,194.0615859375,132.6402265625,51.22871026789587,0.0920375,Leaf Redding
augmented_Leaf Redding0703.jpg,219.0188796875,222.255665625,161.94533125,46.66132033815546,0.0379671875,Leaf Redding
augmented_Leaf Redding0704.jpg,176.036703125,186.00178125,123.6862859375,46.61334836306173,0.0824953125,Leaf Redding
augmented_Leaf Redding0705.jpg,176.0432734375,185.9953234375,123.6593265625,46.609693173276135,0.08219375,Leaf Redding
augmented_Leaf Redding0706.jpg,177.737853125,185.574146875,132.6756421875,53.98980855924065,0.07623125,Leaf Redding
augmented_Leaf Redding0707.jpg,185.3954203125,191.752728125,144.2048859375,56.798459016932334,0.0723,Leaf Redding
augmented_Leaf Redding0708.jpg,163.0458640625,168.5919953125,110.5383140625,41.66699576513229,0.0949609375,Leaf Redding
augmented_Leaf Redding0709.jpg,173.044284375,178.489003125,117.7086875,43.64394973002054,0.09224375,Leaf Redding
augmented_Leaf Redding0710.jpg,186.997028125,191.1625265625,139.4500625,51.959399600295434,0.0858546875,Leaf Redding
augmented_Leaf Redding0711.jpg,182.176690625,185.9474765625,130.1847515625,48.149634465265784,0.0873765625,Leaf Redding
augmented_Leaf Redding0712.jpg,190.183953125,190.563809375,131.8323921875,67.04678764790678,0.0179703125,Leaf Redding
augmented_Leaf Redding0713.jpg,161.9937890625,166.848809375,108.542940625,64.16495431503088,0.0552296875,Leaf Redding
augmented_Leaf Redding0714.jpg,161.9937890625,166.848809375,108.542940625,64.16495431503088,0.0552296875,Leaf Redding
augmented_Leaf Redding0715.jpg,152.201028125,154.1095859375,115.7695390625,68.804110383392,0.359940625,Leaf Redding
augmented_Leaf Redding0716.jpg,162.113125,172.4467265625,110.5478578125,57.167779707245835,0.0832328125,Leaf Redding
augmented_Leaf Redding0717.jpg,168.6805078125,178.1205984375,121.2691921875,63.12778251492656,0.0841609375,Leaf Redding
augmented_Leaf Redding0718.jpg,130.2553671875,138.871684375,89.238709375,46.00660838009715,0.0588265625,Leaf Redding
augmented_Leaf Redding0719.jpg,155.449134375,160.922734375,114.93858125,63.54976688238118,0.3582140625,Leaf Redding
augmented_Leaf Redding0720.jpg,162.757846875,171.62454375,111.9473078125,57.30039077961578,0.0610296875,Leaf Redding
augmented_Leaf Redding0721.jpg,176.3599171875,190.4019203125,134.1705140625,49.512655809196815,0.0766375,Leaf Redding
augmented_Leaf Redding0722.jpg,167.279378125,174.5631296875,124.6028078125,59.239873088980964,0.3609609375,Leaf Redding
augmented_Leaf Redding0723.jpg,127.4721765625,141.9558359375,90.7710171875,33.981326560558664,0.0567703125,Leaf Redding
augmented_Leaf Redding0724.jpg,170.9222125,188.4966859375,122.4378390625,45.814203659894304,0.081209375,Leaf Redding
augmented_Leaf Redding0725.jpg,127.988984375,157.8261703125,126.26845,64.5083539646268,0.031253125,Leaf Redding
augmented_Leaf Redding0726.jpg,123.7071375,139.3226359375,119.5235578125,72.79107642453621,0.357646875,Leaf Redding
augmented_Leaf Redding0727.jpg,124.3046578125,137.676884375,91.7061734375,58.29621314558552,0.128859375,Leaf Redding
augmented_Leaf Redding0728.jpg,121.3516,132.6801203125,87.9185609375,59.80841455526661,0.36248125,Leaf Redding
augmented_Leaf Redding0729.jpg,123.4309140625,136.854321875,90.943034375,58.236013884523196,0.116915625,Leaf Redding
augmented_Leaf Redding0730.jpg,133.9490203125,140.3305515625,105.6394765625,66.04943260265345,0.112153125,Leaf Redding
augmented_Leaf Redding0731.jpg,133.9490203125,140.3305515625,105.6394765625,66.04943260265345,0.112153125,Leaf Redding
augmented_Leaf Redding0732.jpg,129.044103125,139.34373125,112.5353078125,67.45021031713411,0.358425,Leaf Redding
augmented_Leaf Redding0733.jpg,131.7051609375,141.7251671875,118.8013796875,66.11456862909445,0.0570703125,Leaf Redding
augmented_Leaf Redding0734.jpg,121.6932734375,136.751278125,115.231384375,63.945407079906836,0.35429375,Leaf Redding
augmented_Leaf Redding0735.jpg,133.0197515625,147.8977984375,133.930428125,68.4782122342457,0.0222125,Leaf Redding
augmented_Leaf Redding0736.jpg,120.958325,134.352790625,101.2405125,51.6351233393087,0.0800046875,Leaf Redding
augmented_Leaf Redding0737.jpg,119.303,131.6295609375,94.7866,55.44517602513321,0.360596875,Leaf Redding
augmented_Leaf Redding0738.jpg,120.0065046875,133.443346875,100.387375,51.71767211890038,0.07683125,Leaf Redding
augmented_Leaf Redding0739.jpg,120.0071453125,133.4288703125,100.4062734375,51.69560302347864,0.07461875,Leaf Redding
augmented_Leaf Redding0740.jpg,128.2354703125,149.3803078125,133.848521875,69.33365385129905,0.0260375,Leaf Redding
augmented_Leaf Redding0741.jpg,128.2354703125,149.3803078125,133.848521875,69.33365385129905,0.0260375,Leaf Redding
augmented_Leaf Redding0742.jpg,128.775128125,146.598446875,123.49065625,71.26570514765,0.3565984375,Leaf Redding
augmented_Leaf Redding0743.jpg,131.121378125,150.93285625,134.126028125,72.36668865061729,0.02553125,Leaf Redding
augmented_Leaf Redding0744.jpg,129.8914328125,147.056284375,100.3587328125,54.22596702351674,0.163003125,Leaf Redding
augmented_Leaf Redding0745.jpg,136.465203125,152.5864953125,108.1243703125,60.00981647276031,0.1530046875,Leaf Redding
augmented_Leaf Redding0746.jpg,172.0810796875,188.94078125,124.9497546875,58.70168822939383,0.196484375,Leaf Redding
augmented_Leaf Redding0747.jpg,116.208834375,130.733175,90.27220625,43.5225533490091,0.148440625,Leaf Redding
augmented_Leaf Redding0748.jpg,149.38830625,166.292625,113.2030703125,55.41370761935533,0.1774265625,Leaf Redding
augmented_Leaf Redding0749.jpg,148.261278125,162.09186875,131.79268125,65.13256054352414,0.3654421875,Leaf Redding
augmented_Leaf Redding0750.jpg,135.5863796875,156.6766921875,120.3599578125,68.82805162654927,0.1233546875,Leaf Redding
augmented_Leaf Redding0751.jpg,126.5164515625,149.3971765625,112.8934203125,61.774924512959394,0.11760625,Leaf Redding
augmented_Leaf Redding0752.jpg,129.583040625,146.1702390625,141.07776875,74.75858026345603,0.0606484375,Leaf Redding
augmented_Leaf Redding0753.jpg,129.5558375,146.13265625,141.0669328125,74.80095553570608,0.0617515625,Leaf Redding
augmented_Leaf Redding0754.jpg,118.38706875,129.740890625,119.22390625,77.82550322234424,0.07588125,Leaf Redding
augmented_Leaf Redding0755.jpg,139.9961609375,148.3132046875,141.2313828125,87.98581804903942,0.0590265625,Leaf Redding
augmented_Leaf Redding0756.jpg,142.76326875,153.7989984375,131.4412140625,77.78795196707856,0.113840625,Leaf Redding
augmented_Leaf Redding0757.jpg,132.009940625,136.7807671875,102.9105546875,74.20967258336236,0.36695,Leaf Redding
augmented_Leaf Redding0758.jpg,146.280546875,156.4990375,135.918371875,80.91508055379495,0.1077453125,Leaf Redding
augmented_Leaf Redding0759.jpg,146.280546875,156.4990375,135.918371875,80.91508055379495,0.1077453125,Leaf Redding
augmented_Leaf Redding0760.jpg,131.186953125,145.249478125,102.6619796875,47.930866129504786,0.1174421875,Leaf Redding
augmented_Leaf Redding0761.jpg,137.6933546875,151.59065,106.4836390625,49.12256111165618,0.1243921875,Leaf Redding
augmented_Leaf Redding0762.jpg,127.8751890625,133.8025171875,93.9996953125,55.28090758482846,0.3674734375,Leaf Redding
augmented_Leaf Redding0763.jpg,138.106384375,145.4373328125,108.2777015625,59.864883031996875,0.1644078125,Leaf Redding
augmented_Leaf Redding0764.jpg,132.9300796875,149.8715765625,146.4428484375,81.19574519501262,0.067684375,Leaf Redding
augmented_Leaf Redding0765.jpg,132.1911140625,148.9526375,145.647540625,81.27368652180523,0.0606265625,Leaf Redding
augmented_Leaf Redding0766.jpg,97.8295859375,110.6443453125,82.818384375,36.57315074214571,0.0398453125,Leaf Redding
augmented_Leaf Redding0767.jpg,137.184725,152.8044484375,115.358665625,52.4749387023849,0.07706875,Leaf Redding
augmented_Leaf Redding0768.jpg,143.7280765625,159.8068953125,131.5157,59.8458855148132,0.1096421875,Leaf Redding
augmented_Leaf Redding0769.jpg,143.6241390625,158.6037359375,97.824121875,51.09894495926353,0.2714828125,Leaf Redding
augmented_Leaf Redding0770.jpg,186.848890625,201.8977015625,163.471675,63.68416880559829,0.146096875,Leaf Redding
augmented_Leaf Redding0771.jpg,135.0873015625,153.1182515625,133.8915734375,53.55858830546577,0.113165625,Leaf Redding
augmented_Leaf Redding0772.jpg,149.3622578125,168.3471515625,146.170465625,59.203804876285496,0.1218484375,Leaf Redding
augmented_Leaf Redding0773.jpg,162.5241109375,178.44794375,155.6571265625,67.99791301915725,0.10353125,Leaf Redding
augmented_Leaf Redding0774.jpg,89.6740640625,105.287540625,99.986534375,36.06386634399653,0.03070625,Leaf Redding
augmented_Leaf Redding0775.jpg,163.175078125,180.8775265625,176.2223921875,63.88896300370775,0.0578640625,Leaf Redding
augmented_Leaf Redding0776.jpg,142.0606171875,163.157325,156.7624265625,58.47583485457903,0.062625,Leaf Redding
augmented_Leaf Redding0777.jpg,178.6012671875,195.232696875,164.4356234375,59.28172811141936,0.0635453125,Leaf Redding
augmented_Leaf Redding0778.jpg,155.055209375,171.676696875,151.5372203125,53.26085304990717,0.0566296875,Leaf Redding
augmented_Leaf Redding0779.jpg,145.8906921875,158.3023515625,119.7873609375,63.794837749115516,0.3641453125,Leaf Redding
augmented_Leaf Redding0780.jpg,145.7784109375,158.269534375,119.674121875,63.73603884718322,0.3641171875,Leaf Redding
augmented_Leaf Redding0781.jpg,150.899878125,164.8966421875,132.55565625,62.07981879520042,0.0921828125,Leaf Redding
augmented_Leaf Redding0782.jpg,170.9127046875,179.836046875,163.3942078125,62.67694388062363,0.02646875,Leaf Redding
augmented_Leaf Redding0783.jpg,149.24710625,176.3665078125,180.889025,46.7868790670249,0.01354375,Leaf Redding
augmented_Leaf Redding0784.jpg,143.925571875,170.122753125,164.7362703125,62.06976876711247,0.020071875,Leaf Redding
augmented_Leaf Redding0785.jpg,143.925571875,170.122753125,164.7362703125,62.06976876711247,0.020071875,Leaf Redding
augmented_Leaf Redding0786.jpg,143.0389734375,169.2503984375,164.061465625,62.17138309352076,0.017646875,Leaf Redding
augmented_Leaf Redding0787.jpg,120.5070515625,144.2613859375,128.9431203125,57.25520616263364,0.0752265625,Leaf Redding
augmented_Leaf Redding0788.jpg,131.14905625,156.4263578125,139.406025,62.43034736225964,0.08190625,Leaf Redding
augmented_Leaf Redding0789.jpg,131.14905625,156.4263578125,139.406025,62.43034736225964,0.08190625,Leaf Redding
augmented_Leaf Redding0790.jpg,74.049971875,87.712,67.826475,29.384905576380085,0.0768359375,Leaf Redding
augmented_Leaf Redding0791.jpg,129.647684375,145.4773828125,125.1837953125,49.68437287783522,0.1364265625,Leaf Redding
augmented_Leaf Redding0792.jpg,151.1654140625,168.129909375,144.5903671875,58.08125273993322,0.1486078125,Leaf Redding
augmented_Leaf Redding0793.jpg,157.130634375,172.5010546875,147.81913125,62.45729881278636,0.1420765625,Leaf Redding
augmented_Leaf Redding0794.jpg,164.8365984375,179.4923984375,161.3353734375,60.44382148856006,0.12836875,Leaf Redding
augmented_Leaf Redding0795.jpg,150.32004375,167.2723328125,143.713153125,57.84260897628662,0.14324375,Leaf Redding
augmented_Leaf Redding0796.jpg,149.77586875,164.5403125,131.812321875,55.43211326716003,0.185946875,Leaf Redding
augmented_Leaf Redding0797.jpg,149.77586875,164.5403125,131.812321875,55.43211326716003,0.185946875,Leaf Redding
augmented_Leaf Redding0798.jpg,162.7767640625,175.441965625,148.4100359375,59.63985519134422,0.159203125,Leaf Redding
augmented_Leaf Redding0799.jpg,143.555153125,159.3397640625,124.90455,51.8070969905719,0.18948125,Leaf Redding
augmented_Leaf Redding0800.jpg,147.032078125,162.82058125,127.6827109375,53.078801349640514,0.190409375,Leaf Redding
augmented_Leaf Redding0801.jpg,147.032078125,162.82058125,127.6827109375,53.078801349640514,0.190409375,Leaf Redding
augmented_Leaf Redding0802.jpg,160.3358484375,174.3989515625,145.18690625,57.44484795245948,0.158990625,Leaf Redding
augmented_Leaf Redding0803.jpg,143.8623890625,158.1133515625,131.397290625,54.57012913230732,0.142378125,Leaf Redding
augmented_Leaf Redding0804.jpg,153.5969328125,165.441178125,135.59708125,65.9414826465014,0.1368859375,Leaf Redding
augmented_Leaf Redding0805.jpg,151.310934375,163.5848875,134.4992640625,63.60935343872272,0.1367078125,Leaf Redding
augmented_Leaf Redding0806.jpg,157.7164109375,168.5232765625,138.099546875,69.38379740654287,0.1366703125,Leaf Redding
augmented_Leaf Redding0807.jpg,146.2595046875,164.3611515625,116.3891546875,50.934646047441184,0.2087078125,Leaf Redding
augmented_Leaf Redding0808.jpg,134.074753125,153.1611953125,108.0595984375,52.40828043661263,0.23856875,Leaf Redding
augmented_Leaf Redding0809.jpg,133.112271875,151.4154703125,105.4938671875,57.29459839546181,0.375809375,Leaf Redding
augmented_Leaf Redding0810.jpg,133.0694640625,151.431153125,105.44754375,57.2422168651854,0.37603125,Leaf Redding
augmented_Leaf Redding0811.jpg,134.0470671875,153.1490640625,107.9903234375,52.3629191680868,0.237621875,Leaf Redding
augmented_Leaf Redding0812.jpg,135.96013125,159.025625,121.6393015625,51.69895365197784,0.177621875,Leaf Redding
augmented_Leaf Redding0813.jpg,155.378353125,184.2024546875,151.275940625,74.43241642519428,0.08639375,Leaf Redding
augmented_Leaf Redding0814.jpg,132.118615625,156.1940484375,124.8238734375,68.55165223308971,0.358734375,Leaf Redding
augmented_Leaf Redding0815.jpg,131.087896875,159.0299453125,143.2110265625,66.41429829317917,0.0614125,Leaf Redding
augmented_Leaf Redding0816.jpg,131.078315625,159.02791875,143.151890625,66.30516900309135,0.0577734375,Leaf Redding
augmented_Leaf Redding0817.jpg,67.68055625,82.15130625,61.4769609375,27.888507027705423,0.071775,Leaf Redding
augmented_Leaf Redding0818.jpg,129.1079421875,151.1144875,114.9162203125,55.27235687894142,0.1755859375,Leaf Redding
augmented_Leaf Redding0819.jpg,143.74950625,163.3644578125,132.0133453125,62.440342691839014,0.1533171875,Leaf Redding
augmented_Leaf Redding0820.jpg,118.2536953125,127.86645625,92.124475,72.41490770222299,0.078553125,Leaf Redding
augmented_Leaf Redding0821.jpg,123.0202453125,133.651334375,100.0350609375,75.51913570192652,0.0861140625,Leaf Redding
augmented_Leaf Redding0822.jpg,111.1137875,120.4350625,84.7731140625,64.94047243178761,0.08288125,Leaf Redding
augmented_Leaf Redding0823.jpg,136.7374765625,146.437509375,115.044228125,67.3515372983609,0.12338125,Leaf Redding
augmented_Leaf Redding0824.jpg,138.7114484375,147.807475,116.532053125,68.6777923861769,0.114346875,Leaf Redding
augmented_Leaf Redding0825.jpg,147.9125953125,152.1598828125,127.962559375,73.5807603684278,0.1199328125,Leaf Redding
augmented_Leaf Redding0826.jpg,144.29529375,161.0342921875,126.76600625,69.77599059139825,0.1494546875,Leaf Redding
augmented_Leaf Redding0827.jpg,164.713278125,156.7798828125,135.408984375,76.28975043038166,0.0874703125,Leaf Redding
augmented_Leaf Redding0828.jpg,164.96481875,158.2633078125,137.0998046875,76.35346981784808,0.094903125,Leaf Redding
augmented_Leaf Redding0829.jpg,170.403953125,176.5993828125,162.7873078125,78.88500993692489,0.11441875,Leaf Redding
augmented_Leaf Redding0830.jpg,156.680409375,164.7963921875,150.38133125,75.30177494587792,0.1229421875,Leaf Redding
augmented_Leaf Redding0831.jpg,153.8790828125,163.8018921875,149.77165625,73.99976342837078,0.122325,Leaf Redding
augmented_Leaf Redding0832.jpg,170.525621875,168.6145203125,145.1308875,69.39465276473254,0.1566921875,Leaf Redding
augmented_Leaf Redding0833.jpg,139.551246875,146.361496875,113.5142296875,57.69633354516423,0.099565625,Leaf Redding
augmented_Leaf Redding0834.jpg,129.839646875,143.14144375,89.964053125,26.155028645609132,0.086971875,Leaf Redding
augmented_Leaf Redding0835.jpg,129.5662125,143.00286875,89.8573921875,38.59176114404743,0.3570046875,Leaf Redding
augmented_Leaf Redding0836.jpg,129.5825796875,143.167740625,89.836553125,38.609368190063655,0.3559625,Leaf Redding
augmented_Leaf Redding0837.jpg,128.541109375,144.15944375,96.987053125,24.524326808468853,0.160571875,Leaf Redding
augmented_Leaf Redding0838.jpg,190.8254765625,231.255878125,176.0193609375,20.376376819863445,0.08141875,Leaf Redding
augmented_Leaf Redding0839.jpg,138.685509375,143.236628125,110.1986453125,79.2907653475312,0.3635171875,Leaf Redding
augmented_Leaf Redding0840.jpg,145.2083015625,164.8787046875,148.7570078125,80.72290123978935,0.0327359375,Leaf Redding
augmented_Leaf Redding0841.jpg,148.724071875,159.119421875,147.9149984375,75.945891491702,0.0273203125,Leaf Redding
augmented_Leaf Redding0842.jpg,153.299121875,162.7579625,144.0203203125,64.58751313879095,0.014096875,Leaf Redding
augmented_Leaf Redding0843.jpg,74.25854375,82.286528125,69.860459375,31.538700346796155,0.0087921875,Leaf Redding
augmented_Leaf Redding0844.jpg,138.3298125,147.0020046875,125.233871875,58.657344238679954,0.04009375,Leaf Redding
augmented_Leaf Redding0845.jpg,143.40375,160.6045890625,154.9910640625,62.55006324736306,0.0075515625,Leaf Redding
augmented_Leaf Redding0846.jpg,152.5956046875,159.5386328125,143.147378125,70.0814508453541,0.0230515625,Leaf Redding
augmented_Leaf Redding0847.jpg,64.3980265625,73.0342203125,58.0612703125,34.20964278928699,0.0137453125,Leaf Redding
augmented_Leaf Redding0848.jpg,168.89453125,166.5093140625,133.9830390625,63.21973885108658,0.105734375,Leaf Redding
augmented_Leaf Redding0849.jpg,120.9900453125,122.54923125,99.8940640625,63.11972299301759,0.358465625,Leaf Redding
augmented_Leaf Redding0850.jpg,140.846396875,152.944775,105.45815,72.4670641572636,0.3654078125,Leaf Redding
augmented_Leaf Redding0851.jpg,151.3796453125,171.7384140625,140.516459375,73.41290420866805,0.0745109375,Leaf Redding
augmented_Leaf Redding0852.jpg,156.5606359375,172.0474328125,160.41968125,80.2281270469861,0.0361453125,Leaf Redding
augmented_Leaf Redding0853.jpg,161.2952484375,164.5871625,131.6800671875,71.4068989594378,0.11053125,Leaf Redding
augmented_Leaf Redding0854.jpg,151.5160578125,170.1578359375,127.66181875,67.37488461895009,0.0532671875,Leaf Redding
augmented_Leaf Redding0855.jpg,160.1047203125,173.041321875,131.5578421875,73.96268599763245,0.08041875,Leaf Redding
augmented_Leaf Redding0856.jpg,159.87550625,173.8430796875,139.7549828125,77.4002488419669,0.069715625,Leaf Redding
augmented_Leaf Redding0857.jpg,133.7412296875,146.5224265625,99.4751359375,56.831383421177016,0.062921875,Leaf Redding
augmented_Leaf Redding0858.jpg,141.1579515625,152.410128125,119.406575,70.99355860637675,0.3628625,Leaf Redding
augmented_Leaf Redding0859.jpg,136.1208140625,152.8001671875,113.2662359375,65.96137465799698,0.3632078125,Leaf Redding
augmented_Leaf Redding0860.jpg,141.3992640625,161.5046078125,130.386303125,64.32899261688095,0.0566703125,Leaf Redding
augmented_Leaf Redding0861.jpg,147.161175,166.219671875,136.4490765625,68.30222499180316,0.051621875,Leaf Redding
augmented_Leaf Redding0862.jpg,103.5383796875,119.3865078125,103.145940625,53.36650885943706,0.0353359375,Leaf Redding
augmented_Leaf Redding0863.jpg,142.2791234375,159.55019375,136.59598125,75.9636294403025,0.054646875,Leaf Redding
augmented_Leaf Redding0864.jpg,140.9323703125,154.8741296875,109.33181875,57.819083552768525,0.3648203125,Leaf Redding
augmented_Leaf Redding0865.jpg,179.3182765625,192.55665625,182.6481265625,60.540348721155,0.0554609375,Leaf Redding
augmented_Leaf Redding0866.jpg,165.0755171875,179.92655,161.7419390625,63.33756806418026,0.087065625,Leaf Redding
augmented_Leaf Redding0867.jpg,110.595790625,124.187590625,111.4111421875,43.72961382043469,0.067859375,Leaf Redding
augmented_Leaf Redding0868.jpg,150.682071875,166.762028125,151.075825,60.110719993555186,0.0958484375,Leaf Redding
augmented_Leaf Redding0869.jpg,153.171190625,171.3854609375,140.0845125,60.38457554797272,0.066375,Leaf Redding
augmented_Leaf Redding0870.jpg,163.9233140625,179.48274375,147.336671875,64.6489577202909,0.072778125,Leaf Redding
augmented_Leaf Redding0871.jpg,158.779984375,176.66075,145.9006046875,61.37212069933981,0.0709515625,Leaf Redding
augmented_Leaf Redding0872.jpg,158.7174765625,176.596025,145.7870359375,61.50548002464568,0.0777484375,Leaf Redding
augmented_Leaf Redding0873.jpg,128.804590625,156.9735453125,116.113084375,70.17569442272737,0.0395703125,Leaf Redding
augmented_Leaf Redding0874.jpg,125.1860859375,154.3565546875,114.2468421875,69.94764871549414,0.037290625,Leaf Redding
augmented_Leaf Redding0875.jpg,126.388096875,154.8159671875,115.3763453125,71.1010791487097,0.0387265625,Leaf Redding
augmented_Leaf Redding0876.jpg,122.54240625,149.8479796875,101.7949375,64.69293227630827,0.0445890625,Leaf Redding
augmented_Leaf Redding0877.jpg,127.5341640625,153.98470625,108.3243046875,69.20845802020341,0.0456890625,Leaf Redding
augmented_Leaf Redding0878.jpg,195.765925,208.6032203125,148.2168703125,66.56133403334542,0.1549703125,Leaf Redding
augmented_Leaf Redding0879.jpg,140.6732234375,154.8678890625,100.2500390625,66.7122958894406,0.2208578125,Leaf Redding
augmented_Leaf Redding0880.jpg,140.7060078125,154.8883828125,100.2443625,66.62294558544446,0.21953125,Leaf Redding
augmented_Leaf Redding0881.jpg,139.84345625,154.03386875,98.91364375,65.91555324795792,0.213775,Leaf Redding
augmented_Leaf Redding0882.jpg,144.6831015625,158.0579078125,114.4395734375,71.66780467917906,0.151225,Leaf Redding
augmented_Leaf Redding0883.jpg,134.729403125,149.09088125,100.555325,65.31442801058554,0.1608515625,Leaf Redding
augmented_Leaf Redding0884.jpg,142.5943859375,154.4550875,115.660125,71.20170022349676,0.1638875,Leaf Redding
augmented_Leaf Redding0885.jpg,140.606946875,154.1712453125,128.8738765625,68.81453869044014,0.363465625,Leaf Redding
augmented_Leaf Redding0886.jpg,155.3435921875,168.4411265625,135.510196875,72.83620597203114,0.1403703125,Leaf Redding
augmented_Leaf Redding0887.jpg,128.3797609375,146.014546875,99.55431875,74.5450165880877,0.157371875,Leaf Redding
augmented_Leaf Redding0888.jpg,127.505465625,145.16275,98.4207921875,74.18742782047771,0.153421875,Leaf Redding
augmented_Leaf Redding0889.jpg,112.9875390625,130.2236625,61.3265109375,61.41775178869312,0.1426125,Leaf Redding
augmented_Leaf Redding0890.jpg,112.934634375,130.1930890625,61.1513671875,61.24655462463148,0.14205625,Leaf Redding
augmented_Leaf Redding0891.jpg,114.2853265625,131.751578125,63.7986671875,63.69723824322418,0.1408921875,Leaf Redding
augmented_Leaf Redding0892.jpg,136.2820265625,150.1199296875,119.6532765625,68.68298165846836,0.359715625,Leaf Redding
augmented_Leaf Redding0893.jpg,141.617240625,156.368353125,104.46916875,66.8806800253359,0.0649046875,Leaf Redding
augmented_Leaf Redding0894.jpg,148.020503125,160.83906875,130.293278125,86.55678958178304,0.057790625,Leaf Redding
augmented_Leaf Redding0895.jpg,170.74510625,182.0784953125,114.1413359375,71.01807779712456,0.0891296875,Leaf Redding
augmented_Leaf Redding0896.jpg,128.9045484375,138.5659078125,109.580725,69.0156909190728,0.36138125,Leaf Redding
augmented_Leaf Redding0897.jpg,158.8617609375,170.41763125,112.4217296875,76.00786490450545,0.0843828125,Leaf Redding
augmented_Leaf Redding0898.jpg,148.842971875,159.5669640625,107.397578125,78.14090874509816,0.078865625,Leaf Redding
augmented_Leaf Redding0899.jpg,136.5176828125,147.040703125,105.5116328125,81.98644675207733,0.068240625,Leaf Redding
augmented_Leaf Redding0900.jpg,150.388734375,163.9228703125,119.3702078125,65.49745869179586,0.11594375,Leaf Redding
augmented_Leaf Redding0901.jpg,177.5401640625,187.733578125,156.87656875,68.66618886191588,0.0880703125,Leaf Redding
augmented_Leaf Redding0902.jpg,163.04735625,174.9306296875,138.6817234375,69.3166114575672,0.1028734375,Leaf Redding
augmented_Leaf Redding0903.jpg,138.9188859375,155.367034375,95.912934375,42.98565995404008,0.0887609375,Leaf Redding
augmented_Leaf Redding0904.jpg,147.7263375,164.656346875,104.056546875,53.02299692351918,0.3601609375,Leaf Redding
augmented_Leaf Redding0905.jpg,158.996028125,175.73074375,116.658803125,53.90671751420853,0.082565625,Leaf Redding
augmented_Leaf Redding0906.jpg,158.4552234375,177.2116984375,130.5059140625,54.94002952413123,0.1131125,Leaf Redding
augmented_Leaf Redding0907.jpg,165.8206078125,179.4012921875,148.675490625,63.34345266885368,0.1158734375,Leaf Redding
augmented_Leaf Redding0908.jpg,125.3951765625,140.2458296875,94.5621640625,47.24973356989716,0.1661421875,Leaf Redding
augmented_Leaf Redding0909.jpg,144.3785890625,162.444784375,108.3459453125,63.09069011076156,0.201196875,Leaf Redding
augmented_Leaf Redding0910.jpg,90.1428125,106.3224171875,63.68615,42.14322914500732,0.1853703125,Leaf Redding
augmented_Leaf Redding0911.jpg,134.3959515625,155.9657484375,93.656528125,64.28220634284341,0.227953125,Leaf Redding
augmented_Leaf Redding0912.jpg,133.3953921875,155.0329234375,92.320340625,63.78556046563603,0.226384375,Leaf Redding
augmented_Leaf Redding0913.jpg,146.50465,161.8621375,116.9549375,66.91915719760736,0.1046390625,Leaf Redding
augmented_Leaf Redding0914.jpg,154.1620671875,168.25460625,127.8577890625,71.11338490053556,0.0916890625,Leaf Redding
augmented_Leaf Redding0915.jpg,134.669390625,146.947040625,119.02794375,42.663860601183934,0.05068125,Leaf Redding
augmented_Leaf Redding0916.jpg,170.7182265625,183.89605,152.681440625,56.78068735177955,0.063028125,Leaf Redding
augmented_Leaf Redding0917.jpg,164.6584296875,178.909384375,145.80851875,52.70776484355115,0.0611984375,Leaf Redding
augmented_Leaf Redding0918.jpg,149.7819078125,166.1094671875,112.925265625,56.75529478782202,0.22604375,Leaf Redding
augmented_Leaf Redding0919.jpg,160.3965125,175.2177359375,127.93674375,61.93218432325622,0.2049890625,Leaf Redding
augmented_Leaf Redding0920.jpg,158.4164421875,166.1393140625,142.822721875,68.72143263247645,0.3648609375,Leaf Redding
augmented_Leaf Redding0921.jpg,149.3579,162.764396875,114.9382046875,70.89616077457492,0.138590625,Leaf Redding
augmented_Leaf Redding0922.jpg,135.1643703125,135.6590875,85.843690625,68.07520410685632,0.2039640625,Leaf Redding
augmented_Leaf Redding0923.jpg,141.004365625,140.26275,87.70130625,69.36370690722129,0.206571875,Leaf Redding
augmented_Leaf Redding0924.jpg,141.036559375,140.2539578125,87.73075625,69.39321604359075,0.206440625,Leaf Redding
augmented_Leaf Redding0925.jpg,137.60595,133.3189703125,88.687615625,69.29513282371171,0.25089375,Leaf Redding
augmented_Leaf Redding0926.jpg,137.60595,133.3189703125,88.687615625,69.29513282371171,0.25089375,Leaf Redding
augmented_Leaf Redding0927.jpg,137.63194375,133.30044375,88.665371875,69.26727643624577,0.250446875,Leaf Redding
augmented_Leaf Redding0928.jpg,147.9796125,145.789209375,103.33315625,75.84500435301604,0.2152515625,Leaf Redding
augmented_Leaf Redding0929.jpg,114.8529203125,117.57908125,76.2158390625,65.0028947367896,0.18646875,Leaf Redding
augmented_Leaf Redding0930.jpg,121.9436859375,124.826734375,105.7330109375,70.61009760803928,0.36899375,Leaf Redding
augmented_Leaf Redding0931.jpg,130.2119234375,132.3786796875,89.0222296875,75.51064734595529,0.18763125,Leaf Redding
augmented_Leaf Redding0932.jpg,125.630353125,127.83965,82.1741046875,71.18482870337812,0.1909859375,Leaf Redding
augmented_Leaf Redding0933.jpg,110.149103125,119.9321953125,79.5256,56.249095084567585,0.365703125,Leaf Redding
augmented_Leaf Redding0934.jpg,120.5536125,128.2512953125,63.529353125,64.40790078918943,0.210234375,Leaf Redding
augmented_Leaf Redding0935.jpg,136.4162921875,149.1116734375,97.758215625,80.63583379833688,0.130003125,Leaf Redding
augmented_Leaf Redding0936.jpg,125.8683828125,132.250484375,82.193603125,71.17942710154041,0.0853328125,Leaf Redding
augmented_Leaf Redding0937.jpg,125.8683828125,132.250484375,82.193603125,71.17942710154041,0.0853328125,Leaf Redding
augmented_Leaf Redding0938.jpg,115.27540625,124.0692890625,104.93798125,66.17266385804136,0.360971875,Leaf Redding
augmented_Leaf Redding0939.jpg,115.4544515625,124.0346484375,104.72696875,66.12714449607164,0.360940625,Leaf Redding
augmented_Leaf Redding0940.jpg,124.1898171875,120.45244375,71.9814671875,72.866438940486,0.16129375,Leaf Redding
augmented_Leaf Redding0941.jpg,112.857984375,112.19058125,92.412475,66.52235448591105,0.3668171875,Leaf Redding
augmented_Leaf Redding0942.jpg,137.4448890625,144.461875,94.148434375,78.8842780665808,0.12154375,Leaf Redding
augmented_Leaf Redding0943.jpg,136.617909375,143.727709375,93.5596671875,78.9481553734029,0.118903125,Leaf Redding
augmented_Leaf Redding0944.jpg,136.61418125,143.7051375,93.4331671875,78.87623180382836,0.113571875,Leaf Redding
augmented_Leaf Redding0945.jpg,122.7754546875,130.33180625,65.5475875,61.27262638842508,0.122953125,Leaf Redding
augmented_Leaf Redding0946.jpg,117.0314640625,125.6944484375,114.5032171875,68.64387746781327,0.3600015625,Leaf Redding
augmented_Leaf Redding0947.jpg,182.7977234375,192.7565703125,143.215725,82.74418328184046,0.0397171875,Leaf Redding
augmented_Leaf Redding0948.jpg,132.8035640625,141.56705625,131.2590484375,75.3588982963564,0.36248125,Leaf Redding
augmented_Leaf Redding0949.jpg,132.746409375,141.564203125,131.2213109375,75.29316942401275,0.3633984375,Leaf Redding
augmented_Leaf Redding0950.jpg,144.3843953125,156.449334375,122.154546875,78.48034519741579,0.0344625,Leaf Redding
augmented_Leaf Redding0951.jpg,206.43386875,207.714415625,133.9603375,60.73299500207661,0.10625,Leaf Redding
augmented_Leaf Redding0952.jpg,158.40054375,164.963415625,110.3297765625,53.8966031906957,0.095953125,Leaf Redding
augmented_Leaf Redding0953.jpg,136.6282046875,138.5078890625,100.286684375,77.9207577937487,0.0496875,Leaf Redding
augmented_Leaf Redding0954.jpg,130.815284375,129.7465640625,78.365225,72.78028489836662,0.17315,Leaf Redding
augmented_Leaf Redding0955.jpg,154.6909515625,153.1541421875,86.46865,64.64875856615468,0.1448984375,Leaf Redding
augmented_Leaf Redding0956.jpg,139.2232546875,142.2403921875,98.0678640625,79.22411688914579,0.098190625,Leaf Redding
augmented_Leaf Redding0957.jpg,154.801675,165.8518734375,125.4935828125,63.51970296084042,0.3709203125,Leaf Redding
augmented_Leaf Redding0958.jpg,159.4417796875,171.6837671875,127.3578171875,59.143402390928536,0.1800640625,Leaf Redding
augmented_Leaf Redding0959.jpg,156.2855015625,169.60445625,118.2837890625,55.316558254513644,0.216240625,Leaf Redding
augmented_Leaf Redding0960.jpg,156.30210625,169.6188625,118.32748125,55.27530045302569,0.216140625,Leaf Redding
augmented_Leaf Redding0961.jpg,159.079996875,172.0056859375,119.360359375,58.14541982838024,0.2128140625,Leaf Redding
augmented_Leaf Redding0962.jpg,148.1966078125,164.602071875,117.4288921875,61.387551589072785,0.1124765625,Leaf Redding
augmented_Leaf Redding0963.jpg,169.9670734375,183.4628984375,135.0694375,47.226077418509185,0.0065546875,Leaf Redding
augmented_Leaf Redding0964.jpg,167.966446875,180.73545625,136.008396875,53.73484999215565,0.1510609375,Leaf Redding
augmented_Leaf Redding0965.jpg,164.15560625,175.7267984375,137.1755453125,60.10029201666193,0.3638328125,Leaf Redding
augmented_Leaf Redding0966.jpg,176.7764234375,187.998571875,142.606525,61.663156440054976,0.149040625,Leaf Redding
augmented_Leaf Redding0967.jpg,174.1832359375,185.8266421875,144.4021625,57.7656013962252,0.14524375,Leaf Redding
augmented_Leaf Redding0968.jpg,141.1292171875,155.6998859375,101.4243453125,68.11618886092,0.142765625,Leaf Redding
augmented_Leaf Redding0969.jpg,130.986225,147.6548390625,102.021921875,50.28392790943407,0.1379453125,Leaf Redding
augmented_Leaf Redding0970.jpg,147.5374734375,163.3041109375,116.2261296875,61.630051450357634,0.135859375,Leaf Redding
augmented_Leaf Redding0971.jpg,134.6282484375,151.4428640625,104.1331984375,51.25152863180528,0.1370625,Leaf Redding
augmented_Leaf Redding0972.jpg,134.626190625,151.431934375,104.010440625,51.20066440017526,0.1377625,Leaf Redding
augmented_Leaf Redding0973.jpg,88.6685140625,98.5883,70.7052109375,41.89004998051513,0.0706515625,Leaf Redding
augmented_Leaf Redding0974.jpg,153.94566875,165.3146921875,113.6790046875,54.74927544789941,0.1013796875,Leaf Redding
augmented_Leaf Redding0975.jpg,157.43730625,165.372371875,124.5555671875,65.79263509789901,0.0764921875,Leaf Redding
augmented_Leaf Redding0976.jpg,117.45450625,119.1435734375,90.4770828125,64.2779974818549,0.1785328125,Leaf Redding
augmented_Leaf Redding0977.jpg,135.74730625,135.665596875,102.2797859375,72.854876418608,0.1909875,Leaf Redding
augmented_Leaf Redding0978.jpg,123.281059375,122.3347328125,87.3002296875,63.992320504830566,0.3686875,Leaf Redding
augmented_Leaf Redding0979.jpg,130.30385,130.7265265625,88.016325,67.78317802005319,0.1841734375,Leaf Redding
augmented_Leaf Redding0980.jpg,130.340621875,132.8991140625,108.93841875,69.54235544149176,0.36759375,Leaf Redding
augmented_Leaf Redding0981.jpg,139.9315640625,141.889840625,100.7878984375,74.29530077925935,0.222215625,Leaf Redding
augmented_Leaf Redding0982.jpg,143.37670625,145.50188125,105.6881171875,76.69269380723199,0.2140578125,Leaf Redding
augmented_Leaf Redding0983.jpg,83.24429375,89.610675,68.7630640625,38.69081378156858,0.1250609375,Leaf Redding
augmented_Leaf Redding0984.jpg,135.7558265625,140.0640765625,97.5191578125,80.0775636547599,0.1288921875,Leaf Redding
augmented_Leaf Redding0985.jpg,163.924134375,162.3568421875,111.324346875,77.90626820548749,0.12920625,Leaf Redding
augmented_Leaf Redding0986.jpg,146.00035,148.3042640625,104.8332265625,77.99301962373778,0.117353125,Leaf Redding
augmented_Leaf Redding0987.jpg,146.00035,148.3042640625,104.8332265625,77.99301962373778,0.117353125,Leaf Redding
augmented_Leaf Redding0988.jpg,151.1741484375,152.9466671875,110.880909375,81.57709763760698,0.1090703125,Leaf Redding
augmented_Leaf Redding0989.jpg,145.1093453125,147.4695078125,103.89915,77.9312818441683,0.1103,Leaf Redding
augmented_Leaf Redding0990.jpg,144.0337078125,148.710321875,111.1263546875,81.69620779660274,0.090625,Leaf Redding
augmented_Leaf Redding0991.jpg,144.0337078125,148.710321875,111.1263546875,81.69620779660274,0.090625,Leaf Redding
augmented_Leaf Redding0992.jpg,146.9760828125,148.014028125,107.290428125,76.09938710654737,0.153028125,Leaf Redding
augmented_Leaf Redding0993.jpg,133.8287625,134.928828125,110.15536875,71.40516672909163,0.365396875,Leaf Redding
augmented_Leaf Redding0994.jpg,172.6300703125,174.69766875,131.5784640625,76.77985625664961,0.1119828125,Leaf Redding
augmented_Leaf Redding0995.jpg,136.47543125,135.598428125,99.399025,67.77497757617736,0.3626109375,Leaf Redding
augmented_Leaf Redding0996.jpg,147.9063953125,149.7334703125,102.342921875,71.57978614487402,0.07681875,Leaf Redding
augmented_Leaf Redding0997.jpg,134.4171234375,135.74530625,94.32880625,66.80906222492942,0.141109375,Leaf Redding
augmented_Leaf Redding0998.jpg,159.5606125,159.7073078125,89.4336328125,57.53223237721698,0.1679890625,Leaf Redding
augmented_Leaf Redding0999.jpg,117.5814578125,119.6168203125,81.1209015625,56.27425192504644,0.3617171875,Leaf Redding
augmented_Leaf Redding1000.jpg,153.0084296875,143.644721875,97.6676234375,53.09654207471842,0.100396875,Leaf Redding
augmented_Leaf Variegation0001.jpg,80.9308875,92.9109453125,73.4043640625,29.856139578166083,0.0396953125,Leaf Variegation
augmented_Leaf Variegation0002.jpg,164.51679375,183.1897,151.7589015625,46.41217958833651,0.072675,Leaf Variegation
augmented_Leaf Variegation0003.jpg,136.1267765625,152.9720375,124.3807765625,48.58944111942467,0.0675203125,Leaf Variegation
augmented_Leaf Variegation0004.jpg,136.1267765625,152.9720375,124.3807765625,48.58944111942467,0.0675203125,Leaf Variegation
augmented_Leaf Variegation0005.jpg,127.225196875,145.078815625,118.7877359375,51.88577964786787,0.355003125,Leaf Variegation
augmented_Leaf Variegation0006.jpg,127.0911359375,145.0001171875,118.8276453125,51.89904524492721,0.3540859375,Leaf Variegation
augmented_Leaf Variegation0007.jpg,136.1238640625,152.981071875,124.404378125,48.5455875858956,0.0667890625,Leaf Variegation
augmented_Leaf Variegation0008.jpg,136.1238640625,152.981071875,124.404378125,48.5455875858956,0.0667890625,Leaf Variegation
augmented_Leaf Variegation0009.jpg,157.5057515625,172.4198890625,149.019778125,60.037905482353274,0.061415625,Leaf Variegation
augmented_Leaf Variegation0010.jpg,147.7055234375,163.8473859375,138.447665625,57.602629253262094,0.0676203125,Leaf Variegation
augmented_Leaf Variegation0011.jpg,147.7055234375,163.8473859375,138.447665625,57.602629253262094,0.0676203125,Leaf Variegation
augmented_Leaf Variegation0012.jpg,147.7055234375,163.8473859375,138.447665625,57.602629253262094,0.0676203125,Leaf Variegation
augmented_Leaf Variegation0013.jpg,135.2093046875,152.124775,123.4785765625,48.587141025018134,0.066684375,Leaf Variegation
augmented_Leaf Variegation0014.jpg,135.2332421875,152.1144453125,123.456725,48.365696230155976,0.0618203125,Leaf Variegation
augmented_Leaf Variegation0015.jpg,135.2288453125,152.1269921875,123.4635015625,48.49573749036873,0.064234375,Leaf Variegation
augmented_Leaf Variegation0016.jpg,128.5972375,151.4948359375,119.682303125,59.71087964149916,0.044821875,Leaf Variegation
augmented_Leaf Variegation0017.jpg,111.38408125,132.8495796875,103.1378453125,56.111500303041616,0.040425,Leaf Variegation
augmented_Leaf Variegation0018.jpg,111.38408125,132.8495796875,103.1378453125,56.111500303041616,0.040425,Leaf Variegation
augmented_Leaf Variegation0019.jpg,111.38408125,132.8495796875,103.1378453125,56.111500303041616,0.040425,Leaf Variegation
augmented_Leaf Variegation0020.jpg,109.932090625,130.3515765625,105.4535109375,58.89789481078543,0.3557109375,Leaf Variegation
augmented_Leaf Variegation0021.jpg,111.4009171875,132.8521359375,103.1262859375,56.05539713903313,0.0397296875,Leaf Variegation
augmented_Leaf Variegation0022.jpg,111.4009171875,132.8521359375,103.1262859375,56.05539713903313,0.0397296875,Leaf Variegation
augmented_Leaf Variegation0023.jpg,114.8688234375,131.248440625,103.3701109375,60.01306149457362,0.138971875,Leaf Variegation
augmented_Leaf Variegation0024.jpg,129.3790890625,145.3660546875,120.127778125,69.26645914475598,0.1189953125,Leaf Variegation
augmented_Leaf Variegation0025.jpg,130.989153125,154.1668140625,123.0827484375,60.92244789466429,0.0632953125,Leaf Variegation
augmented_Leaf Variegation0026.jpg,156.64271875,175.8915078125,150.0072765625,69.50032500206424,0.0478296875,Leaf Variegation
augmented_Leaf Variegation0027.jpg,149.9216125,170.334240625,142.941271875,68.3883583307441,0.0504625,Leaf Variegation
augmented_Leaf Variegation0028.jpg,141.9482328125,163.016096875,134.8095,66.95836798662363,0.059415625,Leaf Variegation
augmented_Leaf Variegation0029.jpg,141.9482328125,163.016096875,134.8095,66.95836798662363,0.059415625,Leaf Variegation
augmented_Leaf Variegation0030.jpg,130.0828796875,153.2510484375,122.100615625,61.037126493912666,0.0668109375,Leaf Variegation
augmented_Leaf Variegation0031.jpg,130.072696875,153.2535609375,122.1132921875,61.03098822898163,0.064834375,Leaf Variegation
augmented_Leaf Variegation0032.jpg,80.843309375,94.1220671875,74.0242328125,48.56365851068733,0.1341265625,Leaf Variegation
augmented_Leaf Variegation0033.jpg,120.23939375,136.763184375,110.451746875,70.54787059086246,0.1661703125,Leaf Variegation
augmented_Leaf Variegation0034.jpg,120.23939375,136.763184375,110.451746875,70.54787059086246,0.1661703125,Leaf Variegation
augmented_Leaf Variegation0035.jpg,116.0424796875,130.964134375,113.648225,67.32629628770155,0.365146875,Leaf Variegation
augmented_Leaf Variegation0036.jpg,115.9473453125,130.9633921875,113.7251953125,67.30812312992128,0.3646671875,Leaf Variegation
augmented_Leaf Variegation0037.jpg,120.2053359375,136.7533625,110.4082453125,70.49183219222864,0.16641875,Leaf Variegation
augmented_Leaf Variegation0038.jpg,128.836653125,144.456028125,119.6394421875,74.48293254405405,0.1501203125,Leaf Variegation
augmented_Leaf Variegation0039.jpg,144.33074375,157.6349109375,136.09619375,81.76044805891681,0.1307671875,Leaf Variegation
augmented_Leaf Variegation0040.jpg,131.7912375,148.3149046875,124.057428125,77.67886151598773,0.1478609375,Leaf Variegation
augmented_Leaf Variegation0041.jpg,131.7912375,148.3149046875,124.057428125,77.67886151598773,0.1478609375,Leaf Variegation
augmented_Leaf Variegation0042.jpg,119.27184375,135.8183984375,109.28049375,70.21756294303418,0.16115,Leaf Variegation
augmented_Leaf Variegation0043.jpg,154.0197953125,165.73565625,141.48426875,72.6729634162137,0.194628125,Leaf Variegation
augmented_Leaf Variegation0044.jpg,146.4883,158.0861046875,133.8985046875,71.0520291194049,0.1955015625,Leaf Variegation
augmented_Leaf Variegation0045.jpg,146.4883,158.0861046875,133.8985046875,71.0520291194049,0.1955015625,Leaf Variegation
augmented_Leaf Variegation0046.jpg,136.7706390625,146.7391328125,130.298359375,70.50729475876099,0.3681546875,Leaf Variegation
augmented_Leaf Variegation0047.jpg,136.8026234375,146.72143125,130.2419375,70.59255215566574,0.3676765625,Leaf Variegation
augmented_Leaf Variegation0048.jpg,146.476053125,158.0699140625,133.841171875,70.97925280363056,0.1954828125,Leaf Variegation
augmented_Leaf Variegation0049.jpg,164.23694375,174.160703125,152.7421984375,73.15592242945321,0.160403125,Leaf Variegation
augmented_Leaf Variegation0050.jpg,167.8393953125,177.4135328125,156.8486640625,73.49674626548928,0.1536640625,Leaf Variegation
augmented_Leaf Variegation0051.jpg,157.2862078125,168.40476875,146.234896875,74.25038565818798,0.1708515625,Leaf Variegation
augmented_Leaf Variegation0052.jpg,157.2862078125,168.40476875,146.234896875,74.25038565818798,0.1708515625,Leaf Variegation
augmented_Leaf Variegation0053.jpg,145.536771875,157.122184375,132.7946734375,70.89762833338351,0.1965734375,Leaf Variegation
augmented_Leaf Variegation0054.jpg,153.3316046875,170.7906109375,133.9590515625,77.43568627112614,0.18106875,Leaf Variegation
augmented_Leaf Variegation0055.jpg,141.0171296875,158.888840625,122.488084375,75.31047117444449,0.1819765625,Leaf Variegation
augmented_Leaf Variegation0056.jpg,159.3724484375,175.733696875,150.618625,72.0066918189139,0.15104375,Leaf Variegation
augmented_Leaf Variegation0057.jpg,136.4960625,149.3919625,118.090946875,80.34795169057065,0.1953390625,Leaf Variegation
augmented_Leaf Variegation0058.jpg,126.39280625,138.1365953125,105.5499203125,77.6423180518179,0.2305390625,Leaf Variegation
augmented_Leaf Variegation0059.jpg,135.281471875,148.478803125,112.7554890625,78.33283788923296,0.191071875,Leaf Variegation
augmented_Leaf Variegation0060.jpg,134.2814859375,147.5966125,111.68088125,78.23867473469376,0.1871046875,Leaf Variegation
augmented_Leaf Variegation0061.jpg,122.22358125,142.0096328125,106.9405125,77.96856876605489,0.148071875,Leaf Variegation
augmented_Leaf Variegation0062.jpg,125.1051765625,137.8490265625,107.6435625,73.17444184871208,0.2011515625,Leaf Variegation
augmented_Leaf Variegation0063.jpg,119.608315625,136.3747078125,114.907665625,70.71055772740796,0.3648515625,Leaf Variegation
augmented_Leaf Variegation0064.jpg,122.2878890625,142.2627265625,107.2696953125,73.06530877902573,0.1692375,Leaf Variegation
augmented_Leaf Variegation0065.jpg,117.73711875,139.20351875,101.218184375,59.46444367878458,0.2017140625,Leaf Variegation
augmented_Leaf Variegation0066.jpg,133.399190625,152.2349265625,120.9231203125,68.4929917588515,0.162921875,Leaf Variegation
augmented_Leaf Variegation0067.jpg,166.8792859375,185.014325,154.0868796875,65.2723754612376,0.126621875,Leaf Variegation
augmented_Leaf Variegation0068.jpg,136.42205625,159.845928125,123.2784875,64.81321215821221,0.14553125,Leaf Variegation
augmented_Leaf Variegation0069.jpg,161.3987515625,183.5275125,152.6146890625,66.34456112361609,0.149590625,Leaf Variegation
augmented_Leaf Variegation0070.jpg,145.2529640625,162.6061484375,120.7913328125,48.18814355494292,0.0677703125,Leaf Variegation
augmented_Leaf Variegation0071.jpg,157.719465625,174.5354359375,134.763259375,53.855321284910445,0.0681796875,Leaf Variegation
augmented_Leaf Variegation0072.jpg,139.7805734375,162.9727828125,127.2536984375,57.02934677163611,0.3594953125,Leaf Variegation
augmented_Leaf Variegation0073.jpg,148.7160859375,160.4334703125,120.7229359375,51.89313481490852,0.060559375,Leaf Variegation
augmented_Leaf Variegation0074.jpg,144.7092171875,158.1545296875,124.5254953125,58.9592571362461,0.35439375,Leaf Variegation
augmented_Leaf Variegation0075.jpg,144.5997140625,158.1585421875,124.6408109375,58.966928862173404,0.3534609375,Leaf Variegation
augmented_Leaf Variegation0076.jpg,144.5139890625,158.0714125,124.591884375,58.95892043305927,0.3542484375,Leaf Variegation
augmented_Leaf Variegation0077.jpg,144.47813125,158.1372953125,124.626334375,59.022730216031775,0.354640625,Leaf Variegation
augmented_Leaf Variegation0078.jpg,150.5810859375,165.5974734375,124.8263125,51.89460201242174,0.0470828125,Leaf Variegation
augmented_Leaf Variegation0079.jpg,150.5810859375,165.5974734375,124.8263125,51.89460201242174,0.0470828125,Leaf Variegation
augmented_Leaf Variegation0080.jpg,164.740915625,181.727203125,143.8164671875,59.77070677413019,0.044990625,Leaf Variegation
augmented_Leaf Variegation0081.jpg,163.645215625,178.6379796875,140.2738765625,55.314242852874834,0.0478390625,Leaf Variegation
augmented_Leaf Variegation0082.jpg,163.645215625,178.6379796875,140.2738765625,55.314242852874834,0.0478390625,Leaf Variegation
augmented_Leaf Variegation0083.jpg,163.645215625,178.6379796875,140.2738765625,55.314242852874834,0.0478390625,Leaf Variegation
augmented_Leaf Variegation0084.jpg,149.6383109375,164.7062484375,123.8618875,51.895875066904466,0.0453453125,Leaf Variegation
augmented_Leaf Variegation0085.jpg,177.2995359375,193.6589,157.388321875,53.42512432776371,0.0333015625,Leaf Variegation
augmented_Leaf Variegation0086.jpg,169.380321875,186.3429765625,148.521228125,53.91095450822829,0.0391859375,Leaf Variegation
augmented_Leaf Variegation0087.jpg,136.3433734375,151.7774734375,115.7562765625,48.73674175111464,0.0487671875,Leaf Variegation
augmented_Leaf Variegation0088.jpg,136.3433734375,151.7774734375,115.7562765625,48.73674175111464,0.0487671875,Leaf Variegation
augmented_Leaf Variegation0089.jpg,132.03340625,148.7325765625,115.94269375,55.15053110800137,0.353,Leaf Variegation
augmented_Leaf Variegation0090.jpg,136.3493328125,151.789715625,115.7646375,48.72173847473014,0.04748125,Leaf Variegation
augmented_Leaf Variegation0091.jpg,163.6174171875,179.093015625,147.2453703125,61.94586987193276,0.046359375,Leaf Variegation
augmented_Leaf Variegation0092.jpg,155.8043125,170.9885796875,137.3532578125,58.63095352160341,0.047559375,Leaf Variegation
augmented_Leaf Variegation0093.jpg,148.992796875,164.096934375,129.61435,57.32132098863886,0.0490765625,Leaf Variegation
augmented_Leaf Variegation0094.jpg,148.992796875,164.096934375,129.61435,57.32132098863886,0.0490765625,Leaf Variegation
augmented_Leaf Variegation0095.jpg,148.992796875,164.096934375,129.61435,57.32132098863886,0.0490765625,Leaf Variegation
augmented_Leaf Variegation0096.jpg,135.3637,150.772215625,114.7650703125,48.71240739367237,0.047115625,Leaf Variegation
augmented_Leaf Variegation0097.jpg,135.3671484375,150.7708828125,114.7521609375,48.73115598333883,0.0490171875,Leaf Variegation
augmented_Leaf Variegation0098.jpg,135.389259375,150.8207828125,114.778765625,48.7344840327912,0.0495140625,Leaf Variegation
augmented_Leaf Variegation0099.jpg,79.3970484375,93.697103125,73.565071875,30.479539449732673,0.058521875,Leaf Variegation
augmented_Leaf Variegation0100.jpg,121.0683921875,139.7914890625,112.246690625,47.350926924334985,0.0987578125,Leaf Variegation
augmented_Leaf Variegation0101.jpg,132.2418984375,152.7356546875,123.5804859375,49.78946859714385,0.103771875,Leaf Variegation
augmented_Leaf Variegation0102.jpg,132.2418984375,152.7356546875,123.5804859375,49.78946859714385,0.103771875,Leaf Variegation
augmented_Leaf Variegation0103.jpg,132.2418984375,152.7356546875,123.5804859375,49.78946859714385,0.103771875,Leaf Variegation
augmented_Leaf Variegation0104.jpg,132.2418984375,152.7356546875,123.5804859375,49.78946859714385,0.103771875,Leaf Variegation
augmented_Leaf Variegation0105.jpg,124.6055953125,145.659746875,119.0900375,53.251374805967075,0.35719375,Leaf Variegation
augmented_Leaf Variegation0106.jpg,132.2256640625,152.721765625,123.5711984375,49.69048439640328,0.102646875,Leaf Variegation
augmented_Leaf Variegation0107.jpg,132.2256640625,152.721765625,123.5711984375,49.69048439640328,0.102646875,Leaf Variegation
augmented_Leaf Variegation0108.jpg,132.2256640625,152.721765625,123.5711984375,49.69048439640328,0.102646875,Leaf Variegation
augmented_Leaf Variegation0109.jpg,156.8888,175.4233015625,151.2249203125,62.12049444707732,0.0898609375,Leaf Variegation
augmented_Leaf Variegation0110.jpg,142.804975,163.6663078125,136.6813328125,58.759372612099,0.10453125,Leaf Variegation
augmented_Leaf Variegation0111.jpg,136.067634375,161.01225625,104.7611203125,42.045570738423834,0.06598125,Leaf Variegation
augmented_Leaf Variegation0112.jpg,148.4971203125,174.2144921875,122.1882796875,54.396826066341745,0.0587953125,Leaf Variegation
augmented_Leaf Variegation0113.jpg,148.1626484375,171.6713484375,117.180015625,50.96786089618927,0.065234375,Leaf Variegation
augmented_Leaf Variegation0114.jpg,148.1626484375,171.6713484375,117.180015625,50.96786089618927,0.065234375,Leaf Variegation
augmented_Leaf Variegation0115.jpg,148.1626484375,171.6713484375,117.180015625,50.96786089618927,0.065234375,Leaf Variegation
augmented_Leaf Variegation0116.jpg,135.119765625,160.102196875,103.7720265625,41.972324767885766,0.0649796875,Leaf Variegation
augmented_Leaf Variegation0117.jpg,93.03195625,112.5126953125,81.41458125,43.7418088274794,0.06695,Leaf Variegation
augmented_Leaf Variegation0118.jpg,105.4497859375,126.9814296875,92.2142671875,49.82778702999201,0.0752640625,Leaf Variegation
augmented_Leaf Variegation0119.jpg,158.4506859375,186.128621875,143.435703125,60.732972990943814,0.08580625,Leaf Variegation
augmented_Leaf Variegation0120.jpg,126.44755625,150.97331875,110.775771875,58.86202432644847,0.085584375,Leaf Variegation
augmented_Leaf Variegation0121.jpg,126.44755625,150.97331875,110.775771875,58.86202432644847,0.085584375,Leaf Variegation
augmented_Leaf Variegation0122.jpg,126.44755625,150.97331875,110.775771875,58.86202432644847,0.085584375,Leaf Variegation
augmented_Leaf Variegation0123.jpg,126.44755625,150.97331875,110.775771875,58.86202432644847,0.085584375,Leaf Variegation
augmented_Leaf Variegation0124.jpg,122.112478125,145.829278125,110.1716078125,62.49175488651788,0.359534375,Leaf Variegation
augmented_Leaf Variegation0125.jpg,121.975096875,145.833259375,110.2714484375,62.52132455366196,0.3600390625,Leaf Variegation
augmented_Leaf Variegation0126.jpg,126.4579796875,150.96375,110.7909625,58.89969311144584,0.08520625,Leaf Variegation
augmented_Leaf Variegation0127.jpg,126.4579796875,150.96375,110.7909625,58.89969311144584,0.08520625,Leaf Variegation
augmented_Leaf Variegation0128.jpg,126.4579796875,150.96375,110.7909625,58.89969311144584,0.08520625,Leaf Variegation
augmented_Leaf Variegation0129.jpg,126.4579796875,150.96375,110.7909625,58.89969311144584,0.08520625,Leaf Variegation
augmented_Leaf Variegation0130.jpg,149.842315625,168.371359375,135.0522546875,72.20037083430941,0.074240625,Leaf Variegation
augmented_Leaf Variegation0131.jpg,140.8363234375,162.400096875,126.179371875,68.42422231841913,0.0807328125,Leaf Variegation
augmented_Leaf Variegation0132.jpg,143.3842859375,164.1861890625,128.6781296875,69.56030033115576,0.0789390625,Leaf Variegation
augmented_Leaf Variegation0133.jpg,141.2371171875,162.6707625,126.7532875,68.65919212821267,0.08035,Leaf Variegation
augmented_Leaf Variegation0134.jpg,139.3185546875,161.1771078125,124.67916875,66.26033390975702,0.0782640625,Leaf Variegation
augmented_Leaf Variegation0135.jpg,139.3185546875,161.1771078125,124.67916875,66.26033390975702,0.0782640625,Leaf Variegation
augmented_Leaf Variegation0136.jpg,125.5268078125,150.0444796875,109.7659734375,58.695287174736976,0.0827328125,Leaf Variegation
augmented_Leaf Variegation0137.jpg,125.519225,150.0507578125,109.795071875,58.824303917328095,0.0840765625,Leaf Variegation
augmented_Leaf Variegation0138.jpg,125.78208125,148.9944890625,112.8205171875,65.47642337397667,0.0591484375,Leaf Variegation
augmented_Leaf Variegation0139.jpg,136.1011953125,160.4952140625,123.2898890625,69.04038236406663,0.059640625,Leaf Variegation
augmented_Leaf Variegation0140.jpg,127.184825,150.6248390625,114.162015625,66.09344358639308,0.0593171875,Leaf Variegation
augmented_Leaf Variegation0141.jpg,122.1783765625,143.90145625,114.04511875,68.11055550643306,0.3598375,Leaf Variegation
augmented_Leaf Variegation0142.jpg,122.250559375,143.9523859375,114.158821875,68.14034097724796,0.3616078125,Leaf Variegation
augmented_Leaf Variegation0143.jpg,127.190025,150.6650234375,114.1641484375,66.00329983369083,0.0583984375,Leaf Variegation
augmented_Leaf Variegation0144.jpg,144.7494734375,162.9906984375,133.2538421875,76.14111091692423,0.05188125,Leaf Variegation
augmented_Leaf Variegation0145.jpg,140.627659375,159.8952921875,128.7838796875,74.6026860589734,0.0536484375,Leaf Variegation
augmented_Leaf Variegation0146.jpg,141.1625203125,162.23151875,130.295271875,71.85302622956571,0.059840625,Leaf Variegation
augmented_Leaf Variegation0147.jpg,126.2047234375,149.6838640625,113.1509125,66.06632730806713,0.0620203125,Leaf Variegation
augmented_Leaf Variegation0148.jpg,126.209725,149.6662203125,113.16758125,66.12502258785642,0.0604,Leaf Variegation
augmented_Leaf Variegation0149.jpg,100.978009375,126.1788421875,91.1919,43.882921583119476,0.0663859375,Leaf Variegation
augmented_Leaf Variegation0150.jpg,174.8776109375,211.986396875,165.0992203125,49.923373985846155,0.08724375,Leaf Variegation
augmented_Leaf Variegation0151.jpg,172.1940765625,209.020325,162.055490625,51.0141441348314,0.08695,Leaf Variegation
augmented_Leaf Variegation0152.jpg,89.18885625,111.94585,80.4871609375,38.54329430779955,0.05721875,Leaf Variegation
augmented_Leaf Variegation0153.jpg,130.134878125,161.5501203125,118.250271875,55.94765040050475,0.0833515625,Leaf Variegation
augmented_Leaf Variegation0154.jpg,130.134878125,161.5501203125,118.250271875,55.94765040050475,0.0833515625,Leaf Variegation
augmented_Leaf Variegation0155.jpg,130.134878125,161.5501203125,118.250271875,55.94765040050475,0.0833515625,Leaf Variegation
augmented_Leaf Variegation0156.jpg,123.2954328125,154.392884375,115.5861265625,59.6684622750858,0.3601953125,Leaf Variegation
augmented_Leaf Variegation0157.jpg,123.23158125,154.3962375,115.5682859375,59.655118436080585,0.3596609375,Leaf Variegation
augmented_Leaf Variegation0158.jpg,123.1958703125,154.378496875,115.5537328125,59.686224926035706,0.35988125,Leaf Variegation
augmented_Leaf Variegation0159.jpg,130.12266875,161.522915625,118.256884375,56.00171582862334,0.0835609375,Leaf Variegation
augmented_Leaf Variegation0160.jpg,143.5903484375,171.218071875,132.69130625,63.35739663315999,0.0760046875,Leaf Variegation
augmented_Leaf Variegation0161.jpg,147.90085625,174.765115625,137.8006484375,65.83032296487691,0.0733421875,Leaf Variegation
augmented_Leaf Variegation0162.jpg,145.501409375,172.955034375,135.1894140625,64.67880185593557,0.0754328125,Leaf Variegation
augmented_Leaf Variegation0163.jpg,141.5886234375,169.6283578125,130.2622015625,62.24575154114339,0.076434375,Leaf Variegation
augmented_Leaf Variegation0164.jpg,149.3116703125,175.798240625,139.2646546875,66.30956055481334,0.07185625,Leaf Variegation
augmented_Leaf Variegation0165.jpg,143.0952171875,172.3899578125,132.653134375,62.125645919584095,0.0828015625,Leaf Variegation
augmented_Leaf Variegation0166.jpg,143.0952171875,172.3899578125,132.653134375,62.125645919584095,0.0828015625,Leaf Variegation
augmented_Leaf Variegation0167.jpg,143.0952171875,172.3899578125,132.653134375,62.125645919584095,0.0828015625,Leaf Variegation
augmented_Leaf Variegation0168.jpg,129.1883953125,160.62011875,117.2585140625,55.889847399640196,0.079359375,Leaf Variegation
augmented_Leaf Variegation0169.jpg,129.2093734375,160.6343984375,117.3116703125,56.00931652905343,0.0829734375,Leaf Variegation
augmented_Leaf Variegation0170.jpg,129.15359375,160.5831984375,117.238334375,55.9673662082387,0.0831484375,Leaf Variegation
augmented_Leaf Variegation0171.jpg,72.0397328125,84.89133125,62.4673625,35.63937977594668,0.080409375,Leaf Variegation
augmented_Leaf Variegation0172.jpg,132.591634375,151.7838171875,116.587315625,64.82075561648873,0.1267609375,Leaf Variegation
augmented_Leaf Variegation0173.jpg,132.591634375,151.7838171875,116.587315625,64.82075561648873,0.1267609375,Leaf Variegation
augmented_Leaf Variegation0174.jpg,132.591634375,151.7838171875,116.587315625,64.82075561648873,0.1267609375,Leaf Variegation
augmented_Leaf Variegation0175.jpg,121.6742578125,141.4690953125,113.9687078125,64.87388074752835,0.3616671875,Leaf Variegation
augmented_Leaf Variegation0176.jpg,121.5910203125,141.4994890625,114.1092921875,64.84925119927057,0.362165625,Leaf Variegation
augmented_Leaf Variegation0177.jpg,132.59760625,151.777153125,116.6073875,64.81524152042846,0.1266953125,Leaf Variegation
augmented_Leaf Variegation0178.jpg,132.59760625,151.777153125,116.6073875,64.81524152042846,0.1266953125,Leaf Variegation
augmented_Leaf Variegation0179.jpg,141.19433125,158.92266875,126.2039546875,69.79408126327172,0.1193046875,Leaf Variegation
augmented_Leaf Variegation0180.jpg,145.4208875,164.5415140625,132.1727609375,70.10588320105384,0.12346875,Leaf Variegation
augmented_Leaf Variegation0181.jpg,145.4208875,164.5415140625,132.1727609375,70.10588320105384,0.12346875,Leaf Variegation
augmented_Leaf Variegation0182.jpg,145.4208875,164.5415140625,132.1727609375,70.10588320105384,0.12346875,Leaf Variegation
augmented_Leaf Variegation0183.jpg,145.4208875,164.5415140625,132.1727609375,70.10588320105384,0.12346875,Leaf Variegation
augmented_Leaf Variegation0184.jpg,131.7162046875,150.88523125,115.629271875,64.76906173450382,0.1252984375,Leaf Variegation
augmented_Leaf Variegation0185.jpg,131.7281046875,150.9462234375,115.6342484375,64.65059637528955,0.12201875,Leaf Variegation
augmented_Leaf Variegation0186.jpg,131.73956875,150.9670625,115.6702171875,64.69103238413757,0.1228203125,Leaf Variegation
augmented_Leaf Variegation0187.jpg,131.7189203125,150.93436875,115.67450625,64.81106314003881,0.1251203125,Leaf Variegation
augmented_Leaf Variegation0188.jpg,126.6186375,141.9084109375,114.4452078125,57.49765993540806,0.096496875,Leaf Variegation
augmented_Leaf Variegation0189.jpg,174.286775,191.7354203125,162.0052234375,61.333287006633576,0.0970375,Leaf Variegation
augmented_Leaf Variegation0190.jpg,166.3245640625,183.6827625,153.885159375,62.714776510615444,0.0963890625,Leaf Variegation
augmented_Leaf Variegation0191.jpg,139.3902234375,156.03235,127.05041875,61.77054450988586,0.1001703125,Leaf Variegation
augmented_Leaf Variegation0192.jpg,139.3902234375,156.03235,127.05041875,61.77054450988586,0.1001703125,Leaf Variegation
augmented_Leaf Variegation0193.jpg,130.1443921875,146.28640625,124.50681875,63.417916504494876,0.3606671875,Leaf Variegation
augmented_Leaf Variegation0194.jpg,139.41878125,156.0342640625,127.0510703125,61.75436086875197,0.100840625,Leaf Variegation
augmented_Leaf Variegation0195.jpg,159.896728125,175.934684375,150.9195,72.16748040353339,0.092553125,Leaf Variegation
augmented_Leaf Variegation0196.jpg,156.53024375,173.0849328125,147.2655515625,70.77593721286304,0.0949625,Leaf Variegation
augmented_Leaf Variegation0197.jpg,154.1565515625,168.282515625,142.41105,66.90474055041686,0.0989421875,Leaf Variegation
augmented_Leaf Variegation0198.jpg,138.5024125,155.13410625,126.0919703125,61.765178541034736,0.0980328125,Leaf Variegation
augmented_Leaf Variegation0199.jpg,138.5048203125,155.13776875,126.0683,61.68576482159397,0.0951703125,Leaf Variegation
augmented_Leaf Variegation0200.jpg,138.507425,155.130459375,126.0888671875,61.80471096910168,0.0995375,Leaf Variegation
augmented_Leaf Variegation0201.jpg,138.605871875,155.2270390625,126.1809234375,61.84828879692448,0.100159375,Leaf Variegation
augmented_Leaf Variegation0202.jpg,138.5255296875,155.1566703125,126.099540625,61.74351308878457,0.0971296875,Leaf Variegation
augmented_Leaf Variegation0203.jpg,96.291903125,108.056471875,82.555153125,43.52720824247436,0.05725625,Leaf Variegation
augmented_Leaf Variegation0204.jpg,138.172359375,153.1582046875,119.7584328125,61.13496926206467,0.0728421875,Leaf Variegation
augmented_Leaf Variegation0205.jpg,96.054378125,108.006384375,82.3852046875,43.42623831200718,0.0572578125,Leaf Variegation
augmented_Leaf Variegation0206.jpg,138.19526875,153.184953125,119.7921453125,61.10679751658892,0.0728890625,Leaf Variegation
augmented_Leaf Variegation0207.jpg,127.0971125,143.1560734375,116.789390625,62.121159083523594,0.35801875,Leaf Variegation
augmented_Leaf Variegation0208.jpg,138.1955796875,153.1814546875,119.776840625,61.07539932848852,0.072803125,Leaf Variegation
augmented_Leaf Variegation0209.jpg,163.812778125,177.460803125,150.0041390625,67.1090664918108,0.067415625,Leaf Variegation
augmented_Leaf Variegation0210.jpg,163.29636875,176.982728125,149.5274359375,67.07227386430856,0.067478125,Leaf Variegation
augmented_Leaf Variegation0211.jpg,151.167790625,165.205428125,134.53739375,67.8594647390071,0.0743625,Leaf Variegation
augmented_Leaf Variegation0212.jpg,151.167790625,165.205428125,134.53739375,67.8594647390071,0.0743625,Leaf Variegation
augmented_Leaf Variegation0213.jpg,137.28226875,152.28849375,118.8035515625,61.19815831462566,0.0745859375,Leaf Variegation
augmented_Leaf Variegation0214.jpg,78.2525375,95.7765484375,75.98625625,33.022494551747485,0.0321484375,Leaf Variegation
augmented_Leaf Variegation0215.jpg,133.6654046875,159.574734375,130.5653625,56.53947436878825,0.0623828125,Leaf Variegation
augmented_Leaf Variegation0216.jpg,133.6701734375,159.5767140625,130.5657375,56.544374398268424,0.0625015625,Leaf Variegation
augmented_Leaf Variegation0217.jpg,158.0366328125,179.2750421875,155.8669609375,64.2783034261607,0.054571875,Leaf Variegation
augmented_Leaf Variegation0218.jpg,159.1124984375,180.0818421875,157.1661828125,64.77437938320544,0.0545359375,Leaf Variegation
augmented_Leaf Variegation0219.jpg,146.8687375,171.1001453125,144.22363125,61.46349909930567,0.0528859375,Leaf Variegation
augmented_Leaf Variegation0220.jpg,146.8687375,171.1001453125,144.22363125,61.46349909930567,0.0528859375,Leaf Variegation
augmented_Leaf Variegation0221.jpg,132.77951875,158.6739109375,129.65045,56.66111688043967,0.0650203125,Leaf Variegation
augmented_Leaf Variegation0222.jpg,132.753128125,158.6572171875,129.613096875,56.62731099596708,0.0682296875,Leaf Variegation
augmented_Leaf Variegation0223.jpg,178.70196875,199.946365625,169.2406546875,45.62621981995214,0.146578125,Leaf Variegation
augmented_Leaf Variegation0224.jpg,130.7521109375,149.534634375,120.739140625,50.10628554465722,0.1445703125,Leaf Variegation
augmented_Leaf Variegation0225.jpg,130.7521109375,149.534634375,120.739140625,50.10628554465722,0.1445703125,Leaf Variegation
augmented_Leaf Variegation0226.jpg,130.7521109375,149.534634375,120.739140625,50.10628554465722,0.1445703125,Leaf Variegation
augmented_Leaf Variegation0227.jpg,130.7521109375,149.534634375,120.739140625,50.10628554465722,0.1445703125,Leaf Variegation
augmented_Leaf Variegation0228.jpg,124.5721390625,143.8430671875,117.7626203125,54.12568373736162,0.3609046875,Leaf Variegation
augmented_Leaf Variegation0229.jpg,124.5191078125,143.8014078125,117.7516015625,54.20728393253386,0.3603671875,Leaf Variegation
augmented_Leaf Variegation0230.jpg,124.4549921875,143.818771875,117.78031875,54.15286990689807,0.3601234375,Leaf Variegation
augmented_Leaf Variegation0231.jpg,130.72115625,149.50479375,120.7038765625,49.929402719288,0.143240625,Leaf Variegation
augmented_Leaf Variegation0232.jpg,130.72115625,149.50479375,120.7038765625,49.929402719288,0.143240625,Leaf Variegation
augmented_Leaf Variegation0233.jpg,130.72115625,149.50479375,120.7038765625,49.929402719288,0.143240625,Leaf Variegation
augmented_Leaf Variegation0234.jpg,130.72115625,149.50479375,120.7038765625,49.929402719288,0.143240625,Leaf Variegation
augmented_Leaf Variegation0235.jpg,141.5414296875,161.6635828125,136.94236875,66.69468357440377,0.36314375,Leaf Variegation
augmented_Leaf Variegation0236.jpg,145.8036,169.803871875,134.0068171875,63.89276482170022,0.1026328125,Leaf Variegation
augmented_Leaf Variegation0237.jpg,145.8036,169.803871875,134.0068171875,63.89276482170022,0.1026328125,Leaf Variegation
augmented_Leaf Variegation0238.jpg,145.8036,169.803871875,134.0068171875,63.89276482170022,0.1026328125,Leaf Variegation
augmented_Leaf Variegation0239.jpg,165.2434625,184.7746265625,157.1932578125,72.09674103611542,0.0799328125,Leaf Variegation
augmented_Leaf Variegation0240.jpg,165.0758453125,184.60743125,157.10736875,72.09179101090388,0.0802953125,Leaf Variegation
augmented_Leaf Variegation0241.jpg,155.1485,177.51683125,144.9112,67.06056624118146,0.091009375,Leaf Variegation
augmented_Leaf Variegation0242.jpg,144.8173515625,168.8606515625,132.9703421875,63.856752327401416,0.0980640625,Leaf Variegation
augmented_Leaf Variegation0243.jpg,144.80454375,168.8570140625,132.9921234375,63.900637910861114,0.0993296875,Leaf Variegation
augmented_Leaf Variegation0244.jpg,95.1324828125,111.0415375,80.1956390625,43.42681526550544,0.106178125,Leaf Variegation
augmented_Leaf Variegation0245.jpg,138.937778125,159.0966765625,117.7825234375,63.019451983958085,0.1517015625,Leaf Variegation
augmented_Leaf Variegation0246.jpg,138.937778125,159.0966765625,117.7825234375,63.019451983958085,0.1517015625,Leaf Variegation
augmented_Leaf Variegation0247.jpg,134.880671875,153.1861953125,121.0185015625,65.28370561255952,0.3641484375,Leaf Variegation
augmented_Leaf Variegation0248.jpg,138.94144375,159.0671984375,117.7388359375,62.97989240649667,0.1507296875,Leaf Variegation
augmented_Leaf Variegation0249.jpg,138.94144375,159.0671984375,117.7388359375,62.97989240649667,0.1507296875,Leaf Variegation
augmented_Leaf Variegation0250.jpg,159.44646875,178.570415625,141.5422140625,65.8943661557902,0.1183359375,Leaf Variegation
augmented_Leaf Variegation0251.jpg,154.9471875,174.3010671875,136.4619828125,65.9686812487133,0.12353125,Leaf Variegation
augmented_Leaf Variegation0252.jpg,150.90730625,168.5464421875,130.4783953125,67.37466465058934,0.14176875,Leaf Variegation
augmented_Leaf Variegation0253.jpg,137.97893125,158.1251375,116.7303671875,63.02356509375262,0.14914375,Leaf Variegation
augmented_Leaf Variegation0254.jpg,179.241465625,215.074090625,166.445496875,50.06551219982707,0.11464375,Leaf Variegation
augmented_Leaf Variegation0255.jpg,116.0091328125,145.31445,104.1703875,45.081023106191516,0.0907171875,Leaf Variegation
augmented_Leaf Variegation0256.jpg,157.568753125,192.691615625,144.5204375,51.506132481393486,0.124134375,Leaf Variegation
augmented_Leaf Variegation0257.jpg,129.638034375,161.6323734375,117.1833234375,49.08551951825398,0.1028953125,Leaf Variegation
augmented_Leaf Variegation0258.jpg,129.638034375,161.6323734375,117.1833234375,49.08551951825398,0.1028953125,Leaf Variegation
augmented_Leaf Variegation0259.jpg,125.6961296875,155.18196875,117.1971921875,54.70522852570717,0.36335625,Leaf Variegation
augmented_Leaf Variegation0260.jpg,125.796746875,155.2958859375,117.2155265625,54.764139130560295,0.36246875,Leaf Variegation
augmented_Leaf Variegation0261.jpg,125.702828125,155.16309375,117.179103125,54.7277054170163,0.3624859375,Leaf Variegation
augmented_Leaf Variegation0262.jpg,129.6073171875,161.597659375,117.15550625,49.054231526773734,0.1019609375,Leaf Variegation
augmented_Leaf Variegation0263.jpg,129.6073171875,161.597659375,117.15550625,49.054231526773734,0.1019609375,Leaf Variegation
augmented_Leaf Variegation0264.jpg,129.6073171875,161.597659375,117.15550625,49.054231526773734,0.1019609375,Leaf Variegation
augmented_Leaf Variegation0265.jpg,154.1920125,181.8406875,143.23211875,59.35043262385792,0.0782046875,Leaf Variegation
augmented_Leaf Variegation0266.jpg,147.7718375,176.8978171875,136.5710171875,57.46919490412169,0.080296875,Leaf Variegation
augmented_Leaf Variegation0267.jpg,140.358778125,169.2995546875,128.7046703125,57.061473292084564,0.0938765625,Leaf Variegation
augmented_Leaf Variegation0268.jpg,159.1277328125,192.7153203125,155.4307421875,52.76963470777953,0.12329375,Leaf Variegation
augmented_Leaf Variegation0269.jpg,140.5884984375,172.62350625,136.2195234375,50.02361499980395,0.1133046875,Leaf Variegation
augmented_Leaf Variegation0270.jpg,136.5914859375,164.6412484375,135.627571875,57.098285607690045,0.3642671875,Leaf Variegation
augmented_Leaf Variegation0271.jpg,136.515059375,164.7299625,135.593234375,57.13783940916986,0.36319375,Leaf Variegation
augmented_Leaf Variegation0272.jpg,182.6650109375,199.438209375,162.1197890625,75.58523291088243,0.0738453125,Leaf Variegation
augmented_Leaf Variegation0273.jpg,145.5054609375,165.7358140625,127.20185,70.9879148929632,0.0589953125,Leaf Variegation
augmented_Leaf Variegation0274.jpg,151.8698578125,172.011903125,133.316921875,72.79190219531735,0.0622328125,Leaf Variegation
augmented_Leaf Variegation0275.jpg,149.7839328125,169.9691578125,131.0576078125,72.29404162233152,0.0611,Leaf Variegation
augmented_Leaf Variegation0276.jpg,149.7839328125,169.9691578125,131.0576078125,72.29404162233152,0.0611,Leaf Variegation
augmented_Leaf Variegation0277.jpg,149.7839328125,169.9691578125,131.0576078125,72.29404162233152,0.0611,Leaf Variegation
augmented_Leaf Variegation0278.jpg,138.624578125,153.2341015625,128.92004375,73.0748385953291,0.3650859375,Leaf Variegation
augmented_Leaf Variegation0279.jpg,149.8073765625,170.0166796875,131.088975,72.25968071379668,0.061534375,Leaf Variegation
augmented_Leaf Variegation0280.jpg,168.798628125,181.2273125,152.8707015625,82.15342894853663,0.0646421875,Leaf Variegation
augmented_Leaf Variegation0281.jpg,165.6389609375,179.07275,149.41611875,80.98863813427478,0.0640203125,Leaf Variegation
augmented_Leaf Variegation0282.jpg,163.2763671875,182.561909375,146.985796875,72.40352989913592,0.053525,Leaf Variegation
augmented_Leaf Variegation0283.jpg,163.2763671875,182.561909375,146.985796875,72.40352989913592,0.053525,Leaf Variegation
augmented_Leaf Variegation0284.jpg,148.9013234375,169.138646875,130.1625546875,72.37260995828207,0.0617734375,Leaf Variegation
augmented_Leaf Variegation0285.jpg,140.00995,170.8021640625,130.4568484375,48.310818370209915,0.1399609375,Leaf Variegation
augmented_Leaf Variegation0286.jpg,157.440459375,190.1479234375,147.992753125,50.814569664827616,0.153159375,Leaf Variegation
augmented_Leaf Variegation0287.jpg,146.7232484375,178.6161,137.0720671875,49.607273635590424,0.1446140625,Leaf Variegation
augmented_Leaf Variegation0288.jpg,146.7232484375,178.6161,137.0720671875,49.607273635590424,0.1446140625,Leaf Variegation
augmented_Leaf Variegation0289.jpg,140.2297765625,167.8800640625,135.104478125,57.37780536214732,0.36564375,Leaf Variegation
augmented_Leaf Variegation0290.jpg,145.759353125,177.7145859375,136.0467640625,49.55287453442643,0.1346453125,Leaf Variegation
augmented_Leaf Variegation0291.jpg,145.7583328125,177.695309375,136.0479234375,49.58909722541456,0.1359,Leaf Variegation
augmented_Leaf Variegation0292.jpg,145.7454484375,177.6888875,136.064475,49.68119047268494,0.139196875,Leaf Variegation
augmented_Leaf Variegation0293.jpg,151.7917515625,166.1922015625,117.1117796875,52.53065445155236,0.07760625,Leaf Variegation
augmented_Leaf Variegation0294.jpg,151.7917515625,166.1922015625,117.1117796875,52.53065445155236,0.07760625,Leaf Variegation
augmented_Leaf Variegation0295.jpg,167.3800921875,181.5835484375,137.497996875,57.70298905772904,0.066746875,Leaf Variegation
augmented_Leaf Variegation0296.jpg,171.2987796875,185.087990625,142.2526734375,58.47514943161534,0.06544375,Leaf Variegation
augmented_Leaf Variegation0297.jpg,167.356109375,182.3770328125,135.1829296875,51.204060469230676,0.0777578125,Leaf Variegation
augmented_Leaf Variegation0298.jpg,167.356109375,182.3770328125,135.1829296875,51.204060469230676,0.0777578125,Leaf Variegation
augmented_Leaf Variegation0299.jpg,167.356109375,182.3770328125,135.1829296875,51.204060469230676,0.0777578125,Leaf Variegation
augmented_Leaf Variegation0300.jpg,150.8858453125,165.2732546875,116.1557234375,52.50381482715601,0.0761703125,Leaf Variegation
augmented_Leaf Variegation0301.jpg,150.841696875,165.1819671875,116.1017265625,52.4824964846162,0.074090625,Leaf Variegation
augmented_Leaf Variegation0302.jpg,173.65483125,199.3383609375,159.64755625,45.28897231224891,0.094628125,Leaf Variegation
augmented_Leaf Variegation0303.jpg,157.0677484375,181.9498671875,143.3972890625,44.429132826072966,0.090271875,Leaf Variegation
augmented_Leaf Variegation0304.jpg,123.1350609375,144.57745,111.7258203125,35.370091765771804,0.0738421875,Leaf Variegation
augmented_Leaf Variegation0305.jpg,161.7564609375,186.96138125,147.8043265625,44.89450094506112,0.09176875,Leaf Variegation
augmented_Leaf Variegation0306.jpg,161.7564609375,186.96138125,147.8043265625,44.89450094506112,0.09176875,Leaf Variegation
augmented_Leaf Variegation0307.jpg,161.7564609375,186.96138125,147.8043265625,44.89450094506112,0.09176875,Leaf Variegation
augmented_Leaf Variegation0308.jpg,161.7564609375,186.96138125,147.8043265625,44.89450094506112,0.09176875,Leaf Variegation
augmented_Leaf Variegation0309.jpg,152.1662453125,174.5160015625,144.021365625,55.5929351261983,0.3609625,Leaf Variegation
augmented_Leaf Variegation0310.jpg,161.7622109375,186.9679640625,147.8083734375,44.91096722723854,0.091784375,Leaf Variegation
augmented_Leaf Variegation0311.jpg,161.7622109375,186.9679640625,147.8083734375,44.91096722723854,0.091784375,Leaf Variegation
augmented_Leaf Variegation0312.jpg,164.963815625,190.0683140625,152.7034671875,46.857402334181245,0.0830671875,Leaf Variegation
augmented_Leaf Variegation0313.jpg,179.8189734375,201.6154703125,171.1942640625,52.483610066634704,0.073540625,Leaf Variegation
augmented_Leaf Variegation0314.jpg,171.7361296875,194.1794765625,158.8624171875,49.78416469075131,0.0853453125,Leaf Variegation
augmented_Leaf Variegation0315.jpg,171.7361296875,194.1794765625,158.8624171875,49.78416469075131,0.0853453125,Leaf Variegation
augmented_Leaf Variegation0316.jpg,160.7938359375,186.0424765625,146.823996875,45.04046031581936,0.097878125,Leaf Variegation
augmented_Leaf Variegation0317.jpg,160.8078046875,186.0565828125,146.8469546875,45.05667741536721,0.0973234375,Leaf Variegation
augmented_Leaf Variegation0318.jpg,160.694603125,186.069334375,146.8953359375,45.073203492055455,0.0979171875,Leaf Variegation
augmented_Leaf Variegation0319.jpg,160.7971890625,186.0450515625,146.8300640625,45.04183848855096,0.09600625,Leaf Variegation
augmented_Leaf Variegation0320.jpg,174.5633265625,188.398990625,150.5551015625,61.38152694171532,0.032271875,Leaf Variegation
augmented_Leaf Variegation0321.jpg,144.7588296875,157.887059375,119.1085578125,56.92265862970059,0.0446421875,Leaf Variegation
augmented_Leaf Variegation0322.jpg,136.617421875,151.84088125,119.258209375,61.439202812090144,0.3552546875,Leaf Variegation
augmented_Leaf Variegation0323.jpg,144.75650625,157.86771875,119.120571875,56.94489071835017,0.0444,Leaf Variegation
augmented_Leaf Variegation0324.jpg,165.3822546875,177.4471359375,139.7501484375,60.228411821267585,0.048396875,Leaf Variegation
augmented_Leaf Variegation0325.jpg,157.81199375,169.662390625,133.2786125,61.9745011591007,0.044478125,Leaf Variegation
augmented_Leaf Variegation0326.jpg,157.81199375,169.662390625,133.2786125,61.9745011591007,0.044478125,Leaf Variegation
augmented_Leaf Variegation0327.jpg,143.74565625,157.01446875,118.177809375,56.97798916568434,0.0459921875,Leaf Variegation
augmented_Leaf Variegation0328.jpg,143.64526875,156.895478125,118.0997984375,56.992404276316236,0.045234375,Leaf Variegation
augmented_Leaf Variegation0329.jpg,143.720203125,156.980465625,118.1516453125,56.97296596024312,0.0458671875,Leaf Variegation
augmented_Leaf Variegation0330.jpg,95.1103890625,112.5791640625,81.7317796875,23.00217696128561,0.0540796875,Leaf Variegation
augmented_Leaf Variegation0331.jpg,209.6426171875,236.5296765625,193.2558578125,35.558137791265096,0.0807,Leaf Variegation
augmented_Leaf Variegation0332.jpg,164.2063328125,190.58938125,142.7695125,39.53123220558515,0.120028125,Leaf Variegation
augmented_Leaf Variegation0333.jpg,164.2063328125,190.58938125,142.7695125,39.53123220558515,0.120028125,Leaf Variegation
augmented_Leaf Variegation0334.jpg,155.1823671875,182.14323125,142.0501859375,51.44956607021022,0.3632125,Leaf Variegation
augmented_Leaf Variegation0335.jpg,155.1395578125,182.1557890625,142.0876875,51.42256041424653,0.3632765625,Leaf Variegation
augmented_Leaf Variegation0336.jpg,164.2173984375,190.574684375,142.7861984375,39.61986669901149,0.122190625,Leaf Variegation
augmented_Leaf Variegation0337.jpg,164.2173984375,190.574684375,142.7861984375,39.61986669901149,0.122190625,Leaf Variegation
augmented_Leaf Variegation0338.jpg,167.5760015625,193.24094375,147.8240265625,42.90030902050886,0.111975,Leaf Variegation
augmented_Leaf Variegation0339.jpg,173.081290625,196.69194375,153.2925421875,43.449033948630834,0.1115703125,Leaf Variegation
augmented_Leaf Variegation0340.jpg,173.081290625,196.69194375,153.2925421875,43.449033948630834,0.1115703125,Leaf Variegation
augmented_Leaf Variegation0341.jpg,163.31545,189.64830625,141.7867296875,39.50555925045142,0.117478125,Leaf Variegation
augmented_Leaf Variegation0342.jpg,163.3138984375,189.639084375,141.76409375,39.46817544504455,0.1166390625,Leaf Variegation
augmented_Leaf Variegation0343.jpg,163.319146875,189.6467234375,141.7731625,39.4312371959548,0.1123421875,Leaf Variegation
augmented_Leaf Variegation0344.jpg,163.315875,189.6363984375,141.762396875,39.441335891232185,0.11554375,Leaf Variegation
augmented_Leaf Variegation0345.jpg,179.1149890625,198.11685625,165.08635,54.9340449927794,0.046490625,Leaf Variegation
augmented_Leaf Variegation0346.jpg,138.8009875,158.701646875,121.7582046875,53.12257755625844,0.071621875,Leaf Variegation
augmented_Leaf Variegation0347.jpg,132.606353125,152.5288015625,121.328675,58.79267074071904,0.3577984375,Leaf Variegation
augmented_Leaf Variegation0348.jpg,132.5549671875,152.4465828125,121.3065390625,58.8000282554729,0.3565390625,Leaf Variegation
augmented_Leaf Variegation0349.jpg,132.6265890625,152.5732390625,121.3184734375,58.796617598408055,0.3558421875,Leaf Variegation
augmented_Leaf Variegation0350.jpg,132.706896875,152.5081046875,121.3754640625,58.839651287059894,0.3563234375,Leaf Variegation
augmented_Leaf Variegation0351.jpg,132.646759375,152.5225171875,121.3281015625,58.80174593824302,0.3569015625,Leaf Variegation
augmented_Leaf Variegation0352.jpg,132.5757046875,152.4998515625,121.325884375,58.806109726731144,0.3565515625,Leaf Variegation
augmented_Leaf Variegation0353.jpg,138.799253125,158.6864890625,121.7584875,53.1898316156488,0.0729921875,Leaf Variegation
augmented_Leaf Variegation0354.jpg,166.5461296875,185.114071875,151.44795,61.05577257083863,0.06976875,Leaf Variegation
augmented_Leaf Variegation0355.jpg,169.3925859375,187.6492765625,154.3099,60.90122716532224,0.0703484375,Leaf Variegation
augmented_Leaf Variegation0356.jpg,149.90415625,169.79076875,133.6523390625,57.921922403081496,0.0679109375,Leaf Variegation
augmented_Leaf Variegation0357.jpg,150.853109375,170.51043125,134.48744375,60.29657875457471,0.0721625,Leaf Variegation
augmented_Leaf Variegation0358.jpg,137.8617484375,157.7454453125,120.751475,53.14095784620013,0.071528125,Leaf Variegation
augmented_Leaf Variegation0359.jpg,104.078146875,114.4559015625,80.7397734375,39.64852526681712,0.0127703125,Leaf Variegation
augmented_Leaf Variegation0360.jpg,83.3482625,92.874759375,64.6043734375,31.532418723659763,0.007409375,Leaf Variegation
augmented_Leaf Variegation0361.jpg,131.7212046875,143.32733125,102.692709375,49.8368393533667,0.017334375,Leaf Variegation
augmented_Leaf Variegation0362.jpg,131.7212046875,143.32733125,102.692709375,49.8368393533667,0.017334375,Leaf Variegation
augmented_Leaf Variegation0363.jpg,131.7212046875,143.32733125,102.692709375,49.8368393533667,0.017334375,Leaf Variegation
augmented_Leaf Variegation0364.jpg,131.7212046875,143.32733125,102.692709375,49.8368393533667,0.017334375,Leaf Variegation
augmented_Leaf Variegation0365.jpg,127.03989375,138.4989890625,103.3635390625,55.3249817855496,0.349296875,Leaf Variegation
augmented_Leaf Variegation0366.jpg,127.0189015625,138.4139703125,103.3884921875,55.385987498954776,0.3509921875,Leaf Variegation
augmented_Leaf Variegation0367.jpg,131.7414546875,143.3534828125,102.71589375,49.874781371989464,0.01764375,Leaf Variegation
augmented_Leaf Variegation0368.jpg,138.049596875,149.8488296875,110.067428125,56.16345761770529,0.017771875,Leaf Variegation
augmented_Leaf Variegation0369.jpg,159.25323125,170.994115625,135.042259375,69.81612374606715,0.020084375,Leaf Variegation
augmented_Leaf Variegation0370.jpg,144.496690625,155.608865625,117.2109,60.39480314017834,0.0179953125,Leaf Variegation
augmented_Leaf Variegation0371.jpg,144.496690625,155.608865625,117.2109,60.39480314017834,0.0179953125,Leaf Variegation
augmented_Leaf Variegation0372.jpg,130.809478125,142.4513609375,101.751834375,49.931883762525665,0.0182109375,Leaf Variegation
augmented_Leaf Variegation0373.jpg,130.7967546875,142.43001875,101.7424953125,49.92252275006594,0.0184859375,Leaf Variegation
augmented_Leaf Variegation0374.jpg,130.7980984375,142.4381625,101.7449953125,49.92874249247465,0.0184765625,Leaf Variegation
augmented_Leaf Variegation0375.jpg,155.1178953125,172.9874453125,131.4381,51.723258697023866,0.039628125,Leaf Variegation
augmented_Leaf Variegation0376.jpg,133.13455625,148.2764234375,110.8171046875,46.058008297665765,0.036765625,Leaf Variegation
augmented_Leaf Variegation0377.jpg,176.4177078125,194.580403125,154.083825,52.72442897822378,0.030178125,Leaf Variegation
augmented_Leaf Variegation0378.jpg,140.28451875,156.4000796875,117.3376609375,48.39205177646524,0.0384515625,Leaf Variegation
augmented_Leaf Variegation0379.jpg,140.28451875,156.4000796875,117.3376609375,48.39205177646524,0.0384515625,Leaf Variegation
augmented_Leaf Variegation0380.jpg,134.878225,153.0279625,117.4816671875,54.77758389386595,0.353625,Leaf Variegation
augmented_Leaf Variegation0381.jpg,140.3003171875,156.435371875,117.362325,48.38141395531657,0.037259375,Leaf Variegation
augmented_Leaf Variegation0382.jpg,140.3003171875,156.435371875,117.362325,48.38141395531657,0.037259375,Leaf Variegation
augmented_Leaf Variegation0383.jpg,147.2705515625,163.3176265625,125.4802125,53.14263392603953,0.03833125,Leaf Variegation
augmented_Leaf Variegation0384.jpg,166.24720625,182.7730578125,148.3492984375,60.59817509612171,0.0396046875,Leaf Variegation
augmented_Leaf Variegation0385.jpg,151.664703125,167.4530671875,130.6018625,55.256155426411205,0.0387046875,Leaf Variegation
augmented_Leaf Variegation0386.jpg,140.88243125,166.5474828125,121.887303125,37.357084222080594,0.0373640625,Leaf Variegation
augmented_Leaf Variegation0387.jpg,152.2234328125,166.5463265625,141.2660515625,70.28275664158731,0.076915625,Leaf Variegation
augmented_Leaf Variegation0388.jpg,141.46755,152.2261515625,120.2308765625,59.033810236614684,0.0769109375,Leaf Variegation
augmented_Leaf Variegation0389.jpg,141.46755,152.2261515625,120.2308765625,59.033810236614684,0.0769109375,Leaf Variegation
augmented_Leaf Variegation0390.jpg,141.46755,152.2261515625,120.2308765625,59.033810236614684,0.0769109375,Leaf Variegation
augmented_Leaf Variegation0391.jpg,141.46755,152.2261515625,120.2308765625,59.033810236614684,0.0769109375,Leaf Variegation
augmented_Leaf Variegation0392.jpg,141.46755,152.2261515625,120.2308765625,59.033810236614684,0.0769109375,Leaf Variegation
augmented_Leaf Variegation0393.jpg,162.239140625,174.6252265625,144.759203125,66.42424607527836,0.0762578125,Leaf Variegation
augmented_Leaf Variegation0394.jpg,152.217734375,162.6889015625,132.4190671875,62.74313245954051,0.0776921875,Leaf Variegation
augmented_Leaf Variegation0395.jpg,152.217734375,162.6889015625,132.4190671875,62.74313245954051,0.0776921875,Leaf Variegation
augmented_Leaf Variegation0396.jpg,140.6319359375,151.3712078125,119.274521875,59.08832211719488,0.0756484375,Leaf Variegation
augmented_Leaf Variegation0397.jpg,140.6018296875,151.315796875,119.2165890625,59.024606400528434,0.075253125,Leaf Variegation
augmented_Leaf Variegation0398.jpg,140.613171875,151.361475,119.2703265625,59.06144712752689,0.07551875,Leaf Variegation
augmented_Leaf Variegation0399.jpg,131.5243375,147.2515296875,119.2161078125,63.34222957861153,0.08574375,Leaf Variegation
augmented_Leaf Variegation0400.jpg,102.245246875,115.444540625,91.83113125,49.26052650045817,0.0685484375,Leaf Variegation
augmented_Leaf Variegation0401.jpg,136.96254375,153.6155046875,125.05201875,64.46861296863389,0.0865328125,Leaf Variegation
augmented_Leaf Variegation0402.jpg,136.96254375,153.6155046875,125.05201875,64.46861296863389,0.0865328125,Leaf Variegation
augmented_Leaf Variegation0403.jpg,123.078671875,141.4724515625,117.8064265625,63.71611626272092,0.35848125,Leaf Variegation
augmented_Leaf Variegation0404.jpg,122.9979828125,141.3231796875,117.7385421875,63.74175354006954,0.3587703125,Leaf Variegation
augmented_Leaf Variegation0405.jpg,123.0565875,141.3797625,117.7362828125,63.76792166815518,0.358509375,Leaf Variegation
augmented_Leaf Variegation0406.jpg,136.953709375,153.62689375,125.0710921875,64.48618725401036,0.087084375,Leaf Variegation
augmented_Leaf Variegation0407.jpg,136.953709375,153.62689375,125.0710921875,64.48618725401036,0.087084375,Leaf Variegation
augmented_Leaf Variegation0408.jpg,136.953709375,153.62689375,125.0710921875,64.48618725401036,0.087084375,Leaf Variegation
augmented_Leaf Variegation0409.jpg,153.07894375,168.8296296875,142.504840625,70.25908630812876,0.0828828125,Leaf Variegation
augmented_Leaf Variegation0410.jpg,144.71294375,161.054221875,133.6219828125,68.13050826045715,0.0823859375,Leaf Variegation
augmented_Leaf Variegation0411.jpg,150.4431625,167.0666265625,140.285759375,69.16174892380651,0.087521875,Leaf Variegation
augmented_Leaf Variegation0412.jpg,150.4431625,167.0666265625,140.285759375,69.16174892380651,0.087521875,Leaf Variegation
augmented_Leaf Variegation0413.jpg,136.117009375,152.7831796875,124.0011515625,64.48484514130347,0.085040625,Leaf Variegation
augmented_Leaf Variegation0414.jpg,136.1238609375,152.82034375,124.01115625,64.520142313711,0.0851890625,Leaf Variegation
augmented_Leaf Variegation0415.jpg,136.0986109375,152.7934421875,124.1317296875,64.41762899115935,0.0820546875,Leaf Variegation
augmented_Leaf Variegation0416.jpg,185.5093609375,213.177609375,174.7126671875,44.873943649343666,0.0647578125,Leaf Variegation
augmented_Leaf Variegation0417.jpg,99.4495484375,118.200709375,90.9498859375,32.77758331122621,0.035121875,Leaf Variegation
augmented_Leaf Variegation0418.jpg,81.104271875,97.46024375,73.8477890625,26.545725440723132,0.024665625,Leaf Variegation
augmented_Leaf Variegation0419.jpg,138.8212421875,162.855228125,127.28760625,45.486112472068626,0.05979375,Leaf Variegation
augmented_Leaf Variegation0420.jpg,138.8212421875,162.855228125,127.28760625,45.486112472068626,0.05979375,Leaf Variegation
augmented_Leaf Variegation0421.jpg,138.8212421875,162.855228125,127.28760625,45.486112472068626,0.05979375,Leaf Variegation
augmented_Leaf Variegation0422.jpg,138.8212421875,162.855228125,127.28760625,45.486112472068626,0.05979375,Leaf Variegation
augmented_Leaf Variegation0423.jpg,133.7470765625,158.106196875,125.6955671875,52.265327997758426,0.357365625,Leaf Variegation
augmented_Leaf Variegation0424.jpg,138.7917203125,162.8191828125,127.261875,45.427784054918135,0.05838125,Leaf Variegation
augmented_Leaf Variegation0425.jpg,146.1715171875,168.952028125,134.9822484375,49.735769049290624,0.058128125,Leaf Variegation
augmented_Leaf Variegation0426.jpg,157.5605359375,177.7783265625,146.9701234375,55.48953280844513,0.0566109375,Leaf Variegation
augmented_Leaf Variegation0427.jpg,167.262846875,185.02135625,157.703540625,59.67576701048709,0.0549125,Leaf Variegation
augmented_Leaf Variegation0428.jpg,146.585759375,169.2594484375,135.4127515625,50.01312611315679,0.0575890625,Leaf Variegation
augmented_Leaf Variegation0429.jpg,154.00803125,174.9964890625,143.07669375,53.77103921394397,0.05731875,Leaf Variegation
augmented_Leaf Variegation0430.jpg,147.0450140625,169.25645,136.667225,52.64659723870807,0.0554140625,Leaf Variegation
augmented_Leaf Variegation0431.jpg,147.0450140625,169.25645,136.667225,52.64659723870807,0.0554140625,Leaf Variegation
augmented_Leaf Variegation0432.jpg,137.8370828125,161.8551875,126.2457265625,45.495102554735446,0.0598625,Leaf Variegation
augmented_Leaf Variegation0433.jpg,137.8535328125,161.8613125,126.265684375,45.47184345731778,0.0562765625,Leaf Variegation
augmented_Leaf Variegation0434.jpg,117.2222,125.1252453125,76.47566875,26.4386770730808,0.0651546875,Leaf Variegation
augmented_Leaf Variegation0435.jpg,193.2166390625,221.1994515625,142.6440046875,38.945571886039396,0.1425609375,Leaf Variegation
augmented_Leaf Variegation0436.jpg,172.000853125,183.4897734375,115.5177640625,38.83069911386557,0.1251375,Leaf Variegation
augmented_Leaf Variegation0437.jpg,172.000853125,183.4897734375,115.5177640625,38.83069911386557,0.1251375,Leaf Variegation
augmented_Leaf Variegation0438.jpg,148.6102375,179.64186875,116.49350625,48.975711307337505,0.365909375,Leaf Variegation
augmented_Leaf Variegation0439.jpg,148.5179546875,179.6742421875,116.57171875,48.952567234817586,0.3659234375,Leaf Variegation
augmented_Leaf Variegation0440.jpg,172.045565625,183.50123125,115.5143734375,38.944754866727166,0.1268578125,Leaf Variegation
augmented_Leaf Variegation0441.jpg,172.045565625,183.50123125,115.5143734375,38.944754866727166,0.1268578125,Leaf Variegation
augmented_Leaf Variegation0442.jpg,176.14398125,190.337459375,133.7096140625,47.5064746556939,0.1142484375,Leaf Variegation
augmented_Leaf Variegation0443.jpg,174.8434875,188.847546875,130.1647,45.812107649006265,0.11478125,Leaf Variegation
augmented_Leaf Variegation0444.jpg,180.918025,195.153521875,144.928421875,51.98590780547293,0.11021875,Leaf Variegation
augmented_Leaf Variegation0445.jpg,175.78795,190.0542859375,132.883825,47.107965127217966,0.115309375,Leaf Variegation
augmented_Leaf Variegation0446.jpg,177.0413671875,191.3388046875,135.9479,48.55103129550866,0.11450625,Leaf Variegation
augmented_Leaf Variegation0447.jpg,184.2124890625,191.274371875,127.9960125,43.361445520432056,0.109721875,Leaf Variegation
augmented_Leaf Variegation0448.jpg,171.1959171875,182.5432765625,114.5364796875,38.82613715850653,0.122190625,Leaf Variegation
augmented_Leaf Variegation0449.jpg,171.1959828125,182.54933125,114.496153125,38.71264744327548,0.1172625,Leaf Variegation
augmented_Leaf Variegation0450.jpg,135.6073984375,151.8836515625,113.1859890625,67.18946978968785,0.0552,Leaf Variegation
augmented_Leaf Variegation0451.jpg,93.880134375,106.4794078125,77.729909375,45.84218734278936,0.0331171875,Leaf Variegation
augmented_Leaf Variegation0452.jpg,116.527225,130.8681859375,96.71634375,57.43845122380335,0.045425,Leaf Variegation
augmented_Leaf Variegation0453.jpg,146.1971546875,165.2639640625,124.808234375,71.87424784055999,0.05580625,Leaf Variegation
augmented_Leaf Variegation0454.jpg,127.4997203125,151.6970703125,124.6494390625,70.31583100048917,0.36185,Leaf Variegation
augmented_Leaf Variegation0455.jpg,146.231046875,165.2965484375,124.818425,71.82509246370435,0.0548828125,Leaf Variegation
augmented_Leaf Variegation0456.jpg,146.231046875,165.2965484375,124.818425,71.82509246370435,0.0548828125,Leaf Variegation
augmented_Leaf Variegation0457.jpg,149.9116078125,169.55286875,135.4643453125,76.82191786792467,0.0468390625,Leaf Variegation
augmented_Leaf Variegation0458.jpg,155.4959984375,173.3591421875,135.9978671875,75.03623631700283,0.0530609375,Leaf Variegation
augmented_Leaf Variegation0459.jpg,155.4959984375,173.3591421875,135.9978671875,75.03623631700283,0.0530609375,Leaf Variegation
augmented_Leaf Variegation0460.jpg,145.361971875,164.3784125,123.7645578125,72.00676997395475,0.0542515625,Leaf Variegation
augmented_Leaf Variegation0461.jpg,145.4170921875,164.39974375,123.78435,71.96859744093246,0.053859375,Leaf Variegation
augmented_Leaf Variegation0462.jpg,182.160378125,187.3137328125,158.8441046875,60.89446169031562,0.026453125,Leaf Variegation
augmented_Leaf Variegation0463.jpg,149.195515625,156.999578125,124.2697734375,63.46969297123164,0.039559375,Leaf Variegation
augmented_Leaf Variegation0464.jpg,138.262471875,145.4961265625,113.0917359375,61.04264270699224,0.03821875,Leaf Variegation
augmented_Leaf Variegation0465.jpg,128.436459375,139.211246875,112.7357796875,62.62413802150169,0.353859375,Leaf Variegation
augmented_Leaf Variegation0466.jpg,138.3151703125,145.5453046875,113.152503125,61.03715030451605,0.0385125,Leaf Variegation
augmented_Leaf Variegation0467.jpg,149.5038734375,159.824259375,128.5589046875,68.0264296616314,0.036059375,Leaf Variegation
augmented_Leaf Variegation0468.jpg,150.5911046875,159.5221125,127.909628125,67.85408883102943,0.038528125,Leaf Variegation
augmented_Leaf Variegation0469.jpg,137.407678125,144.6131703125,112.1139140625,61.10982832058072,0.0381484375,Leaf Variegation
augmented_Leaf Variegation0470.jpg,147.2615515625,164.8138734375,119.992709375,50.585866255779074,0.079203125,Leaf Variegation
augmented_Leaf Variegation0471.jpg,170.630228125,194.9160265625,145.7862875,55.783478855570166,0.086678125,Leaf Variegation
augmented_Leaf Variegation0472.jpg,161.559846875,182.51228125,134.270278125,54.92153599586974,0.0847859375,Leaf Variegation
augmented_Leaf Variegation0473.jpg,161.559846875,182.51228125,134.270278125,54.92153599586974,0.0847859375,Leaf Variegation
augmented_Leaf Variegation0474.jpg,139.2672,169.9620375,131.40325,60.06904652638801,0.3605703125,Leaf Variegation
augmented_Leaf Variegation0475.jpg,161.51891875,182.4820890625,134.267709375,54.89139857307877,0.0844515625,Leaf Variegation
augmented_Leaf Variegation0476.jpg,184.1896,199.27701875,158.1057234375,55.66856796194195,0.0709328125,Leaf Variegation
augmented_Leaf Variegation0477.jpg,175.969859375,192.55564375,148.14656875,55.266456301692365,0.0747765625,Leaf Variegation
augmented_Leaf Variegation0478.jpg,188.6801203125,203.225225,164.671621875,55.96501984160105,0.0693796875,Leaf Variegation
augmented_Leaf Variegation0479.jpg,175.52661875,192.263146875,147.675134375,55.238987808046055,0.07483125,Leaf Variegation
augmented_Leaf Variegation0480.jpg,167.52584375,187.394,143.628790625,58.954481315364916,0.0820375,Leaf Variegation
augmented_Leaf Variegation0481.jpg,160.721909375,181.5542109375,133.2507421875,54.91761898343148,0.07836875,Leaf Variegation
augmented_Leaf Variegation0482.jpg,160.737603125,181.5605359375,133.250825,54.9423600412729,0.0781421875,Leaf Variegation
augmented_Leaf Variegation0483.jpg,160.4406515625,186.61855625,154.651528125,56.26570380265509,0.1570484375,Leaf Variegation
augmented_Leaf Variegation0484.jpg,148.3688421875,172.905871875,140.9453375,55.02762298912069,0.159565625,Leaf Variegation
augmented_Leaf Variegation0485.jpg,169.062546875,196.01685625,164.4407453125,55.51757560386738,0.1530671875,Leaf Variegation
augmented_Leaf Variegation0486.jpg,111.18138125,131.13259375,105.155496875,41.227132397063464,0.1330578125,Leaf Variegation
augmented_Leaf Variegation0487.jpg,122.021078125,143.105809375,115.510965625,45.58621975519877,0.143540625,Leaf Variegation
augmented_Leaf Variegation0488.jpg,154.353984375,180.06888125,147.74385,56.00209299659657,0.1597171875,Leaf Variegation
augmented_Leaf Variegation0489.jpg,154.353984375,180.06888125,147.74385,56.00209299659657,0.1597171875,Leaf Variegation
augmented_Leaf Variegation0490.jpg,139.66558125,165.0754640625,140.3088109375,61.66297293627896,0.365459375,Leaf Variegation
augmented_Leaf Variegation0491.jpg,154.33311875,180.0362546875,147.73093125,56.06559807394894,0.1601109375,Leaf Variegation
augmented_Leaf Variegation0492.jpg,172.659228125,194.2038859375,164.4598359375,56.37839616552351,0.1465546875,Leaf Variegation
augmented_Leaf Variegation0493.jpg,167.6470875,190.0139296875,159.9826421875,58.57776158329468,0.159725,Leaf Variegation
augmented_Leaf Variegation0494.jpg,167.6470875,190.0139296875,159.9826421875,58.57776158329468,0.159725,Leaf Variegation
augmented_Leaf Variegation0495.jpg,153.531325,179.272596875,146.7715140625,55.88394730286616,0.154515625,Leaf Variegation
augmented_Leaf Variegation0496.jpg,153.49225,179.2683796875,146.7375046875,55.75772161135175,0.151209375,Leaf Variegation
augmented_Leaf Variegation0497.jpg,153.51373125,179.2768171875,146.7533828125,55.77688889617744,0.1509296875,Leaf Variegation
augmented_Leaf Variegation0498.jpg,180.3524765625,204.7709875,167.7427609375,44.42686321722642,0.1675890625,Leaf Variegation
augmented_Leaf Variegation0499.jpg,175.55808125,200.1823265625,163.01898125,44.84768315904054,0.1689390625,Leaf Variegation
augmented_Leaf Variegation0500.jpg,138.167990625,160.43340625,126.296484375,43.397468218987655,0.161621875,Leaf Variegation
augmented_Leaf Variegation0501.jpg,142.5642109375,165.243715625,130.4965,44.03801857103773,0.1635765625,Leaf Variegation
augmented_Leaf Variegation0502.jpg,142.5642109375,165.243715625,130.4965,44.03801857103773,0.1635765625,Leaf Variegation
augmented_Leaf Variegation0503.jpg,137.9606328125,159.8986046875,128.6532921875,51.35541088708034,0.3642453125,Leaf Variegation
augmented_Leaf Variegation0504.jpg,142.550296875,165.2060703125,130.4728484375,44.05229931412333,0.1627796875,Leaf Variegation
augmented_Leaf Variegation0505.jpg,142.550296875,165.2060703125,130.4728484375,44.05229931412333,0.1627796875,Leaf Variegation
augmented_Leaf Variegation0506.jpg,155.7658953125,176.47913125,145.1395265625,51.372746049250644,0.1500578125,Leaf Variegation
augmented_Leaf Variegation0507.jpg,155.2302890625,176.202865625,144.7491734375,51.13729898003603,0.1505625,Leaf Variegation
augmented_Leaf Variegation0508.jpg,159.1679078125,178.971771875,148.6848,52.925811423442944,0.146721875,Leaf Variegation
augmented_Leaf Variegation0509.jpg,150.188109375,170.6108625,139.195265625,51.755273048357104,0.1400921875,Leaf Variegation
augmented_Leaf Variegation0510.jpg,150.188109375,170.6108625,139.195265625,51.755273048357104,0.1400921875,Leaf Variegation
augmented_Leaf Variegation0511.jpg,141.608009375,164.336996875,129.4437,43.494472765660376,0.154434375,Leaf Variegation
augmented_Leaf Variegation0512.jpg,141.5946765625,164.266675,129.4526625,43.98813790469541,0.1620359375,Leaf Variegation
augmented_Leaf Variegation0513.jpg,93.3696875,111.13149375,86.8813859375,32.356311397473945,0.1444359375,Leaf Variegation
augmented_Leaf Variegation0514.jpg,125.7818984375,147.4770484375,117.127703125,44.36980867796314,0.183596875,Leaf Variegation
augmented_Leaf Variegation0515.jpg,197.0092328125,223.612115625,191.5216328125,43.63126062164138,0.1871140625,Leaf Variegation
augmented_Leaf Variegation0516.jpg,138.3154734375,161.3086859375,128.6273203125,48.68833956419864,0.1936359375,Leaf Variegation
augmented_Leaf Variegation0517.jpg,153.5601953125,178.69401875,144.2793578125,51.842584988024434,0.1996203125,Leaf Variegation
augmented_Leaf Variegation0518.jpg,140.8563515625,166.082803125,137.88219375,58.03497628623734,0.36739375,Leaf Variegation
augmented_Leaf Variegation0519.jpg,153.53895,178.6537921875,144.2670796875,51.90851665950412,0.1991953125,Leaf Variegation
augmented_Leaf Variegation0520.jpg,153.53895,178.6537921875,144.2670796875,51.90851665950412,0.1991953125,Leaf Variegation
augmented_Leaf Variegation0521.jpg,153.53895,178.6537921875,144.2670796875,51.90851665950412,0.1991953125,Leaf Variegation
augmented_Leaf Variegation0522.jpg,153.53895,178.6537921875,144.2670796875,51.90851665950412,0.1991953125,Leaf Variegation
augmented_Leaf Variegation0523.jpg,172.3874390625,192.3797921875,161.8098875,57.257652318540785,0.17349375,Leaf Variegation
augmented_Leaf Variegation0524.jpg,159.7446859375,183.42751875,151.0428078125,54.907606661739514,0.18706875,Leaf Variegation
augmented_Leaf Variegation0525.jpg,152.6710421875,177.8673046875,143.3015875,51.35485201208693,0.1946546875,Leaf Variegation
augmented_Leaf Variegation0526.jpg,190.1755640625,211.57496875,176.885325,51.88398420127012,0.0962171875,Leaf Variegation
augmented_Leaf Variegation0527.jpg,147.8382234375,168.1333609375,134.0700171875,53.7739304281406,0.10665625,Leaf Variegation
augmented_Leaf Variegation0528.jpg,139.249340625,159.0922125,129.8583109375,58.606947965495955,0.3594046875,Leaf Variegation
augmented_Leaf Variegation0529.jpg,139.2490765625,159.166909375,129.937046875,58.64141392549501,0.359415625,Leaf Variegation
augmented_Leaf Variegation0530.jpg,147.844615625,168.139021875,134.0812203125,53.74237149508544,0.10588125,Leaf Variegation
augmented_Leaf Variegation0531.jpg,147.844615625,168.139021875,134.0812203125,53.74237149508544,0.10588125,Leaf Variegation
augmented_Leaf Variegation0532.jpg,147.844615625,168.139021875,134.0812203125,53.74237149508544,0.10588125,Leaf Variegation
augmented_Leaf Variegation0533.jpg,147.844615625,168.139021875,134.0812203125,53.74237149508544,0.10588125,Leaf Variegation
augmented_Leaf Variegation0534.jpg,147.844615625,168.139021875,134.0812203125,53.74237149508544,0.10588125,Leaf Variegation
augmented_Leaf Variegation0535.jpg,163.106759375,179.3416703125,148.26306875,59.64751750058937,0.092496875,Leaf Variegation
augmented_Leaf Variegation0536.jpg,160.2072625,179.022978125,148.046009375,56.13467601512419,0.1022359375,Leaf Variegation
augmented_Leaf Variegation0537.jpg,160.2072625,179.022978125,148.046009375,56.13467601512419,0.1022359375,Leaf Variegation
augmented_Leaf Variegation0538.jpg,160.2072625,179.022978125,148.046009375,56.13467601512419,0.1022359375,Leaf Variegation
augmented_Leaf Variegation0539.jpg,160.2072625,179.022978125,148.046009375,56.13467601512419,0.1022359375,Leaf Variegation
augmented_Leaf Variegation0540.jpg,146.917925,167.2340796875,133.07785625,53.54699544889831,0.1036390625,Leaf Variegation
augmented_Leaf Variegation0541.jpg,146.968396875,167.2680375,133.1337234375,53.61315461595572,0.1042296875,Leaf Variegation
augmented_Leaf Variegation0542.jpg,146.99021875,167.297184375,133.1514859375,53.61262768758028,0.1042140625,Leaf Variegation
augmented_Leaf Variegation0543.jpg,146.9035578125,167.2106140625,133.080009375,53.676679494962414,0.1057765625,Leaf Variegation
augmented_Leaf Variegation0544.jpg,139.0015640625,159.970703125,124.58641875,55.71973597928484,0.2035640625,Leaf Variegation
augmented_Leaf Variegation0545.jpg,147.186165625,168.9405234375,132.7075484375,57.4982160839946,0.204084375,Leaf Variegation
augmented_Leaf Variegation0546.jpg,137.2301421875,157.372884375,128.7302140625,62.09560468124403,0.3701625,Leaf Variegation
augmented_Leaf Variegation0547.jpg,137.4088515625,157.465334375,128.764965625,62.099886022520195,0.370496875,Leaf Variegation
augmented_Leaf Variegation0548.jpg,137.233121875,157.3569109375,128.6656890625,62.0939492705936,0.3705625,Leaf Variegation
augmented_Leaf Variegation0549.jpg,147.1851578125,168.917078125,132.6985625,57.493639470421805,0.203559375,Leaf Variegation
augmented_Leaf Variegation0550.jpg,147.1851578125,168.917078125,132.6985625,57.493639470421805,0.203559375,Leaf Variegation
augmented_Leaf Variegation0551.jpg,147.1851578125,168.917078125,132.6985625,57.493639470421805,0.203559375,Leaf Variegation
augmented_Leaf Variegation0552.jpg,147.1851578125,168.917078125,132.6985625,57.493639470421805,0.203559375,Leaf Variegation
augmented_Leaf Variegation0553.jpg,165.9966296875,187.024965625,155.2395609375,62.144409513377774,0.1935109375,Leaf Variegation
augmented_Leaf Variegation0554.jpg,156.024946875,175.70590625,142.2001015625,62.00074079606734,0.189184375,Leaf Variegation
augmented_Leaf Variegation0555.jpg,156.024946875,175.70590625,142.2001015625,62.00074079606734,0.189184375,Leaf Variegation
augmented_Leaf Variegation0556.jpg,156.024946875,175.70590625,142.2001015625,62.00074079606734,0.189184375,Leaf Variegation
augmented_Leaf Variegation0557.jpg,146.2574515625,168.0245421875,131.705346875,57.65260536826913,0.200609375,Leaf Variegation
augmented_Leaf Variegation0558.jpg,151.356253125,169.9743015625,106.4105015625,46.24486252714868,0.0413453125,Leaf Variegation
augmented_Leaf Variegation0559.jpg,147.075021875,165.350375,103.20315625,45.417883898429345,0.039965625,Leaf Variegation
augmented_Leaf Variegation0560.jpg,140.2489640625,159.742525,104.2370484375,52.63837589979261,0.354946875,Leaf Variegation
augmented_Leaf Variegation0561.jpg,147.0920234375,165.345684375,103.1918546875,45.400388521189996,0.0398734375,Leaf Variegation
augmented_Leaf Variegation0562.jpg,164.35745625,178.3427328125,130.347865625,59.59602956248296,0.033871875,Leaf Variegation
augmented_Leaf Variegation0563.jpg,158.447540625,172.2927390625,116.9634640625,54.61804022315881,0.036803125,Leaf Variegation
augmented_Leaf Variegation0564.jpg,158.447540625,172.2927390625,116.9634640625,54.61804022315881,0.036803125,Leaf Variegation
augmented_Leaf Variegation0565.jpg,158.447540625,172.2927390625,116.9634640625,54.61804022315881,0.036803125,Leaf Variegation
augmented_Leaf Variegation0566.jpg,146.1432171875,164.3710015625,102.1825359375,45.45952707316431,0.0399671875,Leaf Variegation
augmented_Leaf Variegation0567.jpg,146.1551546875,164.370328125,102.18844375,45.48154306635644,0.041015625,Leaf Variegation
augmented_Leaf Variegation0568.jpg,146.153596875,164.3740328125,102.1923203125,45.46491607715528,0.0394390625,Leaf Variegation
augmented_Leaf Variegation0569.jpg,146.1427875,164.36609375,102.1776625,45.45815473050718,0.0399359375,Leaf Variegation
augmented_Leaf Variegation0570.jpg,179.4452359375,207.996459375,180.5190921875,60.95583220489734,0.0920421875,Leaf Variegation
augmented_Leaf Variegation0571.jpg,126.4708046875,149.902565625,121.62481875,58.9765348017699,0.0928875,Leaf Variegation
augmented_Leaf Variegation0572.jpg,88.555125,106.87238125,85.2388734375,40.777513843204375,0.0604546875,Leaf Variegation
augmented_Leaf Variegation0573.jpg,129.3416578125,154.085984375,131.5805265625,66.22531297491116,0.3630828125,Leaf Variegation
augmented_Leaf Variegation0574.jpg,129.3786390625,154.087871875,131.6616203125,66.21713293848474,0.3628375,Leaf Variegation
augmented_Leaf Variegation0575.jpg,129.3073109375,154.06605,131.621515625,66.2111311994798,0.3625765625,Leaf Variegation
augmented_Leaf Variegation0576.jpg,129.3448078125,153.9245484375,131.594915625,66.23549455899752,0.3633078125,Leaf Variegation
augmented_Leaf Variegation0577.jpg,129.4438640625,154.105471875,131.6269015625,66.23805558989379,0.362659375,Leaf Variegation
augmented_Leaf Variegation0578.jpg,138.9199875,164.1853921875,134.3706546875,63.8680164400531,0.097596875,Leaf Variegation
augmented_Leaf Variegation0579.jpg,138.9199875,164.1853921875,134.3706546875,63.8680164400531,0.097596875,Leaf Variegation
augmented_Leaf Variegation0580.jpg,154.3179390625,176.6734859375,150.6573921875,70.3762861401286,0.082828125,Leaf Variegation
augmented_Leaf Variegation0581.jpg,155.676803125,177.8505796875,152.2734875,71.24851296945876,0.0818234375,Leaf Variegation
augmented_Leaf Variegation0582.jpg,153.98755,176.6446921875,149.9295625,67.06686439376568,0.0954671875,Leaf Variegation
augmented_Leaf Variegation0583.jpg,137.9905265625,163.25016875,133.3581828125,63.88898251440748,0.0958421875,Leaf Variegation
augmented_Leaf Variegation0584.jpg,138.0126578125,163.2776609375,133.3729984375,63.83168908293976,0.091659375,Leaf Variegation
augmented_Leaf Variegation0585.jpg,137.9911859375,163.27254375,133.367434375,63.87404994196824,0.0953046875,Leaf Variegation
augmented_Leaf Variegation0586.jpg,127.2635734375,152.645334375,82.4256234375,34.25232997889922,0.0378625,Leaf Variegation
augmented_Leaf Variegation0587.jpg,99.182221875,120.12831875,63.8823109375,26.58720668655498,0.0237390625,Leaf Variegation
augmented_Leaf Variegation0588.jpg,135.3170375,162.127221875,87.988615625,36.41720078249842,0.0411234375,Leaf Variegation
augmented_Leaf Variegation0589.jpg,133.5254671875,161.185753125,90.06269375,46.11623670622536,0.354834375,Leaf Variegation
augmented_Leaf Variegation0590.jpg,133.6587046875,161.2669125,90.0234953125,46.084443788606706,0.3543875,Leaf Variegation
augmented_Leaf Variegation0591.jpg,135.3363171875,162.12999375,87.9830078125,36.416514398460734,0.04125625,Leaf Variegation
augmented_Leaf Variegation0592.jpg,152.5447921875,177.5350234375,111.0574328125,51.630778940908854,0.0381734375,Leaf Variegation
augmented_Leaf Variegation0593.jpg,156.674890625,180.9547171875,116.443334375,53.53037946124283,0.0388,Leaf Variegation
augmented_Leaf Variegation0594.jpg,159.60904375,183.430359375,120.8797484375,54.835382557694516,0.037659375,Leaf Variegation
augmented_Leaf Variegation0595.jpg,146.32224375,171.8483140625,101.98714375,47.18172186004668,0.0403265625,Leaf Variegation
augmented_Leaf Variegation0596.jpg,146.32224375,171.8483140625,101.98714375,47.18172186004668,0.0403265625,Leaf Variegation
augmented_Leaf Variegation0597.jpg,146.32224375,171.8483140625,101.98714375,47.18172186004668,0.0403265625,Leaf Variegation
augmented_Leaf Variegation0598.jpg,134.3562390625,161.185225,86.9777734375,36.43539764597369,0.0452265625,Leaf Variegation
augmented_Leaf Variegation0599.jpg,127.7180390625,156.9847828125,93.0305390625,35.73267235272472,0.061421875,Leaf Variegation
augmented_Leaf Variegation0600.jpg,160.287253125,196.8119953125,119.573040625,41.963230255295215,0.0765140625,Leaf Variegation
augmented_Leaf Variegation0601.jpg,140.73550625,172.6377671875,102.914703125,39.08313017048962,0.0693390625,Leaf Variegation
augmented_Leaf Variegation0602.jpg,140.73550625,172.6377671875,102.914703125,39.08313017048962,0.0693390625,Leaf Variegation
augmented_Leaf Variegation0603.jpg,140.73550625,172.6377671875,102.914703125,39.08313017048962,0.0693390625,Leaf Variegation
augmented_Leaf Variegation0604.jpg,136.268071875,169.2902140625,104.7094546875,48.013911003147435,0.35728125,Leaf Variegation
augmented_Leaf Variegation0605.jpg,140.74521875,172.6319390625,102.913671875,39.13719018924694,0.0702015625,Leaf Variegation
augmented_Leaf Variegation0606.jpg,140.74521875,172.6319390625,102.913671875,39.13719018924694,0.0702015625,Leaf Variegation
augmented_Leaf Variegation0607.jpg,140.74521875,172.6319390625,102.913671875,39.13719018924694,0.0702015625,Leaf Variegation
augmented_Leaf Variegation0608.jpg,159.8713734375,188.854834375,131.4560609375,50.45149035380438,0.0501109375,Leaf Variegation
augmented_Leaf Variegation0609.jpg,164.623390625,192.86589375,140.218871875,52.990939937983114,0.045778125,Leaf Variegation
augmented_Leaf Variegation0610.jpg,155.6742828125,185.5046265625,125.02748125,48.4235743394756,0.0539921875,Leaf Variegation
augmented_Leaf Variegation0611.jpg,152.5220109375,182.1328578125,118.1784140625,46.66879238814951,0.062475,Leaf Variegation
augmented_Leaf Variegation0612.jpg,152.5220109375,182.1328578125,118.1784140625,46.66879238814951,0.062475,Leaf Variegation
augmented_Leaf Variegation0613.jpg,152.5220109375,182.1328578125,118.1784140625,46.66879238814951,0.062475,Leaf Variegation
augmented_Leaf Variegation0614.jpg,139.666728125,171.7257859375,101.940115625,39.08387296024032,0.0670140625,Leaf Variegation
augmented_Leaf Variegation0615.jpg,74.382303125,92.4658890625,49.952965625,23.798503490218927,0.013275,Leaf Variegation
augmented_Leaf Variegation0616.jpg,129.0331140625,156.359009375,87.09643125,41.95259355380196,0.03799375,Leaf Variegation
augmented_Leaf Variegation0617.jpg,128.1342953125,155.4726171875,90.219753125,50.09574852033733,0.3552609375,Leaf Variegation
augmented_Leaf Variegation0618.jpg,128.148434375,155.504121875,90.3273671875,50.09967530821641,0.35474375,Leaf Variegation
augmented_Leaf Variegation0619.jpg,128.128190625,155.4995453125,90.37916875,50.07529700900436,0.3540859375,Leaf Variegation
augmented_Leaf Variegation0620.jpg,129.0352875,156.37575,87.1008984375,41.94874199981646,0.0378984375,Leaf Variegation
augmented_Leaf Variegation0621.jpg,129.0352875,156.37575,87.1008984375,41.94874199981646,0.0378984375,Leaf Variegation
augmented_Leaf Variegation0622.jpg,129.0352875,156.37575,87.1008984375,41.94874199981646,0.0378984375,Leaf Variegation
augmented_Leaf Variegation0623.jpg,129.0352875,156.37575,87.1008984375,41.94874199981646,0.0378984375,Leaf Variegation
augmented_Leaf Variegation0624.jpg,151.0542,176.166778125,114.6237390625,56.707733574962454,0.03706875,Leaf Variegation
augmented_Leaf Variegation0625.jpg,142.0639046875,167.9681734375,103.7027203125,53.392125762547714,0.0358,Leaf Variegation
augmented_Leaf Variegation0626.jpg,144.496340625,169.3634828125,103.3315859375,49.07542092176489,0.0383234375,Leaf Variegation
augmented_Leaf Variegation0627.jpg,128.0828359375,155.4391,86.1131421875,41.91775727661816,0.0387109375,Leaf Variegation
augmented_Leaf Variegation0628.jpg,128.0588796875,155.4076859375,86.1033109375,41.936693121836115,0.0411375,Leaf Variegation
augmented_Leaf Variegation0629.jpg,128.046784375,155.3933625,86.097753125,41.92300539336611,0.0383890625,Leaf Variegation
augmented_Leaf Variegation0630.jpg,128.0890265625,155.433153125,86.1074734375,41.95667117132261,0.0390421875,Leaf Variegation
augmented_Leaf Variegation0631.jpg,71.4784328125,82.4324078125,59.2401609375,33.63152446519929,0.0339078125,Leaf Variegation
augmented_Leaf Variegation0632.jpg,171.2166875,185.1610875,147.431109375,59.33202823686457,0.0636375,Leaf Variegation
augmented_Leaf Variegation0633.jpg,152.4794953125,168.12995625,129.026509375,62.97648529040963,0.0613609375,Leaf Variegation
augmented_Leaf Variegation0634.jpg,128.439003125,143.9088125,106.9147,59.994880239940834,0.0590859375,Leaf Variegation
augmented_Leaf Variegation0635.jpg,122.758765625,137.352403125,104.8385625,62.575402374454164,0.3570078125,Leaf Variegation
augmented_Leaf Variegation0636.jpg,122.755565625,137.345721875,104.851796875,62.60778265050668,0.35784375,Leaf Variegation
augmented_Leaf Variegation0637.jpg,122.7242453125,137.304503125,104.8128109375,62.60721987521093,0.35768125,Leaf Variegation
augmented_Leaf Variegation0638.jpg,128.42955625,143.886384375,106.900075,60.02082385465201,0.058684375,Leaf Variegation
augmented_Leaf Variegation0639.jpg,147.99058125,159.189821875,129.410865625,72.54323396071814,0.045903125,Leaf Variegation
augmented_Leaf Variegation0640.jpg,139.3666171875,151.7759609375,119.0482421875,68.10097188257713,0.0473328125,Leaf Variegation
augmented_Leaf Variegation0641.jpg,127.507078125,142.9755546875,105.9449890625,60.00465077966905,0.057546875,Leaf Variegation
augmented_Leaf Variegation0642.jpg,127.5141609375,142.9657875,105.9508078125,59.98348412914088,0.057771875,Leaf Variegation
augmented_Leaf Variegation0643.jpg,88.982821875,107.308375,56.7437171875,23.78507572614669,0.0134546875,Leaf Variegation
augmented_Leaf Variegation0644.jpg,168.1803015625,200.16124375,111.6273828125,42.320481432464085,0.0573640625,Leaf Variegation
augmented_Leaf Variegation0645.jpg,147.947590625,175.468221875,95.8129375,39.62837817772162,0.0458484375,Leaf Variegation
augmented_Leaf Variegation0646.jpg,147.947590625,175.468221875,95.8129375,39.62837817772162,0.0458484375,Leaf Variegation
augmented_Leaf Variegation0647.jpg,147.947590625,175.468221875,95.8129375,39.62837817772162,0.0458484375,Leaf Variegation
augmented_Leaf Variegation0648.jpg,141.366853125,171.6217765625,97.0780328125,48.42109415811784,0.358078125,Leaf Variegation
augmented_Leaf Variegation0649.jpg,147.9355765625,175.4541359375,95.821303125,39.63591435867378,0.045215625,Leaf Variegation
augmented_Leaf Variegation0650.jpg,147.9355765625,175.4541359375,95.821303125,39.63591435867378,0.045215625,Leaf Variegation
augmented_Leaf Variegation0651.jpg,166.6596203125,191.7565140625,129.8378265625,53.598573579497206,0.0315359375,Leaf Variegation
augmented_Leaf Variegation0652.jpg,163.183896875,188.4259453125,121.6618828125,50.722056140150386,0.033128125,Leaf Variegation
augmented_Leaf Variegation0653.jpg,156.89330625,182.2278265625,110.03539375,48.27054739938554,0.04279375,Leaf Variegation
augmented_Leaf Variegation0654.jpg,156.89330625,182.2278265625,110.03539375,48.27054739938554,0.04279375,Leaf Variegation
augmented_Leaf Variegation0655.jpg,156.89330625,182.2278265625,110.03539375,48.27054739938554,0.04279375,Leaf Variegation
augmented_Leaf Variegation0656.jpg,156.89330625,182.2278265625,110.03539375,48.27054739938554,0.04279375,Leaf Variegation
augmented_Leaf Variegation0657.jpg,147.0440078125,174.5591046875,94.850596875,39.64087328496838,0.046884375,Leaf Variegation
augmented_Leaf Variegation0658.jpg,131.3037875,159.4799421875,103.292425,33.29034539223477,0.015678125,Leaf Variegation
augmented_Leaf Variegation0659.jpg,145.965303125,177.2630625,115.8137328125,36.64501194117299,0.02051875,Leaf Variegation
augmented_Leaf Variegation0660.jpg,145.965303125,177.2630625,115.8137328125,36.64501194117299,0.02051875,Leaf Variegation
augmented_Leaf Variegation0661.jpg,145.965303125,177.2630625,115.8137328125,36.64501194117299,0.02051875,Leaf Variegation
augmented_Leaf Variegation0662.jpg,155.4992,184.5230375,135.39179375,48.85843361476117,0.012346875,Leaf Variegation
augmented_Leaf Variegation0663.jpg,157.5843015625,185.2428828125,131.01805625,44.6231162711125,0.017421875,Leaf Variegation
augmented_Leaf Variegation0664.jpg,157.5843015625,185.2428828125,131.01805625,44.6231162711125,0.017421875,Leaf Variegation
augmented_Leaf Variegation0665.jpg,145.0370765625,176.3078328125,114.8127265625,36.64807368460961,0.0199578125,Leaf Variegation
augmented_Leaf Variegation0666.jpg,148.58639375,173.534346875,133.346109375,68.5133984450176,0.0658015625,Leaf Variegation
augmented_Leaf Variegation0667.jpg,138.33809375,162.169640625,123.209621875,65.21424122606837,0.0636375,Leaf Variegation
augmented_Leaf Variegation0668.jpg,138.33809375,162.169640625,123.209621875,65.21424122606837,0.0636375,Leaf Variegation
augmented_Leaf Variegation0669.jpg,138.33809375,162.169640625,123.209621875,65.21424122606837,0.0636375,Leaf Variegation
augmented_Leaf Variegation0670.jpg,138.33809375,162.169640625,123.209621875,65.21424122606837,0.0636375,Leaf Variegation
augmented_Leaf Variegation0671.jpg,131.7057671875,154.030571875,121.529409375,68.34052120849955,0.363,Leaf Variegation
augmented_Leaf Variegation0672.jpg,131.7435515625,154.09799375,121.5349359375,68.3330124850558,0.3618671875,Leaf Variegation
augmented_Leaf Variegation0673.jpg,131.6257078125,153.9194328125,121.492553125,68.36474457433495,0.362815625,Leaf Variegation
augmented_Leaf Variegation0674.jpg,138.3564109375,162.23808125,123.24118125,65.09230794060171,0.062671875,Leaf Variegation
augmented_Leaf Variegation0675.jpg,138.3564109375,162.23808125,123.24118125,65.09230794060171,0.062671875,Leaf Variegation
augmented_Leaf Variegation0676.jpg,138.3564109375,162.23808125,123.24118125,65.09230794060171,0.062671875,Leaf Variegation
augmented_Leaf Variegation0677.jpg,143.34439375,166.2252390625,129.7648515625,68.89029300045935,0.0571453125,Leaf Variegation
augmented_Leaf Variegation0678.jpg,150.14541875,173.7356015625,137.0074390625,67.00077639783589,0.0614328125,Leaf Variegation
augmented_Leaf Variegation0679.jpg,137.4004484375,161.2478265625,122.2424109375,65.25505712404504,0.064340625,Leaf Variegation
augmented_Leaf Variegation0680.jpg,137.40851875,161.2692984375,122.258871875,65.23485617998718,0.0642421875,Leaf Variegation
augmented_Leaf Variegation0681.jpg,135.1010953125,172.818140625,124.6363796875,55.644442349432666,0.08294375,Leaf Variegation
augmented_Leaf Variegation0682.jpg,157.30134375,198.1894578125,147.769953125,55.00791332744966,0.0879328125,Leaf Variegation
augmented_Leaf Variegation0683.jpg,123.458709375,158.464653125,112.7793171875,52.8749719858691,0.079115625,Leaf Variegation
augmented_Leaf Variegation0684.jpg,119.74870625,154.0672,112.668153125,57.529761081590145,0.3592484375,Leaf Variegation
augmented_Leaf Variegation0685.jpg,119.7138609375,153.98133125,112.689840625,57.524494120063466,0.359871875,Leaf Variegation
augmented_Leaf Variegation0686.jpg,123.42846875,158.410921875,112.7480328125,52.977951598323756,0.0804625,Leaf Variegation
augmented_Leaf Variegation0687.jpg,144.4282296875,173.86975625,136.421384375,66.58000273380908,0.063346875,Leaf Variegation
augmented_Leaf Variegation0688.jpg,129.156653125,162.81450625,120.1344140625,59.47746153447652,0.073103125,Leaf Variegation
augmented_Leaf Variegation0689.jpg,129.156653125,162.81450625,120.1344140625,59.47746153447652,0.073103125,Leaf Variegation
augmented_Leaf Variegation0690.jpg,122.4960171875,157.4832875,111.7520109375,52.901716035172306,0.080815625,Leaf Variegation
augmented_Leaf Variegation0691.jpg,122.51085,157.4959703125,111.7686421875,52.90715203471569,0.0806296875,Leaf Variegation
augmented_Leaf Variegation0692.jpg,76.194478125,87.74561875,65.6461859375,36.21294584520964,0.0863828125,Leaf Variegation
augmented_Leaf Variegation0693.jpg,177.09565,194.4551375,160.072559375,63.71310321306184,0.1249109375,Leaf Variegation
augmented_Leaf Variegation0694.jpg,73.8765,85.26476875,63.6581515625,35.14709219075207,0.0841859375,Leaf Variegation
augmented_Leaf Variegation0695.jpg,141.307065625,158.554690625,123.79540625,66.73185526603358,0.13695,Leaf Variegation
augmented_Leaf Variegation0696.jpg,141.307065625,158.554690625,123.79540625,66.73185526603358,0.13695,Leaf Variegation
augmented_Leaf Variegation0697.jpg,141.307065625,158.554690625,123.79540625,66.73185526603358,0.13695,Leaf Variegation
augmented_Leaf Variegation0698.jpg,128.1317578125,146.342921875,120.4091734375,66.94681489440532,0.3639046875,Leaf Variegation
augmented_Leaf Variegation0699.jpg,141.31941875,158.569740625,123.8168234375,66.71213116570632,0.1358828125,Leaf Variegation
augmented_Leaf Variegation0700.jpg,141.31941875,158.569740625,123.8168234375,66.71213116570632,0.1358828125,Leaf Variegation
augmented_Leaf Variegation0701.jpg,141.31941875,158.569740625,123.8168234375,66.71213116570632,0.1358828125,Leaf Variegation
augmented_Leaf Variegation0702.jpg,165.1275828125,177.724421875,149.6658484375,74.81145124024046,0.1177578125,Leaf Variegation
augmented_Leaf Variegation0703.jpg,155.942253125,172.451540625,141.05158125,70.09942224070149,0.136125,Leaf Variegation
augmented_Leaf Variegation0704.jpg,155.942253125,172.451540625,141.05158125,70.09942224070149,0.136125,Leaf Variegation
augmented_Leaf Variegation0705.jpg,155.942253125,172.451540625,141.05158125,70.09942224070149,0.136125,Leaf Variegation
augmented_Leaf Variegation0706.jpg,155.942253125,172.451540625,141.05158125,70.09942224070149,0.136125,Leaf Variegation
augmented_Leaf Variegation0707.jpg,155.942253125,172.451540625,141.05158125,70.09942224070149,0.136125,Leaf Variegation
augmented_Leaf Variegation0708.jpg,140.43468125,157.716990625,122.8216578125,66.6973431331349,0.1342203125,Leaf Variegation
augmented_Leaf Variegation0709.jpg,96.9239,109.1061875,83.7881125,46.639720789408926,0.067965625,Leaf Variegation
augmented_Leaf Variegation0710.jpg,145.8286546875,161.7620078125,127.891540625,69.16986784778511,0.091671875,Leaf Variegation
augmented_Leaf Variegation0711.jpg,129.2266203125,146.4188265625,123.1178109375,68.62811334074081,0.3610375,Leaf Variegation
augmented_Leaf Variegation0712.jpg,129.2672265625,146.344353125,123.1579015625,68.64109221980976,0.3615796875,Leaf Variegation
augmented_Leaf Variegation0713.jpg,145.803246875,161.7386890625,127.8524359375,69.10536333261837,0.0912171875,Leaf Variegation
augmented_Leaf Variegation0714.jpg,172.142525,186.4758359375,159.4655765625,71.13852109131297,0.0865,Leaf Variegation
augmented_Leaf Variegation0715.jpg,169.064790625,183.769353125,155.8864078125,71.32382813982048,0.0879359375,Leaf Variegation
augmented_Leaf Variegation0716.jpg,152.749978125,167.933746875,135.9912234375,72.09871559785235,0.087403125,Leaf Variegation
augmented_Leaf Variegation0717.jpg,152.749978125,167.933746875,135.9912234375,72.09871559785235,0.087403125,Leaf Variegation
augmented_Leaf Variegation0718.jpg,144.9693296875,160.76688125,126.9245109375,69.27722016530244,0.0895078125,Leaf Variegation
augmented_Leaf Variegation0719.jpg,144.972534375,160.7898796875,126.9478140625,69.2932308451719,0.0896765625,Leaf Variegation
augmented_Leaf Variegation0720.jpg,144.9416484375,160.7714921875,126.921853125,69.31692800585853,0.0905984375,Leaf Variegation
augmented_Leaf Variegation0721.jpg,89.9142515625,105.93699375,74.127346875,29.897958519822673,0.0335515625,Leaf Variegation
augmented_Leaf Variegation0722.jpg,82.9411953125,98.2469625,68.5788265625,27.588531604917595,0.02801875,Leaf Variegation
augmented_Leaf Variegation0723.jpg,91.11216875,107.331671875,75.208628125,30.346939252418686,0.0343984375,Leaf Variegation
augmented_Leaf Variegation0724.jpg,159.4528265625,183.7422109375,133.504153125,53.30294757610068,0.07984375,Leaf Variegation
augmented_Leaf Variegation0725.jpg,149.011840625,172.2851671875,135.043234375,60.9886437530842,0.3617109375,Leaf Variegation
augmented_Leaf Variegation0726.jpg,159.4927390625,183.788559375,133.558728125,53.302764789960904,0.07990625,Leaf Variegation
augmented_Leaf Variegation0727.jpg,159.4927390625,183.788559375,133.558728125,53.302764789960904,0.07990625,Leaf Variegation
augmented_Leaf Variegation0728.jpg,159.4927390625,183.788559375,133.558728125,53.302764789960904,0.07990625,Leaf Variegation
augmented_Leaf Variegation0729.jpg,166.8097515625,189.484746875,144.041725,56.90381039780322,0.0741984375,Leaf Variegation
augmented_Leaf Variegation0730.jpg,172.5065453125,194.15369375,152.2504578125,58.106969066922495,0.0737171875,Leaf Variegation
augmented_Leaf Variegation0731.jpg,173.2022796875,196.465753125,149.4823125,50.99891275338468,0.0789796875,Leaf Variegation
augmented_Leaf Variegation0732.jpg,158.5601125,182.8324828125,132.5374671875,53.328693336717976,0.079415625,Leaf Variegation
augmented_Leaf Variegation0733.jpg,159.23226875,201.2545140625,153.5218203125,49.00020077979609,0.082378125,Leaf Variegation
augmented_Leaf Variegation0734.jpg,114.26276875,147.643059375,108.404803125,41.22719393982486,0.0702609375,Leaf Variegation
augmented_Leaf Variegation0735.jpg,114.26276875,147.643059375,108.404803125,41.22719393982486,0.0702609375,Leaf Variegation
augmented_Leaf Variegation0736.jpg,113.6393578125,146.7112203125,111.792590625,48.77068434592718,0.3551046875,Leaf Variegation
augmented_Leaf Variegation0737.jpg,113.5784703125,146.7007546875,111.8263734375,48.789681735965175,0.3569234375,Leaf Variegation
augmented_Leaf Variegation0738.jpg,113.6435125,146.66563125,111.7555796875,48.78100284270337,0.3555640625,Leaf Variegation
augmented_Leaf Variegation0739.jpg,114.285421875,147.645440625,108.41891875,41.23324689705619,0.0702875,Leaf Variegation
augmented_Leaf Variegation0740.jpg,114.285421875,147.645440625,108.41891875,41.23324689705619,0.0702875,Leaf Variegation
augmented_Leaf Variegation0741.jpg,114.285421875,147.645440625,108.41891875,41.23324689705619,0.0702875,Leaf Variegation
augmented_Leaf Variegation0742.jpg,114.285421875,147.645440625,108.41891875,41.23324689705619,0.0702875,Leaf Variegation
augmented_Leaf Variegation0743.jpg,124.76868125,155.1242484375,119.0647859375,52.70003254303632,0.062696875,Leaf Variegation
augmented_Leaf Variegation0744.jpg,130.347453125,159.2718234375,124.7333671875,56.94599020875914,0.0614328125,Leaf Variegation
augmented_Leaf Variegation0745.jpg,140.1834640625,166.849840625,134.770240625,61.89712065333739,0.057925,Leaf Variegation
augmented_Leaf Variegation0746.jpg,127.2529640625,158.04703125,122.23406875,54.03609287883838,0.067696875,Leaf Variegation
augmented_Leaf Variegation0747.jpg,127.2529640625,158.04703125,122.23406875,54.03609287883838,0.067696875,Leaf Variegation
augmented_Leaf Variegation0748.jpg,113.2994359375,146.6782125,107.416171875,41.10655912515735,0.0677234375,Leaf Variegation
augmented_Leaf Variegation0749.jpg,113.2982875,146.6889046875,107.4236203125,41.11545264841887,0.069003125,Leaf Variegation
augmented_Leaf Variegation0750.jpg,113.2969359375,146.6844171875,107.424578125,41.16902821201654,0.07346875,Leaf Variegation
augmented_Leaf Variegation0751.jpg,113.3119125,146.6940046875,107.4338140625,41.15015758953144,0.0736078125,Leaf Variegation
augmented_Leaf Variegation0752.jpg,158.481490625,193.954234375,150.4257796875,67.72821605706687,0.082234375,Leaf Variegation
augmented_Leaf Variegation0753.jpg,171.8401484375,209.3340703125,165.6158046875,60.787549236644665,0.082115625,Leaf Variegation
augmented_Leaf Variegation0754.jpg,170.2199171875,207.365778125,163.7769640625,61.85461726605095,0.0817046875,Leaf Variegation
augmented_Leaf Variegation0755.jpg,169.5970859375,206.76386875,163.108184375,62.18745811178943,0.0819171875,Leaf Variegation
augmented_Leaf Variegation0756.jpg,134.24421875,164.7853609375,122.0794296875,65.69471235438309,0.0839765625,Leaf Variegation
augmented_Leaf Variegation0757.jpg,126.5629125,155.957278125,119.6295796875,68.51332059383874,0.36365,Leaf Variegation
augmented_Leaf Variegation0758.jpg,126.534946875,155.97790625,119.71414375,68.42968807537848,0.3631453125,Leaf Variegation
augmented_Leaf Variegation0759.jpg,126.4465921875,155.9526734375,119.64370625,68.4961936554118,0.3632375,Leaf Variegation
augmented_Leaf Variegation0760.jpg,134.262984375,164.7734203125,122.107309375,65.73120287372295,0.0834015625,Leaf Variegation
augmented_Leaf Variegation0761.jpg,134.262984375,164.7734203125,122.107309375,65.73120287372295,0.0834015625,Leaf Variegation
augmented_Leaf Variegation0762.jpg,155.730728125,179.9745703125,144.3887640625,73.02774582774066,0.05659375,Leaf Variegation
augmented_Leaf Variegation0763.jpg,147.88693125,175.3884875,136.70223125,69.8276380586747,0.0751375,Leaf Variegation
augmented_Leaf Variegation0764.jpg,147.88693125,175.3884875,136.70223125,69.8276380586747,0.0751375,Leaf Variegation
augmented_Leaf Variegation0765.jpg,147.88693125,175.3884875,136.70223125,69.8276380586747,0.0751375,Leaf Variegation
augmented_Leaf Variegation0766.jpg,147.88693125,175.3884875,136.70223125,69.8276380586747,0.0751375,Leaf Variegation
augmented_Leaf Variegation0767.jpg,133.3522875,163.8811703125,121.1473484375,65.72960065060182,0.0825765625,Leaf Variegation
augmented_Leaf Variegation0768.jpg,133.28670625,163.8273515625,121.084578125,65.70946063931493,0.0822546875,Leaf Variegation
augmented_Leaf Variegation0769.jpg,133.298015625,163.8459828125,121.0844109375,65.62994589066102,0.08100625,Leaf Variegation
augmented_Leaf Variegation0770.jpg,125.3798484375,148.572903125,109.0918921875,24.66329578563981,0.0287359375,Leaf Variegation
augmented_Leaf Variegation0771.jpg,170.8155171875,200.5182828125,149.8521765625,32.86708413009057,0.0479640625,Leaf Variegation
augmented_Leaf Variegation0772.jpg,170.8155171875,200.5182828125,149.8521765625,32.86708413009057,0.0479640625,Leaf Variegation
augmented_Leaf Variegation0773.jpg,161.5915140625,189.1164015625,148.6766890625,50.13311644642042,0.357728125,Leaf Variegation
augmented_Leaf Variegation0774.jpg,161.525725,189.1543,148.7408734375,50.09472034082599,0.358503125,Leaf Variegation
augmented_Leaf Variegation0775.jpg,161.67285,189.1669859375,148.6689484375,50.005577313335756,0.3579734375,Leaf Variegation
augmented_Leaf Variegation0776.jpg,170.8462625,200.5399734375,149.86948125,32.882547795617874,0.0476515625,Leaf Variegation
augmented_Leaf Variegation0777.jpg,170.8462625,200.5399734375,149.86948125,32.882547795617874,0.0476515625,Leaf Variegation
augmented_Leaf Variegation0778.jpg,170.8462625,200.5399734375,149.86948125,32.882547795617874,0.0476515625,Leaf Variegation
augmented_Leaf Variegation0779.jpg,170.8462625,200.5399734375,149.86948125,32.882547795617874,0.0476515625,Leaf Variegation
augmented_Leaf Variegation0780.jpg,182.07125,208.325496875,165.8491625,39.7482892468479,0.0367671875,Leaf Variegation
augmented_Leaf Variegation0781.jpg,182.994246875,208.821740625,166.949003125,40.10254366542358,0.036284375,Leaf Variegation
augmented_Leaf Variegation0782.jpg,179.919446875,207.4644234375,161.242984375,34.422228631891926,0.04210625,Leaf Variegation
augmented_Leaf Variegation0783.jpg,169.918796875,199.6027296875,148.858809375,32.933461173288485,0.0476390625,Leaf Variegation
augmented_Leaf Variegation0784.jpg,169.908253125,199.6004640625,148.8473203125,32.91444986740361,0.0461765625,Leaf Variegation
augmented_Leaf Variegation0785.jpg,192.09578125,225.620990625,189.048078125,54.722372329448504,0.007965625,Leaf Variegation
augmented_Leaf Variegation0786.jpg,108.931875,134.44168125,95.8450234375,43.976822664862624,0.0102265625,Leaf Variegation
augmented_Leaf Variegation0787.jpg,156.068,189.9285859375,140.337121875,61.422474327345334,0.0194296875,Leaf Variegation
augmented_Leaf Variegation0788.jpg,133.777409375,163.401390625,135.65771875,68.28579550342691,0.3587546875,Leaf Variegation
augmented_Leaf Variegation0789.jpg,133.8247484375,163.5173421875,135.6248046875,68.32390641763385,0.35753125,Leaf Variegation
augmented_Leaf Variegation0790.jpg,156.0525265625,189.929075,140.3385546875,61.415423278379166,0.019459375,Leaf Variegation
augmented_Leaf Variegation0791.jpg,156.0525265625,189.929075,140.3385546875,61.415423278379166,0.019459375,Leaf Variegation
augmented_Leaf Variegation0792.jpg,156.0525265625,189.929075,140.3385546875,61.415423278379166,0.019459375,Leaf Variegation
augmented_Leaf Variegation0793.jpg,182.8181015625,208.7285671875,164.6388203125,60.99146406049021,0.0191921875,Leaf Variegation
augmented_Leaf Variegation0794.jpg,179.15570625,206.7219625,161.5211328125,61.06418329439286,0.0192453125,Leaf Variegation
augmented_Leaf Variegation0795.jpg,163.7416125,197.583625,151.044378125,62.77134102227189,0.0182328125,Leaf Variegation
augmented_Leaf Variegation0796.jpg,163.7416125,197.583625,151.044378125,62.77134102227189,0.0182328125,Leaf Variegation
augmented_Leaf Variegation0797.jpg,155.2142109375,189.1453375,139.3289234375,61.638959476400764,0.0186078125,Leaf Variegation
augmented_Leaf Variegation0798.jpg,155.2813875,189.1115953125,139.4081078125,61.64695095644614,0.0206859375,Leaf Variegation
augmented_Leaf Variegation0799.jpg,172.8922578125,208.09525625,124.317446875,49.21000750593698,0.06045625,Leaf Variegation
augmented_Leaf Variegation0800.jpg,130.2225671875,159.14945625,90.5919640625,41.110181084670884,0.0464796875,Leaf Variegation
augmented_Leaf Variegation0801.jpg,130.2225671875,159.14945625,90.5919640625,41.110181084670884,0.0464796875,Leaf Variegation
augmented_Leaf Variegation0802.jpg,129.0915421875,158.13335625,93.509828125,49.456686074255934,0.3563171875,Leaf Variegation
augmented_Leaf Variegation0803.jpg,130.252184375,159.158353125,90.5989875,41.094964524998666,0.0461578125,Leaf Variegation
augmented_Leaf Variegation0804.jpg,130.252184375,159.158353125,90.5989875,41.094964524998666,0.0461578125,Leaf Variegation
augmented_Leaf Variegation0805.jpg,130.252184375,159.158353125,90.5989875,41.094964524998666,0.0461578125,Leaf Variegation
augmented_Leaf Variegation0806.jpg,130.252184375,159.158353125,90.5989875,41.094964524998666,0.0461578125,Leaf Variegation
augmented_Leaf Variegation0807.jpg,141.635665625,169.17766875,105.173078125,51.308048239522975,0.04320625,Leaf Variegation
augmented_Leaf Variegation0808.jpg,151.37678125,177.7898109375,117.10734375,55.01982142753615,0.0430109375,Leaf Variegation
augmented_Leaf Variegation0809.jpg,145.005165625,171.1477546875,105.814621875,48.17616807898252,0.0462921875,Leaf Variegation
augmented_Leaf Variegation0810.jpg,129.3454484375,158.269215625,89.6387609375,41.07449849341542,0.0469609375,Leaf Variegation
augmented_Leaf Variegation0811.jpg,143.0473125,154.955028125,120.8407796875,67.68352271111554,0.12609375,Leaf Variegation
augmented_Leaf Variegation0812.jpg,137.1326578125,149.3240328125,115.29164375,66.59366822014482,0.124275,Leaf Variegation
augmented_Leaf Variegation0813.jpg,137.1326578125,149.3240328125,115.29164375,66.59366822014482,0.124275,Leaf Variegation
augmented_Leaf Variegation0814.jpg,137.1326578125,149.3240328125,115.29164375,66.59366822014482,0.124275,Leaf Variegation
augmented_Leaf Variegation0815.jpg,137.1326578125,149.3240328125,115.29164375,66.59366822014482,0.124275,Leaf Variegation
augmented_Leaf Variegation0816.jpg,137.1326578125,149.3240328125,115.29164375,66.59366822014482,0.124275,Leaf Variegation
augmented_Leaf Variegation0817.jpg,128.17665625,140.0025765625,116.675071875,65.7141041450589,0.366378125,Leaf Variegation
augmented_Leaf Variegation0818.jpg,137.1931015625,149.353828125,115.31861875,66.55178734679107,0.123821875,Leaf Variegation
augmented_Leaf Variegation0819.jpg,137.1931015625,149.353828125,115.31861875,66.55178734679107,0.123821875,Leaf Variegation
augmented_Leaf Variegation0820.jpg,152.4895875,165.739890625,134.752328125,71.72996727021486,0.1165515625,Leaf Variegation
augmented_Leaf Variegation0821.jpg,148.8798640625,161.9074796875,130.10155625,70.77674511438842,0.1172046875,Leaf Variegation
augmented_Leaf Variegation0822.jpg,151.186778125,164.3697921875,133.06485625,71.44029249589384,0.1164171875,Leaf Variegation
augmented_Leaf Variegation0823.jpg,152.7514890625,164.0567078125,133.0376453125,70.88190175180473,0.11873125,Leaf Variegation
augmented_Leaf Variegation0824.jpg,152.7514890625,164.0567078125,133.0376453125,70.88190175180473,0.11873125,Leaf Variegation
augmented_Leaf Variegation0825.jpg,136.263028125,148.4468265625,114.3785859375,66.74657754357352,0.1270609375,Leaf Variegation
augmented_Leaf Variegation0826.jpg,144.573521875,172.5218765625,103.743896875,44.981023406654494,0.26768125,Leaf Variegation
augmented_Leaf Variegation0827.jpg,106.145396875,128.4151328125,75.6438125,32.943713186385594,0.210503125,Leaf Variegation
augmented_Leaf Variegation0828.jpg,154.54336875,183.5933640625,111.244621875,47.19122559263593,0.270790625,Leaf Variegation
augmented_Leaf Variegation0829.jpg,154.54336875,183.5933640625,111.244621875,47.19122559263593,0.270790625,Leaf Variegation
augmented_Leaf Variegation0830.jpg,154.54336875,183.5933640625,111.244621875,47.19122559263593,0.270790625,Leaf Variegation
augmented_Leaf Variegation0831.jpg,148.4716828125,173.6737296875,113.080534375,57.16112098972287,0.3770734375,Leaf Variegation
augmented_Leaf Variegation0832.jpg,148.6029046875,173.681684375,113.1293078125,57.155120519262276,0.376009375,Leaf Variegation
augmented_Leaf Variegation0833.jpg,154.54103125,183.5679109375,111.2590453125,47.448741096268236,0.2722328125,Leaf Variegation
augmented_Leaf Variegation0834.jpg,161.03015625,190.750403125,119.6253703125,47.062965414826394,0.2592421875,Leaf Variegation
augmented_Leaf Variegation0835.jpg,164.6762765625,192.988590625,125.991375,51.323458346159796,0.2576171875,Leaf Variegation
augmented_Leaf Variegation0836.jpg,153.5961359375,182.73671875,110.2701609375,47.229542712624195,0.26733125,Leaf Variegation
augmented_Leaf Variegation0837.jpg,153.5727671875,182.664965625,110.237334375,47.3382661675066,0.269465625,Leaf Variegation
augmented_Leaf Variegation0838.jpg,149.8155234375,170.9927046875,118.0613890625,37.819955398570265,0.1494046875,Leaf Variegation
augmented_Leaf Variegation0839.jpg,225.05114375,239.627728125,188.0838421875,36.1327919846036,0.08129375,Leaf Variegation
augmented_Leaf Variegation0840.jpg,164.9643203125,187.327234375,130.552259375,41.06464376747959,0.1536140625,Leaf Variegation
augmented_Leaf Variegation0841.jpg,161.5634125,179.6135921875,131.2400609375,52.943542581577816,0.3639453125,Leaf Variegation
augmented_Leaf Variegation0842.jpg,161.5088453125,179.4916171875,131.1895953125,52.93387244360696,0.3638171875,Leaf Variegation
augmented_Leaf Variegation0843.jpg,161.627546875,179.528915625,131.2372140625,52.941798871011834,0.364315625,Leaf Variegation
augmented_Leaf Variegation0844.jpg,161.5511453125,179.463559375,131.1942296875,52.96064972965694,0.3636125,Leaf Variegation
augmented_Leaf Variegation0845.jpg,164.960871875,187.3259859375,130.570728125,41.17847593386736,0.1538625,Leaf Variegation
augmented_Leaf Variegation0846.jpg,164.960871875,187.3259859375,130.570728125,41.17847593386736,0.1538625,Leaf Variegation
augmented_Leaf Variegation0847.jpg,164.960871875,187.3259859375,130.570728125,41.17847593386736,0.1538625,Leaf Variegation
augmented_Leaf Variegation0848.jpg,164.960871875,187.3259859375,130.570728125,41.17847593386736,0.1538625,Leaf Variegation
augmented_Leaf Variegation0849.jpg,164.960871875,187.3259859375,130.570728125,41.17847593386736,0.1538625,Leaf Variegation
augmented_Leaf Variegation0850.jpg,176.6338765625,200.200490625,150.6557828125,48.40283317288449,0.149921875,Leaf Variegation
augmented_Leaf Variegation0851.jpg,150.8805578125,176.188696875,113.49120625,41.059825314525824,0.17058125,Leaf Variegation
augmented_Leaf Variegation0852.jpg,150.8805578125,176.188696875,113.49120625,41.059825314525824,0.17058125,Leaf Variegation
augmented_Leaf Variegation0853.jpg,150.8805578125,176.188696875,113.49120625,41.059825314525824,0.17058125,Leaf Variegation
augmented_Leaf Variegation0854.jpg,148.5337453125,170.9158484375,115.36845625,51.18736270862379,0.3634703125,Leaf Variegation
augmented_Leaf Variegation0855.jpg,148.558446875,170.90171875,115.198421875,51.20330562305643,0.3652078125,Leaf Variegation
augmented_Leaf Variegation0856.jpg,172.4207828125,197.106365625,142.637340625,50.371863646074395,0.1640296875,Leaf Variegation
augmented_Leaf Variegation0857.jpg,161.39420625,185.4922265625,125.8011234375,48.281411053404504,0.17193125,Leaf Variegation
augmented_Leaf Variegation0858.jpg,161.39420625,185.4922265625,125.8011234375,48.281411053404504,0.17193125,Leaf Variegation
augmented_Leaf Variegation0859.jpg,161.39420625,185.4922265625,125.8011234375,48.281411053404504,0.17193125,Leaf Variegation
augmented_Leaf Variegation0860.jpg,149.9112,175.274340625,112.4455671875,41.003096518691045,0.1646875,Leaf Variegation
augmented_Leaf Variegation0861.jpg,154.3021125,164.750871875,105.67185,40.21222055220474,0.11216875,Leaf Variegation
augmented_Leaf Variegation0862.jpg,162.63983125,173.9302765625,118.938028125,49.26025448263461,0.11534375,Leaf Variegation
augmented_Leaf Variegation0863.jpg,153.3433796875,163.8131921875,104.6704796875,40.12432552805356,0.104909375,Leaf Variegation
augmented_Leaf Variegation0864.jpg,153.3504328125,163.7818375,104.667540625,40.21999271671971,0.1123515625,Leaf Variegation
augmented_Leaf Variegation0865.jpg,138.6540859375,147.06180625,97.754809375,45.92162574808749,0.0176390625,Leaf Variegation
augmented_Leaf Variegation0866.jpg,152.0512390625,160.568065625,107.606178125,49.8380656690492,0.021971875,Leaf Variegation
augmented_Leaf Variegation0867.jpg,146.3412515625,154.1632890625,109.063640625,55.89752551635844,0.3568078125,Leaf Variegation
augmented_Leaf Variegation0868.jpg,146.264290625,154.302275,109.11326875,55.89751081863593,0.3568828125,Leaf Variegation
augmented_Leaf Variegation0869.jpg,146.35826875,154.224503125,109.1654046875,55.90940960245121,0.3562546875,Leaf Variegation
augmented_Leaf Variegation0870.jpg,146.45848125,154.3137359375,109.1047859375,55.88776786432272,0.3572,Leaf Variegation
augmented_Leaf Variegation0871.jpg,146.289709375,154.148228125,109.074815625,55.92964442522558,0.3562875,Leaf Variegation
augmented_Leaf Variegation0872.jpg,152.046965625,160.562940625,107.6052109375,49.867758128586836,0.0231546875,Leaf Variegation
augmented_Leaf Variegation0873.jpg,152.046965625,160.562940625,107.6052109375,49.867758128586836,0.0231546875,Leaf Variegation
augmented_Leaf Variegation0874.jpg,152.046965625,160.562940625,107.6052109375,49.867758128586836,0.0231546875,Leaf Variegation
augmented_Leaf Variegation0875.jpg,152.046965625,160.562940625,107.6052109375,49.867758128586836,0.0231546875,Leaf Variegation
augmented_Leaf Variegation0876.jpg,162.193525,168.529759375,120.5878984375,56.26863788356866,0.018059375,Leaf Variegation
augmented_Leaf Variegation0877.jpg,176.4394984375,180.83370625,139.3804984375,62.025075043006716,0.0180328125,Leaf Variegation
augmented_Leaf Variegation0878.jpg,172.397590625,177.1453921875,133.9991546875,61.127843409836565,0.01783125,Leaf Variegation
augmented_Leaf Variegation0879.jpg,160.66431875,169.6074578125,120.282171875,57.91119385312218,0.0229625,Leaf Variegation
augmented_Leaf Variegation0880.jpg,151.13293125,159.667759375,106.6609921875,49.909187670949514,0.022128125,Leaf Variegation
augmented_Leaf Variegation0881.jpg,199.7346265625,207.9301625,145.2885875,48.52303588646567,0.09534375,Leaf Variegation
augmented_Leaf Variegation0882.jpg,106.9466734375,118.727978125,76.112203125,33.252537488114015,0.11051875,Leaf Variegation
augmented_Leaf Variegation0883.jpg,204.63715,211.9435015625,149.09978125,47.38551926374177,0.0915609375,Leaf Variegation
augmented_Leaf Variegation0884.jpg,159.9429453125,173.5822921875,114.607625,48.741796916947635,0.1255140625,Leaf Variegation
augmented_Leaf Variegation0885.jpg,159.9429453125,173.5822921875,114.607625,48.741796916947635,0.1255140625,Leaf Variegation
augmented_Leaf Variegation0886.jpg,159.9429453125,173.5822921875,114.607625,48.741796916947635,0.1255140625,Leaf Variegation
augmented_Leaf Variegation0887.jpg,154.491746875,163.70255625,116.4974671875,56.96349614612285,0.36038125,Leaf Variegation
augmented_Leaf Variegation0888.jpg,154.489265625,163.6949765625,116.3477078125,56.98962824790038,0.36020625,Leaf Variegation
augmented_Leaf Variegation0889.jpg,154.5501875,163.8993453125,116.4036734375,56.939945154167546,0.360478125,Leaf Variegation
augmented_Leaf Variegation0890.jpg,159.9270296875,173.5467421875,114.6004453125,48.76722642352402,0.1253078125,Leaf Variegation
augmented_Leaf Variegation0891.jpg,159.9270296875,173.5467421875,114.6004453125,48.76722642352402,0.1253078125,Leaf Variegation
augmented_Leaf Variegation0892.jpg,159.9270296875,173.5467421875,114.6004453125,48.76722642352402,0.1253078125,Leaf Variegation
augmented_Leaf Variegation0893.jpg,164.8413953125,179.3225203125,122.2496328125,52.89722315698031,0.1235109375,Leaf Variegation
augmented_Leaf Variegation0894.jpg,164.881478125,179.3822953125,122.3387421875,52.941914048450805,0.123325,Leaf Variegation
augmented_Leaf Variegation0895.jpg,173.0516625,186.900378125,134.2714921875,59.15772191941079,0.124046875,Leaf Variegation
augmented_Leaf Variegation0896.jpg,167.8637828125,182.0902640625,126.7497375,55.410746324075205,0.1230890625,Leaf Variegation
augmented_Leaf Variegation0897.jpg,167.550315625,179.567496875,123.625940625,55.20077889877954,0.1266109375,Leaf Variegation
augmented_Leaf Variegation0898.jpg,158.9905875,172.7932140625,113.5726515625,48.424654945482295,0.12186875,Leaf Variegation
augmented_Leaf Variegation0899.jpg,158.989571875,172.8152421875,113.574046875,48.4265976481352,0.1202,Leaf Variegation
augmented_Leaf Variegation0900.jpg,158.9773125,172.78625625,113.583571875,48.539467247311336,0.122553125,Leaf Variegation
augmented_Leaf Variegation0901.jpg,114.445278125,131.5003375,82.1990390625,37.841204232586755,0.14693125,Leaf Variegation
augmented_Leaf Variegation0902.jpg,157.7846390625,178.299896875,114.474234375,51.01423256104975,0.163765625,Leaf Variegation
augmented_Leaf Variegation0903.jpg,157.7846390625,178.299896875,114.474234375,51.01423256104975,0.163765625,Leaf Variegation
augmented_Leaf Variegation0904.jpg,157.7846390625,178.299896875,114.474234375,51.01423256104975,0.163765625,Leaf Variegation
augmented_Leaf Variegation0905.jpg,150.573659375,165.8174734375,115.9137296875,59.322393096443555,0.3663125,Leaf Variegation
augmented_Leaf Variegation0906.jpg,150.55205,165.80289375,115.83700625,59.32111746550009,0.36769375,Leaf Variegation
augmented_Leaf Variegation0907.jpg,150.518646875,165.8567375,115.9120375,59.26765816280178,0.366246875,Leaf Variegation
augmented_Leaf Variegation0908.jpg,157.77964375,178.2935203125,114.44303125,50.98730600169025,0.163615625,Leaf Variegation
augmented_Leaf Variegation0909.jpg,170.0674109375,193.092703125,135.4988609375,58.98733317645929,0.1624171875,Leaf Variegation
augmented_Leaf Variegation0910.jpg,166.5811421875,189.0491171875,129.8004125,57.59068471054401,0.16130625,Leaf Variegation
augmented_Leaf Variegation0911.jpg,165.760915625,184.1582515625,123.7347046875,56.68764077134134,0.16394375,Leaf Variegation
augmented_Leaf Variegation0912.jpg,156.8360578125,177.4328953125,113.290428125,51.02808058665736,0.16160625,Leaf Variegation
augmented_Leaf Variegation0913.jpg,156.843125,177.4802515625,113.4477375,50.942456872780184,0.156959375,Leaf Variegation
augmented_Leaf Variegation0914.jpg,146.751878125,159.704284375,109.6288765625,33.00691804848864,0.096471875,Leaf Variegation
augmented_Leaf Variegation0915.jpg,178.946696875,193.3108640625,140.817490625,42.44549546018566,0.10268125,Leaf Variegation
augmented_Leaf Variegation0916.jpg,182.6155046875,197.67285625,147.609615625,45.15572368983593,0.10366875,Leaf Variegation
augmented_Leaf Variegation0917.jpg,177.111784375,192.238409375,139.3599125,44.80053675898617,0.1049484375,Leaf Variegation
augmented_Leaf Variegation0918.jpg,158.0950796875,185.9361109375,113.17128125,40.928562375508804,0.139428125,Leaf Variegation
augmented_Leaf Variegation0919.jpg,172.4357703125,199.8571015625,132.5529984375,44.00424089214719,0.1301828125,Leaf Variegation
augmented_Leaf Variegation0920.jpg,168.079371875,195.3471375,128.3144234375,45.398043157318035,0.133671875,Leaf Variegation
augmented_Leaf Variegation0921.jpg,173.107090625,203.967303125,144.573221875,38.82097377368765,0.2104265625,Leaf Variegation
augmented_Leaf Variegation0922.jpg,173.107090625,203.967303125,144.573221875,38.82097377368765,0.2104265625,Leaf Variegation
augmented_Leaf Variegation0923.jpg,178.6582015625,208.6048609375,152.9699265625,39.52546674881931,0.1944046875,Leaf Variegation
augmented_Leaf Variegation0924.jpg,182.1781390625,209.70883125,157.9728125,41.222134380390834,0.1911140625,Leaf Variegation
augmented_Leaf Variegation0925.jpg,182.1781390625,209.70883125,157.9728125,41.222134380390834,0.1911140625,Leaf Variegation
augmented_Leaf Variegation0926.jpg,172.160403125,203.0919203125,143.5779515625,38.710040958475304,0.2024703125,Leaf Variegation
augmented_Leaf Variegation0927.jpg,172.187771875,202.975903125,143.66346875,38.89445994441387,0.21108125,Leaf Variegation
augmented_Leaf Variegation0928.jpg,109.6726359375,128.6661390625,87.1075640625,27.87283130240528,0.1237,Leaf Variegation
augmented_Leaf Variegation0929.jpg,163.2903328125,188.2178734375,130.285953125,41.626050235401785,0.1634609375,Leaf Variegation
augmented_Leaf Variegation0930.jpg,163.2903328125,188.2178734375,130.285953125,41.626050235401785,0.1634609375,Leaf Variegation
augmented_Leaf Variegation0931.jpg,163.2903328125,188.2178734375,130.285953125,41.626050235401785,0.1634609375,Leaf Variegation
augmented_Leaf Variegation0932.jpg,159.9622046875,180.184059375,131.2605875,53.37629476888738,0.3653875,Leaf Variegation
augmented_Leaf Variegation0933.jpg,159.9989703125,180.2806796875,131.289759375,53.32486693529054,0.3658484375,Leaf Variegation
augmented_Leaf Variegation0934.jpg,163.29675,188.2132140625,130.3016421875,41.72853157281102,0.164190625,Leaf Variegation
augmented_Leaf Variegation0935.jpg,163.29675,188.2132140625,130.3016421875,41.72853157281102,0.164190625,Leaf Variegation
augmented_Leaf Variegation0936.jpg,163.29675,188.2132140625,130.3016421875,41.72853157281102,0.164190625,Leaf Variegation
augmented_Leaf Variegation0937.jpg,169.6539109375,195.256303125,141.340365625,46.091400185457104,0.15933125,Leaf Variegation
augmented_Leaf Variegation0938.jpg,177.953546875,204.8394484375,158.0198375,53.17786386677048,0.1607515625,Leaf Variegation
augmented_Leaf Variegation0939.jpg,170.51809375,195.504909375,141.726078125,46.972452008530084,0.1646328125,Leaf Variegation
augmented_Leaf Variegation0940.jpg,170.51809375,195.504909375,141.726078125,46.972452008530084,0.1646328125,Leaf Variegation
augmented_Leaf Variegation0941.jpg,162.31001875,187.3426796875,129.2719640625,41.44429071218579,0.1552125,Leaf Variegation
augmented_Leaf Variegation0942.jpg,162.3158296875,187.311034375,129.275621875,41.71083870949343,0.164284375,Leaf Variegation
augmented_Leaf Variegation0943.jpg,162.3086125,187.3327546875,129.2862328125,41.43519401926269,0.1559671875,Leaf Variegation
augmented_Leaf Variegation0944.jpg,162.301334375,187.3144609375,129.26183125,41.4736949710831,0.1593078125,Leaf Variegation
augmented_Leaf Variegation0945.jpg,162.3238390625,187.3073171875,129.283709375,41.678048863107584,0.1620734375,Leaf Variegation
augmented_Leaf Variegation0946.jpg,164.7191015625,193.4185609375,118.822753125,42.30541459441177,0.129671875,Leaf Variegation
augmented_Leaf Variegation0947.jpg,185.5278203125,213.4053046875,152.370078125,48.79086592781376,0.12914375,Leaf Variegation
augmented_Leaf Variegation0948.jpg,143.2561625,157.0510703125,97.7817796875,42.185323801015485,0.1058625,Leaf Variegation
augmented_Leaf Variegation0949.jpg,143.2561625,157.0510703125,97.7817796875,42.185323801015485,0.1058625,Leaf Variegation
augmented_Leaf Variegation0950.jpg,154.656178125,161.6416609375,105.2577921875,47.34684422621101,0.357153125,Leaf Variegation
augmented_Leaf Variegation0951.jpg,154.596434375,161.6319296875,105.2778875,47.385330390038675,0.3548828125,Leaf Variegation
augmented_Leaf Variegation0952.jpg,156.6913828125,163.3802234375,104.18210625,37.422088079601615,0.087784375,Leaf Variegation
augmented_Leaf Variegation0953.jpg,156.6913828125,163.3802234375,104.18210625,37.422088079601615,0.087784375,Leaf Variegation
augmented_Leaf Variegation0954.jpg,156.6913828125,163.3802234375,104.18210625,37.422088079601615,0.087784375,Leaf Variegation
augmented_Leaf Variegation0955.jpg,156.6913828125,163.3802234375,104.18210625,37.422088079601615,0.087784375,Leaf Variegation
augmented_Leaf Variegation0956.jpg,156.6913828125,163.3802234375,104.18210625,37.422088079601615,0.087784375,Leaf Variegation
augmented_Leaf Variegation0957.jpg,154.1965890625,178.2369234375,102.4884578125,44.537803035700634,0.1203953125,Leaf Variegation
augmented_Leaf Variegation0958.jpg,138.2905359375,152.1420921875,93.51563125,43.41585874989935,0.1399421875,Leaf Variegation
augmented_Leaf Variegation0959.jpg,147.5434890625,161.9882578125,100.0589734375,45.89379662836258,0.1485328125,Leaf Variegation
augmented_Leaf Variegation0960.jpg,147.5434890625,161.9882578125,100.0589734375,45.89379662836258,0.1485328125,Leaf Variegation
augmented_Leaf Variegation0961.jpg,172.7793203125,189.2478484375,133.3639453125,54.42882866333066,0.14255,Leaf Variegation
augmented_Leaf Variegation0962.jpg,173.9977546875,190.796759375,135.1312296875,54.32281480395117,0.142521875,Leaf Variegation
augmented_Leaf Variegation0963.jpg,158.08354375,171.8811796875,114.874084375,53.73562578909127,0.147603125,Leaf Variegation
augmented_Leaf Variegation0964.jpg,158.08354375,171.8811796875,114.874084375,53.73562578909127,0.147603125,Leaf Variegation
augmented_Leaf Variegation0965.jpg,146.5771234375,161.049740625,99.04418125,45.963625217844196,0.1474921875,Leaf Variegation
augmented_Leaf Variegation0966.jpg,146.60235,161.0946109375,99.1288234375,45.945284413618744,0.1497578125,Leaf Variegation
augmented_Leaf Variegation0967.jpg,146.55520625,161.0417171875,99.0265640625,45.89277984364132,0.142578125,Leaf Variegation
augmented_Leaf Variegation0968.jpg,122.1116390625,135.4295859375,82.693153125,40.795392584703436,0.1252703125,Leaf Variegation
augmented_Leaf Variegation0969.jpg,150.570634375,164.022778125,103.3171046875,46.64643255578735,0.12154375,Leaf Variegation
augmented_Leaf Variegation0970.jpg,84.701265625,95.7204796875,57.072959375,28.094543772370013,0.0922453125,Leaf Variegation
augmented_Leaf Variegation0971.jpg,135.872203125,149.68219375,92.4328171875,44.48574361275185,0.128059375,Leaf Variegation
augmented_Leaf Variegation0972.jpg,135.872203125,149.68219375,92.4328171875,44.48574361275185,0.128059375,Leaf Variegation
augmented_Leaf Variegation0973.jpg,135.872203125,149.68219375,92.4328171875,44.48574361275185,0.128059375,Leaf Variegation
augmented_Leaf Variegation0974.jpg,132.912753125,145.5657171875,94.307834375,52.06672797676124,0.359815625,Leaf Variegation
augmented_Leaf Variegation0975.jpg,132.894053125,145.548821875,94.2837671875,52.01227743850746,0.3591328125,Leaf Variegation
augmented_Leaf Variegation0976.jpg,135.8761328125,149.6816640625,92.4217875,44.540101725411446,0.128284375,Leaf Variegation
augmented_Leaf Variegation0977.jpg,135.8761328125,149.6816640625,92.4217875,44.540101725411446,0.128284375,Leaf Variegation
augmented_Leaf Variegation0978.jpg,147.0495734375,162.087134375,108.3303609375,55.01264501597698,0.1258484375,Leaf Variegation
augmented_Leaf Variegation0979.jpg,148.175440625,163.303159375,109.823009375,55.708932638408115,0.1259390625,Leaf Variegation
augmented_Leaf Variegation0980.jpg,156.179384375,171.45351875,119.2795625,59.86391732466923,0.1265984375,Leaf Variegation
augmented_Leaf Variegation0981.jpg,146.391778125,159.2893625,105.1108625,56.37295687313468,0.1291234375,Leaf Variegation
augmented_Leaf Variegation0982.jpg,146.391778125,159.2893625,105.1108625,56.37295687313468,0.1291234375,Leaf Variegation
augmented_Leaf Variegation0983.jpg,146.391778125,159.2893625,105.1108625,56.37295687313468,0.1291234375,Leaf Variegation
augmented_Leaf Variegation0984.jpg,134.902990625,148.7955578125,91.40414375,44.52083977871211,0.1242296875,Leaf Variegation
augmented_Leaf Variegation0985.jpg,134.918578125,148.776025,91.4307875,44.47384121390271,0.1236671875,Leaf Variegation
augmented_Leaf Variegation0986.jpg,134.9107015625,148.7796046875,91.4253703125,44.4392103549033,0.122890625,Leaf Variegation
augmented_Leaf Variegation0987.jpg,134.92856875,148.78950625,91.428,44.47188978907936,0.122078125,Leaf Variegation
augmented_Leaf Variegation0988.jpg,231.7895859375,248.7133921875,199.7625796875,19.992953374732704,0.0538640625,Leaf Variegation
augmented_Leaf Variegation0989.jpg,169.9032296875,194.359759375,134.926725,27.530644348741856,0.108703125,Leaf Variegation
augmented_Leaf Variegation0990.jpg,169.9032296875,194.359759375,134.926725,27.530644348741856,0.108703125,Leaf Variegation
augmented_Leaf Variegation0991.jpg,166.5174109375,189.2068140625,136.23039375,43.76415254966746,0.3647609375,Leaf Variegation
augmented_Leaf Variegation0992.jpg,169.89806875,194.3557765625,134.941709375,27.6712583537708,0.1104625,Leaf Variegation
augmented_Leaf Variegation0993.jpg,169.89806875,194.3557765625,134.941709375,27.6712583537708,0.1104625,Leaf Variegation
augmented_Leaf Variegation0994.jpg,169.89806875,194.3557765625,134.941709375,27.6712583537708,0.1104625,Leaf Variegation
augmented_Leaf Variegation0995.jpg,178.847746875,199.912109375,146.5497734375,35.32017363236329,0.0975921875,Leaf Variegation
augmented_Leaf Variegation0996.jpg,174.742321875,197.4087515625,141.309628125,32.22042575239525,0.0996203125,Leaf Variegation
augmented_Leaf Variegation0997.jpg,189.580278125,207.636434375,160.9266765625,40.48164504601246,0.091965625,Leaf Variegation
augmented_Leaf Variegation0998.jpg,178.131728125,200.3255875,148.2430484375,33.26830179048009,0.107803125,Leaf Variegation
augmented_Leaf Variegation0999.jpg,178.131728125,200.3255875,148.2430484375,33.26830179048009,0.107803125,Leaf Variegation
augmented_Leaf Variegation1000.jpg,168.929684375,193.401215625,133.94910625,27.564641857139033,0.108528125,Leaf Variegation
